#
# A fatal error has been detected by the Java Runtime Environment:
#
#  SIGSEGV (0xb) at pc=0x00007febe00d70db, pid=50388, tid=54677
#
# JRE version: OpenJDK Runtime Environment (21.0.8+9) (build 21.0.8+9-Ubuntu-0ubuntu124.04.1)
# Java VM: OpenJDK 64-Bit Server VM (21.0.8+9-Ubuntu-0ubuntu124.04.1, mixed mode, sharing, tiered, compressed oops, compressed class ptrs, g1 gc, linux-amd64)
# Problematic frame:
# C  [libpipewire-0.3.so.0+0x470db]
#
# Core dump will be written. Default location: Core dumps may be processed with "/usr/share/apport/apport -p%p -s%s -c%c -d%d -P%P -u%u -g%g -F%F -- %E" (or dumping to /mnt/storage/Downloads/chickenEgg1/core.50388)
#
# If you would like to submit a bug report, please visit:
#   https://bugs.launchpad.net/ubuntu/+source/openjdk-21
#

---------------  S U M M A R Y ------------

Command Line: -javaagent:/snap/intellij-idea-ultimate/682/lib/idea_rt.jar=37229 -Dfile.encoding=UTF-8 -Dsun.stdout.encoding=UTF-8 -Dsun.stderr.encoding=UTF-8 chickenEggs.chickenEggsGame

Host: Intel(R) Core(TM) i5-8250U CPU @ 1.60GHz, 8 cores, 7G, Ubuntu 24.04.3 LTS
Time: Wed Oct 29 15:39:09 2025 EEST elapsed time: 57.326381 seconds (0d 0h 0m 57s)

---------------  T H R E A D  ---------------

Current thread is native thread

Stack: [0x00007fea648b3000,0x00007fea650b3000],  sp=0x00007fea650b1a40,  free space=8186k
Native frames: (J=compiled Java code, j=interpreted, Vv=VM code, C=native code)
C  [libpipewire-0.3.so.0+0x470db]
C  [libpipewire-module-protocol-native.so+0x1fd32]
C  [libpipewire-module-protocol-native.so+0x15ee1]
C  [libpipewire-module-protocol-native.so+0x166c8]
C  [libspa-support.so+0x8d16]
C  [libpipewire-0.3.so.0+0x91c67]
C  [libc.so.6+0x9caa4]

siginfo: si_signo: 11 (SIGSEGV), si_code: 1 (SEGV_MAPERR), si_addr: 0x0000000000000008

Registers:
RAX=0x0000000000000000, RBX=0x0000000000000003, RCX=0x00000000ffffffff, RDX=0x0000000000000000
RSP=0x00007fea650b1a40, RBP=0x00007fea650b1a70, RSI=0x0000000000000000, RDI=0x00007fea9d527d10
R8 =0x0000000000000003, R9 =0x00007febe00d7080, R10=0x0000000000000048, R11=0x0000000000000007
R12=0x00007fea9d520090, R13=0x0000000000000000, R14=0x00000000ffffffff, R15=0x0000000000000002
RIP=0x00007febe00d70db, EFLAGS=0x0000000000010246, CSGSFS=0x002b000000000033, ERR=0x0000000000000004
  TRAPNO=0x000000000000000e

XMM[0]=0x0000000000000000 0x0000000000000000
XMM[1]=0x0000000000000000 0x0000000000000000
XMM[2]=0x00007fea9d539548 0x0000000600000000
XMM[3]=0x00007fea9d527e68 0x0000000000000048
XMM[4]=0x0000000000000000 0x00007feb64000090
XMM[5]=0xffffffffffff00ff 0xffffffffffffffff
XMM[6]=0x0000000000000000 0x0000000000000000
XMM[7]=0x6e3c203d20656d61 0x6e2e617461646174
XMM[8]=0x616e652e6c617472 0x6f70747220282029
XMM[9]=0x00007fea9d507510 0x00007fea9d507510
XMM[10]=0x00007fea9d507500 0x00007fea9d507500
XMM[11]=0x00007fea9d5074f0 0x00007fea9d5074f0
XMM[12]=0x00007fea9d5074e0 0x00007fea9d5074e0
XMM[13]=0x00007fea9d5074d0 0x00007fea9d5074d0
XMM[14]=0x00007fea9d5074c0 0x00007fea9d5074c0
XMM[15]=0x0000000000000000 0x0000000000000000
  MXCSR=0x00001fa2


Top of Stack: (sp=0x00007fea650b1a40)
0x00007fea650b1a40:   00007fea9d527d70 00000000ffffffff
0x00007fea650b1a50:   00007fea9d5200e8 0000000000000001
0x00007fea650b1a60:   00007fea9d527d70 0000000000000001
0x00007fea650b1a70:   00007fea650b1b20 00007febe0061d32
0x00007fea650b1a80:   00007fea650b1b20 00000003e0060dce
0x00007fea650b1a90:   0000000000000002 ffffffffffffffff
0x00007fea650b1aa0:   00007fea9d539548 0000000000000048
0x00007fea650b1ab0:   0000000000000048 0000000000000000
0x00007fea650b1ac0:   00007fea9d4fd0a8 00007fea9d520130
0x00007fea650b1ad0:   0000000000000000 0000000000000000
0x00007fea650b1ae0:   0000000000000000 0000000000000000
0x00007fea650b1af0:   0000000000000000 a8685608e0fcf900
0x00007fea650b1b00:   00007fea9d527e30 00007fea9d520090
0x00007fea650b1b10:   00007fea9d527e30 00007fea9d520090
0x00007fea650b1b20:   00007fea650b1b80 00007febe0057ee1
0x00007fea650b1b30:   0000000000000000 00007fea650b1b40
0x00007fea650b1b40:   00007fea9d531f78 a8685608e0fcf900
0x00007fea650b1b50:   00007fea9d532040 00007fea9d520090
0x00007fea650b1b60:   00007fea9d507840 00007fea9d527d70
0x00007fea650b1b70:   0000000000000d8d 0000000000000001
0x00007fea650b1b80:   00007fea650b1c20 00007febe00586c8
0x00007fea650b1b90:   0000000000000000 00007fea9d527e30
0x00007fea650b1ba0:   0000000000000000 0000000000000008
0x00007fea650b1bb0:   00007fea00000004 0000000000000008
0x00007fea650b1bc0:   00007fea650b1bd0 00007fea9d505660
0x00007fea650b1bd0:   00007fea650b1c20 00007febfcfe5437
0x00007fea650b1be0:   0000000000000000 a8685608e0fcf900
0x00007fea650b1bf0:   0000000000000001 00007fea650b1c58
0x00007fea650b1c00:   00007fea650b1c58 00007fea650b1c68
0x00007fea650b1c10:   0000000000000001 00007fea9d514390
0x00007fea650b1c20:   00007fea650b1e90 00007febfcfe6d16
0x00007fea650b1c30:   0000000000000000 0000000000000000 

Instructions: (pc=0x00007febe00d70db)
0x00007febe00d6fdb:   49 8b 84 24 08 01 00 00 89 de 48 c1 e8 03 48 39
0x00007febe00d6feb:   c6 73 32 49 8b 84 24 00 01 00 00 48 8b 3c f0 40
0x00007febe00d6ffb:   f6 c7 01 75 20 48 85 ff 74 1b 48 8d 65 e8 44 89
0x00007febe00d700b:   ee 5b 41 5c 41 5d 5d e9 99 55 03 00 66 0f 1f 84
0x00007febe00d701b:   00 00 00 00 00 48 8d 65 e8 5b 41 5c 41 5d 5d c3
0x00007febe00d702b:   0f 1f 44 00 00 48 8b 05 81 6f 09 00 83 38 03 76
0x00007febe00d703b:   9f 48 83 ec 08 4c 8d 0d 7f 39 05 00 31 c0 b9 47
0x00007febe00d704b:   00 00 00 41 55 4c 8d 05 b9 fa 05 00 48 8d 15 26
0x00007febe00d705b:   39 05 00 bf 04 00 00 00 53 48 8d 35 e5 6f 09 00
0x00007febe00d706b:   41 54 e8 fe bf 01 00 48 83 c4 20 e9 60 ff ff ff
0x00007febe00d707b:   0f 1f 44 00 00 f3 0f 1e fa 55 48 89 e5 41 57 41
0x00007febe00d708b:   89 d7 41 56 41 89 ce 41 55 41 89 f5 41 54 49 89
0x00007febe00d709b:   fc 53 44 89 c3 48 83 ec 08 80 3d b9 6f 09 00 00
0x00007febe00d70ab:   0f 84 9f 00 00 00 31 c0 83 3d a6 6f 09 00 03 0f
0x00007febe00d70bb:   97 c0 48 85 c0 0f 85 b1 00 00 00 49 8b bc 24 98
0x00007febe00d70cb:   00 00 00 89 de 44 89 f1 44 89 fa e8 95 d9 01 00
0x00007febe00d70db:   44 8b 40 08 48 89 c3 45 39 e8 74 59 80 3d 76 6f
0x00007febe00d70eb:   09 00 00 75 78 48 8b 05 c1 6e 09 00 8b 00 85 c0
0x00007febe00d70fb:   0f 95 c0 0f b6 c0 48 85 c0 0f 85 b0 00 00 00 31
0x00007febe00d710b:   c0 44 89 e9 48 8d 15 5a 9f 05 00 4c 89 e7 be ea
0x00007febe00d711b:   ff ff ff e8 6d 2b 03 00 83 6b 0c 01 75 17 48 8d
0x00007febe00d712b:   65 d8 48 89 df 5b 41 5c 41 5d 41 5e 41 5f 5d e9
0x00007febe00d713b:   21 de 01 00 90 48 8d 65 d8 5b 41 5c 41 5d 41 5e
0x00007febe00d714b:   41 5f 5d c3 90 48 8b 05 61 6e 09 00 83 38 03 0f
0x00007febe00d715b:   97 c0 0f b6 c0 e9 58 ff ff ff 0f 1f 00 8b 15 f2
0x00007febe00d716b:   6e 09 00 31 c0 85 d2 0f 95 c0 eb 8a 48 83 ec 08
0x00007febe00d717b:   4c 8d 0d 96 9e 05 00 31 c0 b9 51 00 00 00 53 4c
0x00007febe00d718b:   8d 05 5f f9 05 00 48 8d 15 ec 37 05 00 bf 04 00
0x00007febe00d719b:   00 00 41 56 48 8d 35 aa 6e 09 00 41 57 41 55 41
0x00007febe00d71ab:   54 e8 bf be 01 00 48 83 c4 30 e9 0c ff ff ff 41
0x00007febe00d71bb:   50 4c 8d 0d 7d 9e 05 00 b9 55 00 00 00 31 c0 41
0x00007febe00d71cb:   56 4c 8d 05 1d f9 05 00 48 8d 15 aa 37 05 00 bf 



---------------  P R O C E S S  ---------------

VM state: not at safepoint (normal execution)

VM Mutex/Monitor currently owned by a thread: None

Heap address: 0x0000000085a00000, size: 1958 MB, Compressed Oops mode: 32-bit

CDS archive(s) mapped at: [0x00007fec4f000000-0x00007fec4fca0000-0x00007fec4fca0000), size 13238272, SharedBaseAddress: 0x00007fec4f000000, ArchiveRelocationMode: 1.
Compressed class space mapped at: 0x00007fec50000000-0x00007fec90000000, reserved size: 1073741824
Narrow klass base: 0x00007fec4f000000, Narrow klass shift: 0, Narrow klass range: 0x100000000

GC Precious Log:
<Skipped>

Heap:
 garbage-first heap   total 161792K, used 74995K [0x0000000085a00000, 0x0000000100000000)
  region size 1024K, 63 young (64512K), 12 survivors (12288K)
 Metaspace       used 17821K, committed 18112K, reserved 1114112K
  class space    used 1492K, committed 1600K, reserved 1048576K

Heap Regions: E=young(eden), S=young(survivor), O=old, HS=humongous(starts), HC=humongous(continues), CS=collection set, F=free, TAMS=top-at-mark-start, PB=parsable bottom
|   0|0x0000000085a00000, 0x0000000085b00000, 0x0000000085b00000|100%|HS|  |TAMS 0x0000000085a00000| PB 0x0000000085a00000| Complete 
|   1|0x0000000085b00000, 0x0000000085c00000, 0x0000000085c00000|100%| O|  |TAMS 0x0000000085b00000| PB 0x0000000085b00000| Untracked 
|   2|0x0000000085c00000, 0x0000000085d00000, 0x0000000085d00000|100%| S|CS|TAMS 0x0000000085c00000| PB 0x0000000085c00000| Complete 
|   3|0x0000000085d00000, 0x0000000085e00000, 0x0000000085e00000|100%| O|  |TAMS 0x0000000085d00000| PB 0x0000000085d00000| Untracked 
|   4|0x0000000085e00000, 0x0000000085f00000, 0x0000000085f00000|100%| O|  |TAMS 0x0000000085e00000| PB 0x0000000085e00000| Untracked 
|   5|0x0000000085f00000, 0x0000000086000000, 0x0000000086000000|100%| O|  |TAMS 0x0000000085f00000| PB 0x0000000085f00000| Untracked 
|   6|0x0000000086000000, 0x0000000086100000, 0x0000000086100000|100%| O|  |TAMS 0x0000000086000000| PB 0x0000000086000000| Untracked 
|   7|0x0000000086100000, 0x0000000086100000, 0x0000000086200000|  0%| F|  |TAMS 0x0000000086100000| PB 0x0000000086100000| Untracked 
|   8|0x0000000086200000, 0x0000000086200000, 0x0000000086300000|  0%| F|  |TAMS 0x0000000086200000| PB 0x0000000086200000| Untracked 
|   9|0x0000000086300000, 0x0000000086300000, 0x0000000086400000|  0%| F|  |TAMS 0x0000000086300000| PB 0x0000000086300000| Untracked 
|  10|0x0000000086400000, 0x0000000086400000, 0x0000000086500000|  0%| F|  |TAMS 0x0000000086400000| PB 0x0000000086400000| Untracked 
|  11|0x0000000086500000, 0x0000000086500000, 0x0000000086600000|  0%| F|  |TAMS 0x0000000086500000| PB 0x0000000086500000| Untracked 
|  12|0x0000000086600000, 0x0000000086600000, 0x0000000086700000|  0%| F|  |TAMS 0x0000000086600000| PB 0x0000000086600000| Untracked 
|  13|0x0000000086700000, 0x0000000086700000, 0x0000000086800000|  0%| F|  |TAMS 0x0000000086700000| PB 0x0000000086700000| Untracked 
|  14|0x0000000086800000, 0x0000000086800000, 0x0000000086900000|  0%| F|  |TAMS 0x0000000086800000| PB 0x0000000086800000| Untracked 
|  15|0x0000000086900000, 0x0000000086900000, 0x0000000086a00000|  0%| F|  |TAMS 0x0000000086900000| PB 0x0000000086900000| Untracked 
|  16|0x0000000086a00000, 0x0000000086a00000, 0x0000000086b00000|  0%| F|  |TAMS 0x0000000086a00000| PB 0x0000000086a00000| Untracked 
|  17|0x0000000086b00000, 0x0000000086b00000, 0x0000000086c00000|  0%| F|  |TAMS 0x0000000086b00000| PB 0x0000000086b00000| Untracked 
|  18|0x0000000086c00000, 0x0000000086c00000, 0x0000000086d00000|  0%| F|  |TAMS 0x0000000086c00000| PB 0x0000000086c00000| Untracked 
|  19|0x0000000086d00000, 0x0000000086d00000, 0x0000000086e00000|  0%| F|  |TAMS 0x0000000086d00000| PB 0x0000000086d00000| Untracked 
|  20|0x0000000086e00000, 0x0000000086e00000, 0x0000000086f00000|  0%| F|  |TAMS 0x0000000086e00000| PB 0x0000000086e00000| Untracked 
|  21|0x0000000086f00000, 0x0000000086f00000, 0x0000000087000000|  0%| F|  |TAMS 0x0000000086f00000| PB 0x0000000086f00000| Untracked 
|  22|0x0000000087000000, 0x0000000087000000, 0x0000000087100000|  0%| F|  |TAMS 0x0000000087000000| PB 0x0000000087000000| Untracked 
|  23|0x0000000087100000, 0x0000000087100000, 0x0000000087200000|  0%| F|  |TAMS 0x0000000087100000| PB 0x0000000087100000| Untracked 
|  24|0x0000000087200000, 0x0000000087200000, 0x0000000087300000|  0%| F|  |TAMS 0x0000000087200000| PB 0x0000000087200000| Untracked 
|  25|0x0000000087300000, 0x0000000087300000, 0x0000000087400000|  0%| F|  |TAMS 0x0000000087300000| PB 0x0000000087300000| Untracked 
|  26|0x0000000087400000, 0x0000000087400000, 0x0000000087500000|  0%| F|  |TAMS 0x0000000087400000| PB 0x0000000087400000| Untracked 
|  27|0x0000000087500000, 0x0000000087500000, 0x0000000087600000|  0%| F|  |TAMS 0x0000000087500000| PB 0x0000000087500000| Untracked 
|  28|0x0000000087600000, 0x0000000087600000, 0x0000000087700000|  0%| F|  |TAMS 0x0000000087600000| PB 0x0000000087600000| Untracked 
|  29|0x0000000087700000, 0x0000000087700000, 0x0000000087800000|  0%| F|  |TAMS 0x0000000087700000| PB 0x0000000087700000| Untracked 
|  30|0x0000000087800000, 0x0000000087800000, 0x0000000087900000|  0%| F|  |TAMS 0x0000000087800000| PB 0x0000000087800000| Untracked 
|  31|0x0000000087900000, 0x0000000087900000, 0x0000000087a00000|  0%| F|  |TAMS 0x0000000087900000| PB 0x0000000087900000| Untracked 
|  32|0x0000000087a00000, 0x0000000087a00000, 0x0000000087b00000|  0%| F|  |TAMS 0x0000000087a00000| PB 0x0000000087a00000| Untracked 
|  33|0x0000000087b00000, 0x0000000087b00000, 0x0000000087c00000|  0%| F|  |TAMS 0x0000000087b00000| PB 0x0000000087b00000| Untracked 
|  34|0x0000000087c00000, 0x0000000087c00000, 0x0000000087d00000|  0%| F|  |TAMS 0x0000000087c00000| PB 0x0000000087c00000| Untracked 
|  35|0x0000000087d00000, 0x0000000087d00000, 0x0000000087e00000|  0%| F|  |TAMS 0x0000000087d00000| PB 0x0000000087d00000| Untracked 
|  36|0x0000000087e00000, 0x0000000087e00000, 0x0000000087f00000|  0%| F|  |TAMS 0x0000000087e00000| PB 0x0000000087e00000| Untracked 
|  37|0x0000000087f00000, 0x0000000087f00000, 0x0000000088000000|  0%| F|  |TAMS 0x0000000087f00000| PB 0x0000000087f00000| Untracked 
|  38|0x0000000088000000, 0x0000000088100000, 0x0000000088100000|100%|HS|  |TAMS 0x0000000088000000| PB 0x0000000088000000| Complete 
|  39|0x0000000088100000, 0x0000000088200000, 0x0000000088200000|100%|HC|  |TAMS 0x0000000088100000| PB 0x0000000088100000| Complete 
|  40|0x0000000088200000, 0x0000000088300000, 0x0000000088300000|100%| S|CS|TAMS 0x0000000088200000| PB 0x0000000088200000| Complete 
|  41|0x0000000088300000, 0x0000000088400000, 0x0000000088400000|100%| S|CS|TAMS 0x0000000088300000| PB 0x0000000088300000| Complete 
|  42|0x0000000088400000, 0x0000000088500000, 0x0000000088500000|100%| S|CS|TAMS 0x0000000088400000| PB 0x0000000088400000| Complete 
|  43|0x0000000088500000, 0x0000000088600000, 0x0000000088600000|100%| S|CS|TAMS 0x0000000088500000| PB 0x0000000088500000| Complete 
|  44|0x0000000088600000, 0x0000000088700000, 0x0000000088700000|100%| S|CS|TAMS 0x0000000088600000| PB 0x0000000088600000| Complete 
|  45|0x0000000088700000, 0x0000000088800000, 0x0000000088800000|100%| S|CS|TAMS 0x0000000088700000| PB 0x0000000088700000| Complete 
|  46|0x0000000088800000, 0x0000000088900000, 0x0000000088900000|100%| S|CS|TAMS 0x0000000088800000| PB 0x0000000088800000| Complete 
|  47|0x0000000088900000, 0x0000000088a00000, 0x0000000088a00000|100%| S|CS|TAMS 0x0000000088900000| PB 0x0000000088900000| Complete 
|  48|0x0000000088a00000, 0x0000000088b00000, 0x0000000088b00000|100%| S|CS|TAMS 0x0000000088a00000| PB 0x0000000088a00000| Complete 
|  49|0x0000000088b00000, 0x0000000088c00000, 0x0000000088c00000|100%| S|CS|TAMS 0x0000000088b00000| PB 0x0000000088b00000| Complete 
|  50|0x0000000088c00000, 0x0000000088c00000, 0x0000000088d00000|  0%| F|  |TAMS 0x0000000088c00000| PB 0x0000000088c00000| Untracked 
|  51|0x0000000088d00000, 0x0000000088d00000, 0x0000000088e00000|  0%| F|  |TAMS 0x0000000088d00000| PB 0x0000000088d00000| Untracked 
|  52|0x0000000088e00000, 0x0000000088e00000, 0x0000000088f00000|  0%| F|  |TAMS 0x0000000088e00000| PB 0x0000000088e00000| Untracked 
|  53|0x0000000088f00000, 0x0000000088f00000, 0x0000000089000000|  0%| F|  |TAMS 0x0000000088f00000| PB 0x0000000088f00000| Untracked 
|  54|0x0000000089000000, 0x0000000089000000, 0x0000000089100000|  0%| F|  |TAMS 0x0000000089000000| PB 0x0000000089000000| Untracked 
|  55|0x0000000089100000, 0x0000000089100000, 0x0000000089200000|  0%| F|  |TAMS 0x0000000089100000| PB 0x0000000089100000| Untracked 
|  56|0x0000000089200000, 0x0000000089200000, 0x0000000089300000|  0%| F|  |TAMS 0x0000000089200000| PB 0x0000000089200000| Untracked 
|  57|0x0000000089300000, 0x0000000089300000, 0x0000000089400000|  0%| F|  |TAMS 0x0000000089300000| PB 0x0000000089300000| Untracked 
|  58|0x0000000089400000, 0x0000000089400000, 0x0000000089500000|  0%| F|  |TAMS 0x0000000089400000| PB 0x0000000089400000| Untracked 
|  59|0x0000000089500000, 0x0000000089600000, 0x0000000089600000|100%| S|CS|TAMS 0x0000000089500000| PB 0x0000000089500000| Complete 
|  60|0x0000000089600000, 0x0000000089600000, 0x0000000089700000|  0%| F|  |TAMS 0x0000000089600000| PB 0x0000000089600000| Untracked 
|  61|0x0000000089700000, 0x0000000089700000, 0x0000000089800000|  0%| F|  |TAMS 0x0000000089700000| PB 0x0000000089700000| Untracked 
|  62|0x0000000089800000, 0x0000000089800000, 0x0000000089900000|  0%| F|  |TAMS 0x0000000089800000| PB 0x0000000089800000| Untracked 
|  63|0x0000000089900000, 0x0000000089900000, 0x0000000089a00000|  0%| F|  |TAMS 0x0000000089900000| PB 0x0000000089900000| Untracked 
|  64|0x0000000089a00000, 0x0000000089a00000, 0x0000000089b00000|  0%| F|  |TAMS 0x0000000089a00000| PB 0x0000000089a00000| Untracked 
|  65|0x0000000089b00000, 0x0000000089b00000, 0x0000000089c00000|  0%| F|  |TAMS 0x0000000089b00000| PB 0x0000000089b00000| Untracked 
|  66|0x0000000089c00000, 0x0000000089c00000, 0x0000000089d00000|  0%| F|  |TAMS 0x0000000089c00000| PB 0x0000000089c00000| Untracked 
|  67|0x0000000089d00000, 0x0000000089d00000, 0x0000000089e00000|  0%| F|  |TAMS 0x0000000089d00000| PB 0x0000000089d00000| Untracked 
|  68|0x0000000089e00000, 0x0000000089e00000, 0x0000000089f00000|  0%| F|  |TAMS 0x0000000089e00000| PB 0x0000000089e00000| Untracked 
|  69|0x0000000089f00000, 0x0000000089f00000, 0x000000008a000000|  0%| F|  |TAMS 0x0000000089f00000| PB 0x0000000089f00000| Untracked 
|  70|0x000000008a000000, 0x000000008a000000, 0x000000008a100000|  0%| F|  |TAMS 0x000000008a000000| PB 0x000000008a000000| Untracked 
|  71|0x000000008a100000, 0x000000008a100000, 0x000000008a200000|  0%| F|  |TAMS 0x000000008a100000| PB 0x000000008a100000| Untracked 
|  72|0x000000008a200000, 0x000000008a200000, 0x000000008a300000|  0%| F|  |TAMS 0x000000008a200000| PB 0x000000008a200000| Untracked 
|  73|0x000000008a300000, 0x000000008a300000, 0x000000008a400000|  0%| F|  |TAMS 0x000000008a300000| PB 0x000000008a300000| Untracked 
|  74|0x000000008a400000, 0x000000008a400000, 0x000000008a500000|  0%| F|  |TAMS 0x000000008a400000| PB 0x000000008a400000| Untracked 
|  75|0x000000008a500000, 0x000000008a500000, 0x000000008a600000|  0%| F|  |TAMS 0x000000008a500000| PB 0x000000008a500000| Untracked 
|  76|0x000000008a600000, 0x000000008a600000, 0x000000008a700000|  0%| F|  |TAMS 0x000000008a600000| PB 0x000000008a600000| Untracked 
|  77|0x000000008a700000, 0x000000008a700000, 0x000000008a800000|  0%| F|  |TAMS 0x000000008a700000| PB 0x000000008a700000| Untracked 
|  78|0x000000008a800000, 0x000000008a800000, 0x000000008a900000|  0%| F|  |TAMS 0x000000008a800000| PB 0x000000008a800000| Untracked 
|  79|0x000000008a900000, 0x000000008a900000, 0x000000008aa00000|  0%| F|  |TAMS 0x000000008a900000| PB 0x000000008a900000| Untracked 
|  80|0x000000008aa00000, 0x000000008aa00000, 0x000000008ab00000|  0%| F|  |TAMS 0x000000008aa00000| PB 0x000000008aa00000| Untracked 
|  81|0x000000008ab00000, 0x000000008ab00000, 0x000000008ac00000|  0%| F|  |TAMS 0x000000008ab00000| PB 0x000000008ab00000| Untracked 
|  82|0x000000008ac00000, 0x000000008ac00000, 0x000000008ad00000|  0%| F|  |TAMS 0x000000008ac00000| PB 0x000000008ac00000| Untracked 
|  83|0x000000008ad00000, 0x000000008ad00000, 0x000000008ae00000|  0%| F|  |TAMS 0x000000008ad00000| PB 0x000000008ad00000| Untracked 
|  84|0x000000008ae00000, 0x000000008ae00000, 0x000000008af00000|  0%| F|  |TAMS 0x000000008ae00000| PB 0x000000008ae00000| Untracked 
|  85|0x000000008af00000, 0x000000008af00000, 0x000000008b000000|  0%| F|  |TAMS 0x000000008af00000| PB 0x000000008af00000| Untracked 
|  86|0x000000008b000000, 0x000000008b000000, 0x000000008b100000|  0%| F|  |TAMS 0x000000008b000000| PB 0x000000008b000000| Untracked 
|  87|0x000000008b100000, 0x000000008b100000, 0x000000008b200000|  0%| F|  |TAMS 0x000000008b100000| PB 0x000000008b100000| Untracked 
|  88|0x000000008b200000, 0x000000008b200000, 0x000000008b300000|  0%| F|  |TAMS 0x000000008b200000| PB 0x000000008b200000| Untracked 
|  89|0x000000008b300000, 0x000000008b300000, 0x000000008b400000|  0%| F|  |TAMS 0x000000008b300000| PB 0x000000008b300000| Untracked 
|  90|0x000000008b400000, 0x000000008b400000, 0x000000008b500000|  0%| F|  |TAMS 0x000000008b400000| PB 0x000000008b400000| Untracked 
|  91|0x000000008b500000, 0x000000008b500000, 0x000000008b600000|  0%| F|  |TAMS 0x000000008b500000| PB 0x000000008b500000| Untracked 
|  92|0x000000008b600000, 0x000000008b600000, 0x000000008b700000|  0%| F|  |TAMS 0x000000008b600000| PB 0x000000008b600000| Untracked 
|  93|0x000000008b700000, 0x000000008b700000, 0x000000008b800000|  0%| F|  |TAMS 0x000000008b700000| PB 0x000000008b700000| Untracked 
|  94|0x000000008b800000, 0x000000008b800000, 0x000000008b900000|  0%| F|  |TAMS 0x000000008b800000| PB 0x000000008b800000| Untracked 
|  95|0x000000008b900000, 0x000000008b900000, 0x000000008ba00000|  0%| F|  |TAMS 0x000000008b900000| PB 0x000000008b900000| Untracked 
|  96|0x000000008ba00000, 0x000000008ba00000, 0x000000008bb00000|  0%| F|  |TAMS 0x000000008ba00000| PB 0x000000008ba00000| Untracked 
|  97|0x000000008bb00000, 0x000000008bb00000, 0x000000008bc00000|  0%| F|  |TAMS 0x000000008bb00000| PB 0x000000008bb00000| Untracked 
|  98|0x000000008bc00000, 0x000000008bc00000, 0x000000008bd00000|  0%| F|  |TAMS 0x000000008bc00000| PB 0x000000008bc00000| Untracked 
|  99|0x000000008bd00000, 0x000000008bd00000, 0x000000008be00000|  0%| F|  |TAMS 0x000000008bd00000| PB 0x000000008bd00000| Untracked 
| 100|0x000000008be00000, 0x000000008be00000, 0x000000008bf00000|  0%| F|  |TAMS 0x000000008be00000| PB 0x000000008be00000| Untracked 
| 101|0x000000008bf00000, 0x000000008bf00000, 0x000000008c000000|  0%| F|  |TAMS 0x000000008bf00000| PB 0x000000008bf00000| Untracked 
| 102|0x000000008c000000, 0x000000008c056e08, 0x000000008c100000| 33%| E|  |TAMS 0x000000008c000000| PB 0x000000008c000000| Complete 
| 103|0x000000008c100000, 0x000000008c1cbc00, 0x000000008c200000| 79%| E|  |TAMS 0x000000008c100000| PB 0x000000008c100000| Complete 
| 104|0x000000008c200000, 0x000000008c300000, 0x000000008c300000|100%| E|CS|TAMS 0x000000008c200000| PB 0x000000008c200000| Complete 
| 105|0x000000008c300000, 0x000000008c400000, 0x000000008c400000|100%| E|CS|TAMS 0x000000008c300000| PB 0x000000008c300000| Complete 
| 106|0x000000008c400000, 0x000000008c500000, 0x000000008c500000|100%| E|CS|TAMS 0x000000008c400000| PB 0x000000008c400000| Complete 
| 107|0x000000008c500000, 0x000000008c600000, 0x000000008c600000|100%| E|CS|TAMS 0x000000008c500000| PB 0x000000008c500000| Complete 
| 108|0x000000008c600000, 0x000000008c700000, 0x000000008c700000|100%| E|CS|TAMS 0x000000008c600000| PB 0x000000008c600000| Complete 
| 109|0x000000008c700000, 0x000000008c800000, 0x000000008c800000|100%| E|CS|TAMS 0x000000008c700000| PB 0x000000008c700000| Complete 
| 110|0x000000008c800000, 0x000000008c900000, 0x000000008c900000|100%| E|CS|TAMS 0x000000008c800000| PB 0x000000008c800000| Complete 
| 111|0x000000008c900000, 0x000000008ca00000, 0x000000008ca00000|100%| E|CS|TAMS 0x000000008c900000| PB 0x000000008c900000| Complete 
| 112|0x000000008ca00000, 0x000000008cb00000, 0x000000008cb00000|100%| E|CS|TAMS 0x000000008ca00000| PB 0x000000008ca00000| Complete 
| 113|0x000000008cb00000, 0x000000008cc00000, 0x000000008cc00000|100%| E|CS|TAMS 0x000000008cb00000| PB 0x000000008cb00000| Complete 
| 114|0x000000008cc00000, 0x000000008cd00000, 0x000000008cd00000|100%| E|CS|TAMS 0x000000008cc00000| PB 0x000000008cc00000| Complete 
| 115|0x000000008cd00000, 0x000000008ce00000, 0x000000008ce00000|100%| E|CS|TAMS 0x000000008cd00000| PB 0x000000008cd00000| Complete 
| 116|0x000000008ce00000, 0x000000008cf00000, 0x000000008cf00000|100%| E|CS|TAMS 0x000000008ce00000| PB 0x000000008ce00000| Complete 
| 117|0x000000008cf00000, 0x000000008d000000, 0x000000008d000000|100%| E|CS|TAMS 0x000000008cf00000| PB 0x000000008cf00000| Complete 
| 118|0x000000008d000000, 0x000000008d100000, 0x000000008d100000|100%| E|CS|TAMS 0x000000008d000000| PB 0x000000008d000000| Complete 
| 119|0x000000008d100000, 0x000000008d200000, 0x000000008d200000|100%| E|CS|TAMS 0x000000008d100000| PB 0x000000008d100000| Complete 
| 120|0x000000008d200000, 0x000000008d300000, 0x000000008d300000|100%| E|CS|TAMS 0x000000008d200000| PB 0x000000008d200000| Complete 
| 121|0x000000008d300000, 0x000000008d400000, 0x000000008d400000|100%| E|CS|TAMS 0x000000008d300000| PB 0x000000008d300000| Complete 
| 122|0x000000008d400000, 0x000000008d500000, 0x000000008d500000|100%| E|CS|TAMS 0x000000008d400000| PB 0x000000008d400000| Complete 
| 123|0x000000008d500000, 0x000000008d600000, 0x000000008d600000|100%| E|CS|TAMS 0x000000008d500000| PB 0x000000008d500000| Complete 
| 124|0x000000008d600000, 0x000000008d700000, 0x000000008d700000|100%| E|CS|TAMS 0x000000008d600000| PB 0x000000008d600000| Complete 
| 125|0x000000008d700000, 0x000000008d800000, 0x000000008d800000|100%| E|CS|TAMS 0x000000008d700000| PB 0x000000008d700000| Complete 
| 126|0x000000008d800000, 0x000000008d900000, 0x000000008d900000|100%| E|CS|TAMS 0x000000008d800000| PB 0x000000008d800000| Complete 
| 127|0x000000008d900000, 0x000000008da00000, 0x000000008da00000|100%| E|CS|TAMS 0x000000008d900000| PB 0x000000008d900000| Complete 
| 128|0x000000008da00000, 0x000000008db00000, 0x000000008db00000|100%| E|CS|TAMS 0x000000008da00000| PB 0x000000008da00000| Complete 
| 129|0x000000008db00000, 0x000000008dc00000, 0x000000008dc00000|100%| E|CS|TAMS 0x000000008db00000| PB 0x000000008db00000| Complete 
| 130|0x000000008dc00000, 0x000000008dd00000, 0x000000008dd00000|100%| E|CS|TAMS 0x000000008dc00000| PB 0x000000008dc00000| Complete 
| 131|0x000000008dd00000, 0x000000008de00000, 0x000000008de00000|100%| E|CS|TAMS 0x000000008dd00000| PB 0x000000008dd00000| Complete 
| 132|0x000000008de00000, 0x000000008df00000, 0x000000008df00000|100%| E|CS|TAMS 0x000000008de00000| PB 0x000000008de00000| Complete 
| 133|0x000000008df00000, 0x000000008e000000, 0x000000008e000000|100%| E|CS|TAMS 0x000000008df00000| PB 0x000000008df00000| Complete 
| 134|0x000000008e000000, 0x000000008e100000, 0x000000008e100000|100%| E|CS|TAMS 0x000000008e000000| PB 0x000000008e000000| Complete 
| 135|0x000000008e100000, 0x000000008e200000, 0x000000008e200000|100%| E|CS|TAMS 0x000000008e100000| PB 0x000000008e100000| Complete 
| 136|0x000000008e200000, 0x000000008e300000, 0x000000008e300000|100%| E|CS|TAMS 0x000000008e200000| PB 0x000000008e200000| Complete 
| 137|0x000000008e300000, 0x000000008e400000, 0x000000008e400000|100%| E|CS|TAMS 0x000000008e300000| PB 0x000000008e300000| Complete 
| 138|0x000000008e400000, 0x000000008e500000, 0x000000008e500000|100%| E|CS|TAMS 0x000000008e400000| PB 0x000000008e400000| Complete 
| 139|0x000000008e500000, 0x000000008e600000, 0x000000008e600000|100%| E|CS|TAMS 0x000000008e500000| PB 0x000000008e500000| Complete 
| 140|0x000000008e600000, 0x000000008e700000, 0x000000008e700000|100%| E|CS|TAMS 0x000000008e600000| PB 0x000000008e600000| Complete 
| 141|0x000000008e700000, 0x000000008e800000, 0x000000008e800000|100%| E|CS|TAMS 0x000000008e700000| PB 0x000000008e700000| Complete 
| 142|0x000000008e800000, 0x000000008e900000, 0x000000008e900000|100%| E|CS|TAMS 0x000000008e800000| PB 0x000000008e800000| Complete 
| 143|0x000000008e900000, 0x000000008ea00000, 0x000000008ea00000|100%| E|CS|TAMS 0x000000008e900000| PB 0x000000008e900000| Complete 
| 144|0x000000008ea00000, 0x000000008eb00000, 0x000000008eb00000|100%| E|CS|TAMS 0x000000008ea00000| PB 0x000000008ea00000| Complete 
| 145|0x000000008eb00000, 0x000000008ec00000, 0x000000008ec00000|100%| E|CS|TAMS 0x000000008eb00000| PB 0x000000008eb00000| Complete 
| 146|0x000000008ec00000, 0x000000008ed00000, 0x000000008ed00000|100%| E|CS|TAMS 0x000000008ec00000| PB 0x000000008ec00000| Complete 
| 147|0x000000008ed00000, 0x000000008ee00000, 0x000000008ee00000|100%| E|CS|TAMS 0x000000008ed00000| PB 0x000000008ed00000| Complete 
| 148|0x000000008ee00000, 0x000000008ef00000, 0x000000008ef00000|100%| E|CS|TAMS 0x000000008ee00000| PB 0x000000008ee00000| Complete 
| 149|0x000000008ef00000, 0x000000008f000000, 0x000000008f000000|100%| E|CS|TAMS 0x000000008ef00000| PB 0x000000008ef00000| Complete 
| 150|0x000000008f000000, 0x000000008f100000, 0x000000008f100000|100%| E|CS|TAMS 0x000000008f000000| PB 0x000000008f000000| Complete 
| 151|0x000000008f100000, 0x000000008f200000, 0x000000008f200000|100%| E|CS|TAMS 0x000000008f100000| PB 0x000000008f100000| Complete 
| 152|0x000000008f200000, 0x000000008f300000, 0x000000008f300000|100%| E|CS|TAMS 0x000000008f200000| PB 0x000000008f200000| Complete 
|1953|0x00000000ffb00000, 0x00000000ffb0d9b0, 0x00000000ffc00000|  5%| O|  |TAMS 0x00000000ffb00000| PB 0x00000000ffb00000| Untracked 
|1954|0x00000000ffc00000, 0x00000000ffd00000, 0x00000000ffd00000|100%| O|  |TAMS 0x00000000ffc00000| PB 0x00000000ffc00000| Untracked 
|1955|0x00000000ffd00000, 0x00000000ffe00000, 0x00000000ffe00000|100%| O|  |TAMS 0x00000000ffd00000| PB 0x00000000ffd00000| Untracked 
|1956|0x00000000ffe00000, 0x00000000fff00000, 0x00000000fff00000|100%| O|  |TAMS 0x00000000ffe00000| PB 0x00000000ffe00000| Untracked 
|1957|0x00000000fff00000, 0x00000000fff0c8b0, 0x0000000100000000|  4%| O|  |TAMS 0x00000000fff00000| PB 0x00000000fff00000| Untracked 

Card table byte_map: [0x00007fecca77c000,0x00007feccab4f000] _byte_map_base: 0x00007fecca34f000

Marking Bits: (CMBitMap*) 0x00007fecc4072f50
 Bits: [0x00007fecc88e4000, 0x00007fecca77c000)

Polling page: 0x00007feccd657000

Metaspace:

Usage:
  Non-class:     15.95 MB used.
      Class:      1.46 MB used.
       Both:     17.40 MB used.

Virtual space:
  Non-class space:       64.00 MB reserved,      16.12 MB ( 25%) committed,  1 nodes.
      Class space:        1.00 GB reserved,       1.56 MB ( <1%) committed,  1 nodes.
             Both:        1.06 GB reserved,      17.69 MB (  2%) committed. 

Chunk freelists:
   Non-Class:  15.00 MB
       Class:  14.47 MB
        Both:  29.46 MB

MaxMetaspaceSize: unlimited
CompressedClassSpaceSize: 1.00 GB
Initial GC threshold: 21.00 MB
Current GC threshold: 21.00 MB
CDS: on
 - commit_granule_bytes: 65536.
 - commit_granule_words: 8192.
 - virtual_space_node_default_size: 8388608.
 - enlarge_chunks_in_place: 1.
 - use_allocation_guard: 0.


Internal statistics:

num_allocs_failed_limit: 0.
num_arena_births: 282.
num_arena_deaths: 0.
num_vsnodes_births: 2.
num_vsnodes_deaths: 0.
num_space_committed: 279.
num_space_uncommitted: 0.
num_chunks_returned_to_freelist: 0.
num_chunks_taken_from_freelist: 593.
num_chunk_merges: 0.
num_chunk_splits: 377.
num_chunks_enlarged: 224.
num_inconsistent_stats: 0.

CodeHeap 'non-profiled nmethods': size=120028Kb used=1476Kb max_used=1476Kb free=118551Kb
 bounds [0x00007fecb42c9000, 0x00007fecb4539000, 0x00007fecbb800000]
CodeHeap 'profiled nmethods': size=120028Kb used=5443Kb max_used=5443Kb free=114584Kb
 bounds [0x00007fecac800000, 0x00007fecacd60000, 0x00007fecb3d37000]
CodeHeap 'non-nmethods': size=5704Kb used=2100Kb max_used=2165Kb free=3603Kb
 bounds [0x00007fecb3d37000, 0x00007fecb3fa7000, 0x00007fecb42c9000]
CodeCache: size=245760Kb, used=9019Kb, max_used=9084Kb, free=236738Kb
 total_blobs=3896, nmethods=2801, adapters=1000, full_count=0
Compilation: enabled, stopped_count=0, restarted_count=0

Compilation events (20 events):
Event: 56.807 Thread 0x00007fecc414e9a0 2798   !   3       sun.awt.GlobalCursorManager::_updateCursor (165 bytes)
Event: 56.819 Thread 0x00007fecc414e9a0 nmethod 2798 0x00007fecacd47310 code [0x00007fecacd47800, 0x00007fecacd49b50]
Event: 56.819 Thread 0x00007fecc414e9a0 2799       3       sun.awt.X11.XGlobalCursorManager::findHeavyweightUnderCursor (5 bytes)
Event: 56.819 Thread 0x00007fecc414e9a0 nmethod 2799 0x00007fecacd4ae90 code [0x00007fecacd4b040, 0x00007fecacd4b1d0]
Event: 56.819 Thread 0x00007fecc414e9a0 2800       3       sun.awt.X11.XGlobalCursorManager::updateGrabbedCursor (22 bytes)
Event: 56.820 Thread 0x00007fecc414e9a0 nmethod 2800 0x00007fecacd4b290 code [0x00007fecacd4b460, 0x00007fecacd4b8c0]
Event: 57.093 Thread 0x00007fecc414e9a0 2801       3       sun.awt.WeakIdentityHashMap::get (19 bytes)
Event: 57.095 Thread 0x00007fecc414e9a0 nmethod 2801 0x00007fecacd4ba10 code [0x00007fecacd4bc40, 0x00007fecacd4c3e8]
Event: 57.095 Thread 0x00007fecc414e9a0 2802       3       sun.awt.WeakIdentityHashMap::getMap (31 bytes)
Event: 57.096 Thread 0x00007fecc414e9a0 nmethod 2802 0x00007fecacd4c690 code [0x00007fecacd4c860, 0x00007fecacd4cbb0]
Event: 57.101 Thread 0x00007fecc414e9a0 2803       3       java.awt.Component$1::isLightweight (8 bytes)
Event: 57.102 Thread 0x00007fecc414e9a0 nmethod 2803 0x00007fecacd4cd10 code [0x00007fecacd4cea0, 0x00007fecacd4d0c0]
Event: 57.102 Thread 0x00007fecc414e9a0 2804       3       java.awt.Cursor$1::getPData (5 bytes)
Event: 57.102 Thread 0x00007fecc414e9a0 nmethod 2804 0x00007fecacd4d190 code [0x00007fecacd4d320, 0x00007fecacd4d430]
Event: 57.274 Thread 0x00007fecc414e9a0 2805   !   3       sun.awt.GlobalCursorManager$NativeUpdater::run (43 bytes)
Event: 57.275 Thread 0x00007fecc414e9a0 nmethod 2805 0x00007fecacd4d510 code [0x00007fecacd4d6c0, 0x00007fecacd4d970]
Event: 57.275 Thread 0x00007fecc414e9a0 2806       3       sun.awt.X11.XGlobalCursorManager::getCapableCursor (138 bytes)
Event: 57.278 Thread 0x00007fecc414e9a0 nmethod 2806 0x00007fecacd4da90 code [0x00007fecacd4dde0, 0x00007fecacd4f198]
Event: 57.278 Thread 0x00007fecc414e9a0 2807       3       sun.awt.SunToolkit::getHeavyweightComponent (31 bytes)
Event: 57.282 Thread 0x00007fecc414e9a0 nmethod 2807 0x00007fecacd4f910 code [0x00007fecacd4fbe0, 0x00007fecacd507f0]

GC Heap History (20 events):
Event: 7.549 GC heap before
{Heap before GC invocations=5 (full 0):
 garbage-first heap   total 129024K, used 108475K [0x0000000085a00000, 0x0000000100000000)
  region size 1024K, 54 young (55296K), 2 survivors (2048K)
 Metaspace       used 15549K, committed 15808K, reserved 1114112K
  class space    used 1339K, committed 1472K, reserved 1048576K
}
Event: 7.555 GC heap after
{Heap after GC invocations=6 (full 0):
 garbage-first heap   total 129024K, used 11113K [0x0000000085a00000, 0x0000000100000000)
  region size 1024K, 2 young (2048K), 2 survivors (2048K)
 Metaspace       used 15549K, committed 15808K, reserved 1114112K
  class space    used 1339K, committed 1472K, reserved 1048576K
}
Event: 8.488 GC heap before
{Heap before GC invocations=6 (full 0):
 garbage-first heap   total 129024K, used 104297K [0x0000000085a00000, 0x0000000100000000)
  region size 1024K, 74 young (75776K), 2 survivors (2048K)
 Metaspace       used 15550K, committed 15808K, reserved 1114112K
  class space    used 1339K, committed 1472K, reserved 1048576K
}
Event: 8.493 GC heap after
{Heap after GC invocations=7 (full 0):
 garbage-first heap   total 129024K, used 19331K [0x0000000085a00000, 0x0000000100000000)
  region size 1024K, 2 young (2048K), 2 survivors (2048K)
 Metaspace       used 15550K, committed 15808K, reserved 1114112K
  class space    used 1339K, committed 1472K, reserved 1048576K
}
Event: 9.095 GC heap before
{Heap before GC invocations=7 (full 0):
 garbage-first heap   total 129024K, used 126851K [0x0000000085a00000, 0x0000000100000000)
  region size 1024K, 73 young (74752K), 2 survivors (2048K)
 Metaspace       used 15554K, committed 15808K, reserved 1114112K
  class space    used 1339K, committed 1472K, reserved 1048576K
}
Event: 9.102 GC heap after
{Heap after GC invocations=8 (full 0):
 garbage-first heap   total 131072K, used 11233K [0x0000000085a00000, 0x0000000100000000)
  region size 1024K, 2 young (2048K), 2 survivors (2048K)
 Metaspace       used 15554K, committed 15808K, reserved 1114112K
  class space    used 1339K, committed 1472K, reserved 1048576K
}
Event: 9.702 GC heap before
{Heap before GC invocations=8 (full 0):
 garbage-first heap   total 131072K, used 123873K [0x0000000085a00000, 0x0000000100000000)
  region size 1024K, 76 young (77824K), 2 survivors (2048K)
 Metaspace       used 15566K, committed 15808K, reserved 1114112K
  class space    used 1339K, committed 1472K, reserved 1048576K
}
Event: 9.706 GC heap after
{Heap after GC invocations=9 (full 0):
 garbage-first heap   total 131072K, used 39830K [0x0000000085a00000, 0x0000000100000000)
  region size 1024K, 2 young (2048K), 2 survivors (2048K)
 Metaspace       used 15566K, committed 15808K, reserved 1114112K
  class space    used 1339K, committed 1472K, reserved 1048576K
}
Event: 10.266 GC heap before
{Heap before GC invocations=9 (full 0):
 garbage-first heap   total 131072K, used 127894K [0x0000000085a00000, 0x0000000100000000)
  region size 1024K, 76 young (77824K), 2 survivors (2048K)
 Metaspace       used 15567K, committed 15808K, reserved 1114112K
  class space    used 1339K, committed 1472K, reserved 1048576K
}
Event: 10.271 GC heap after
{Heap after GC invocations=10 (full 0):
 garbage-first heap   total 132096K, used 11189K [0x0000000085a00000, 0x0000000100000000)
  region size 1024K, 2 young (2048K), 2 survivors (2048K)
 Metaspace       used 15567K, committed 15808K, reserved 1114112K
  class space    used 1339K, committed 1472K, reserved 1048576K
}
Event: 10.793 GC heap before
{Heap before GC invocations=10 (full 0):
 garbage-first heap   total 132096K, used 127925K [0x0000000085a00000, 0x0000000100000000)
  region size 1024K, 77 young (78848K), 2 survivors (2048K)
 Metaspace       used 15650K, committed 15872K, reserved 1114112K
  class space    used 1346K, committed 1472K, reserved 1048576K
}
Event: 10.797 GC heap after
{Heap after GC invocations=11 (full 0):
 garbage-first heap   total 132096K, used 42907K [0x0000000085a00000, 0x0000000100000000)
  region size 1024K, 2 young (2048K), 2 survivors (2048K)
 Metaspace       used 15650K, committed 15872K, reserved 1114112K
  class space    used 1346K, committed 1472K, reserved 1048576K
}
Event: 11.288 GC heap before
{Heap before GC invocations=11 (full 0):
 garbage-first heap   total 132096K, used 122779K [0x0000000085a00000, 0x0000000100000000)
  region size 1024K, 77 young (78848K), 2 survivors (2048K)
 Metaspace       used 15650K, committed 15872K, reserved 1114112K
  class space    used 1346K, committed 1472K, reserved 1048576K
}
Event: 11.299 GC heap after
{Heap after GC invocations=12 (full 0):
 garbage-first heap   total 132096K, used 10115K [0x0000000085a00000, 0x0000000100000000)
  region size 1024K, 2 young (2048K), 2 survivors (2048K)
 Metaspace       used 15650K, committed 15872K, reserved 1114112K
  class space    used 1346K, committed 1472K, reserved 1048576K
}
Event: 12.102 GC heap before
{Heap before GC invocations=12 (full 0):
 garbage-first heap   total 132096K, used 120707K [0x0000000085a00000, 0x0000000100000000)
  region size 1024K, 77 young (78848K), 2 survivors (2048K)
 Metaspace       used 15652K, committed 15872K, reserved 1114112K
  class space    used 1346K, committed 1472K, reserved 1048576K
}
Event: 12.108 GC heap after
{Heap after GC invocations=13 (full 0):
 garbage-first heap   total 158720K, used 33669K [0x0000000085a00000, 0x0000000100000000)
  region size 1024K, 2 young (2048K), 2 survivors (2048K)
 Metaspace       used 15652K, committed 15872K, reserved 1114112K
  class space    used 1346K, committed 1472K, reserved 1048576K
}
Event: 12.886 GC heap before
{Heap before GC invocations=13 (full 0):
 garbage-first heap   total 158720K, used 145285K [0x0000000085a00000, 0x0000000100000000)
  region size 1024K, 93 young (95232K), 2 survivors (2048K)
 Metaspace       used 15653K, committed 15936K, reserved 1114112K
  class space    used 1346K, committed 1472K, reserved 1048576K
}
Event: 12.891 GC heap after
{Heap after GC invocations=14 (full 0):
 garbage-first heap   total 158720K, used 25477K [0x0000000085a00000, 0x0000000100000000)
  region size 1024K, 2 young (2048K), 2 survivors (2048K)
 Metaspace       used 15653K, committed 15936K, reserved 1114112K
  class space    used 1346K, committed 1472K, reserved 1048576K
}
Event: 26.316 GC heap before
{Heap before GC invocations=14 (full 0):
 garbage-first heap   total 158720K, used 143237K [0x0000000085a00000, 0x0000000100000000)
  region size 1024K, 93 young (95232K), 2 survivors (2048K)
 Metaspace       used 17492K, committed 17728K, reserved 1114112K
  class space    used 1488K, committed 1600K, reserved 1048576K
}
Event: 26.326 GC heap after
{Heap after GC invocations=15 (full 0):
 garbage-first heap   total 161792K, used 23656K [0x0000000085a00000, 0x0000000100000000)
  region size 1024K, 12 young (12288K), 12 survivors (12288K)
 Metaspace       used 17492K, committed 17728K, reserved 1114112K
  class space    used 1488K, committed 1600K, reserved 1048576K
}

Dll operation events (20 events):
Event: 0.009 Loaded shared library /usr/lib/jvm/java-21-openjdk-amd64/lib/libjava.so
Event: 0.103 Loaded shared library /usr/lib/jvm/java-21-openjdk-amd64/lib/libjsvml.so
Event: 0.285 Loaded shared library /usr/lib/jvm/java-21-openjdk-amd64/lib/libzip.so
Event: 0.299 Loaded shared library /usr/lib/jvm/java-21-openjdk-amd64/lib/libinstrument.so
Event: 0.312 Loaded shared library /usr/lib/jvm/java-21-openjdk-amd64/lib/libnio.so
Event: 0.324 Loaded shared library /usr/lib/jvm/java-21-openjdk-amd64/lib/libzip.so
Event: 0.397 Loaded shared library /usr/lib/jvm/java-21-openjdk-amd64/lib/libnet.so
Event: 0.418 Loaded shared library /usr/lib/jvm/java-21-openjdk-amd64/lib/libextnet.so
Event: 0.452 Loaded shared library /usr/lib/jvm/java-21-openjdk-amd64/lib/libjimage.so
Event: 0.501 Loaded shared library /usr/lib/jvm/java-21-openjdk-amd64/lib/libawt.so
Event: 0.519 Loaded shared library /usr/lib/jvm/java-21-openjdk-amd64/lib/libawt_xawt.so
Event: 0.744 Loaded shared library /usr/lib/jvm/java-21-openjdk-amd64/lib/libfontmanager.so
Event: 1.627 Loaded shared library /tmp/jogamp_0000/file_cache/jln8656790016572035723/jln6975260917394702879/natives/linux-amd64/libgluegen_rt.so
Event: 1.774 Loaded shared library /usr/lib/jvm/java-21-openjdk-amd64/lib/libjawt.so
Event: 1.776 Loaded shared library /tmp/jogamp_0000/file_cache/jln8656790016572035723/jln6975260917394702879/natives/linux-amd64/libnativewindow_awt.so
Event: 1.859 Loaded shared library /tmp/jogamp_0000/file_cache/jln8656790016572035723/jln6975260917394702879/natives/linux-amd64/libnativewindow_x11.so
Event: 2.451 Loaded shared library /tmp/jogamp_0000/file_cache/jln8656790016572035723/jln6975260917394702879/natives/linux-amd64/libjogl_desktop.so
Event: 2.548 Loaded shared library /tmp/jogamp_0000/file_cache/jln8656790016572035723/jln6975260917394702879/natives/linux-amd64/libjogl_mobile.so
Event: 10.413 Loaded shared library /usr/lib/jvm/java-21-openjdk-amd64/lib/libjavajpeg.so
Event: 15.714 Loaded shared library /usr/lib/jvm/java-21-openjdk-amd64/lib/libjsound.so

Deoptimization events (20 events):
Event: 20.733 Thread 0x00007fecc46acf00 DEOPT PACKING pc=0x00007fecb43eeaf4 sp=0x00007febf0274f50
Event: 20.733 Thread 0x00007fecc46acf00 DEOPT UNPACKING pc=0x00007fecb3d8af99 sp=0x00007febf0274ef8 mode 2
Event: 28.039 Thread 0x00007fecc46acf00 Uncommon trap: trap_request=0xffffff5c fr.pc=0x00007fecb44021f8 relative=0x0000000000000078
Event: 28.039 Thread 0x00007fecc46acf00 Uncommon trap: reason=speculate_null_check action=make_not_entrant pc=0x00007fecb44021f8 method=jdk.internal.misc.Unsafe.getIntUnaligned(Ljava/lang/Object;JZ)I @ 5 c2
Event: 28.039 Thread 0x00007fecc46acf00 DEOPT PACKING pc=0x00007fecb44021f8 sp=0x00007febf0274bf0
Event: 28.039 Thread 0x00007fecc46acf00 DEOPT UNPACKING pc=0x00007fecb3d8af99 sp=0x00007febf0274b68 mode 2
Event: 36.905 Thread 0x00007fecc46acf00 DEOPT PACKING pc=0x00007fecacbd807f sp=0x00007febf0274f60
Event: 36.905 Thread 0x00007fecc46acf00 DEOPT UNPACKING pc=0x00007fecb3d8b72f sp=0x00007febf0274480 mode 0
Event: 41.934 Thread 0x00007fecc46acf00 DEOPT PACKING pc=0x00007fecacbe2dff sp=0x00007febf0274ba0
Event: 41.934 Thread 0x00007fecc46acf00 DEOPT UNPACKING pc=0x00007fecb3d8b72f sp=0x00007febf0274040 mode 0
Event: 45.915 Thread 0x00007fecc46acf00 DEOPT PACKING pc=0x00007fecacb9bbae sp=0x00007febf0274d80
Event: 45.915 Thread 0x00007fecc46acf00 DEOPT UNPACKING pc=0x00007fecb3d8b72f sp=0x00007febf0274240 mode 0
Event: 47.638 Thread 0x00007fecc448afc0 Uncommon trap: trap_request=0xffffff45 fr.pc=0x00007fecb441d304 relative=0x0000000000003664
Event: 47.638 Thread 0x00007fecc448afc0 Uncommon trap: reason=unstable_if action=reinterpret pc=0x00007fecb441d304 method=sun.awt.PostEventQueue.flush()V @ 23 c2
Event: 47.638 Thread 0x00007fecc448afc0 DEOPT PACKING pc=0x00007fecb441d304 sp=0x00007fec9c75b330
Event: 47.638 Thread 0x00007fecc448afc0 DEOPT UNPACKING pc=0x00007fecb3d8af99 sp=0x00007fec9c75b338 mode 2
Event: 54.673 Thread 0x00007fecc46acf00 Uncommon trap: trap_request=0xffffff45 fr.pc=0x00007fecb4412bc8 relative=0x0000000000000e28
Event: 54.673 Thread 0x00007fecc46acf00 Uncommon trap: reason=unstable_if action=reinterpret pc=0x00007fecb4412bc8 method=chickenEggs.objects.Game.GamePage.checkCollesion()V @ 267 c2
Event: 54.673 Thread 0x00007fecc46acf00 DEOPT PACKING pc=0x00007fecb4412bc8 sp=0x00007febf0274fd0
Event: 54.673 Thread 0x00007fecc46acf00 DEOPT UNPACKING pc=0x00007fecb3d8af99 sp=0x00007febf0274f88 mode 2

Classes loaded (20 events):
Event: 16.015 Loading class com/sun/media/sound/DirectAudioDevice$DirectDL$Balance
Event: 16.015 Loading class com/sun/media/sound/DirectAudioDevice$DirectDL$Balance done
Event: 16.015 Loading class com/sun/media/sound/DirectAudioDevice$DirectDL$Pan
Event: 16.015 Loading class com/sun/media/sound/DirectAudioDevice$DirectDL$Pan done
Event: 16.016 Loading class javax/sound/sampled/LineEvent
Event: 16.017 Loading class javax/sound/sampled/LineEvent done
Event: 16.017 Loading class javax/sound/sampled/LineEvent$Type
Event: 16.017 Loading class javax/sound/sampled/LineEvent$Type done
Event: 16.017 Loading class com/sun/media/sound/EventDispatcher
Event: 16.018 Loading class com/sun/media/sound/EventDispatcher done
Event: 16.973 Loading class java/lang/Math$RandomNumberGeneratorHolder
Event: 16.973 Loading class java/lang/Math$RandomNumberGeneratorHolder done
Event: 27.048 Loading class java/lang/foreign/MemorySegment
Event: 27.049 Loading class java/lang/foreign/MemorySegment done
Event: 33.441 Loading class java/io/PrintWriter
Event: 33.442 Loading class java/io/PrintWriter done
Event: 33.442 Loading class java/io/PrintWriter$1
Event: 33.442 Loading class jdk/internal/access/JavaIOPrintWriterAccess
Event: 33.442 Loading class jdk/internal/access/JavaIOPrintWriterAccess done
Event: 33.442 Loading class java/io/PrintWriter$1 done

Classes unloaded (0 events):
No events

Classes redefined (0 events):
No events

Internal exceptions (20 events):
Event: 1.503 Thread 0x00007fecc401af90 Exception <a 'java/lang/NoSuchMethodError'{0x000000008cd1a9c0}: 'int java.lang.invoke.DirectMethodHandle$Holder.invokeSpecial(java.lang.Object, java.lang.Object, java.lang.Object)'> (0x000000008cd1a9c0) 
thrown [./src/hotspot/share/interpreter/linkResolver.cpp, line 772]
Event: 1.517 Thread 0x00007fecc401af90 Exception <a 'java/lang/NoSuchMethodError'{0x000000008cd2b5c0}: 'java.lang.Object java.lang.invoke.DirectMethodHandle$Holder.invokeStatic(java.lang.Object, long, java.lang.Object)'> (0x000000008cd2b5c0) 
thrown [./src/hotspot/share/interpreter/linkResolver.cpp, line 772]
Event: 1.518 Thread 0x00007fecc401af90 Exception <a 'java/lang/NoSuchMethodError'{0x000000008cd2ed88}: 'java.lang.Object java.lang.invoke.DirectMethodHandle$Holder.invokeStaticInit(java.lang.Object, long, java.lang.Object)'> (0x000000008cd2ed88) 
thrown [./src/hotspot/share/interpreter/linkResolver.cpp, line 772]
Event: 1.520 Thread 0x00007fecc401af90 Exception <a 'java/lang/NoSuchMethodError'{0x000000008cd34630}: 'java.lang.Object java.lang.invoke.DirectMethodHandle$Holder.newInvokeSpecial(java.lang.Object, long)'> (0x000000008cd34630) 
thrown [./src/hotspot/share/interpreter/linkResolver.cpp, line 772]
Event: 1.531 Thread 0x00007fecc401af90 Exception <a 'java/lang/NoSuchMethodError'{0x000000008cd3c078}: 'java.lang.Object java.lang.invoke.DirectMethodHandle$Holder.newInvokeSpecial(java.lang.Object, java.lang.Object, java.lang.Object, int)'> (0x000000008cd3c078) 
thrown [./src/hotspot/share/interpreter/linkResolver.cpp, line 772]
Event: 1.533 Thread 0x00007fecc401af90 Exception <a 'java/lang/NoSuchMethodError'{0x000000008cd402c0}: 'java.lang.Object java.lang.invoke.DirectMethodHandle$Holder.invokeSpecial(java.lang.Object, java.lang.Object, java.lang.Object, java.lang.Object, int)'> (0x000000008cd402c0) 
thrown [./src/hotspot/share/interpreter/linkResolver.cpp, line 772]
Event: 1.534 Thread 0x00007fecc401af90 Exception <a 'java/lang/NoSuchMethodError'{0x000000008cd43c28}: 'java.lang.Object java.lang.invoke.Invokers$Holder.linkToTargetMethod(java.lang.Object, java.lang.Object, int, java.lang.Object)'> (0x000000008cd43c28) 
thrown [./src/hotspot/share/interpreter/linkResolver.cpp, line 772]
Event: 1.540 Thread 0x00007fecc401af90 Exception <a 'java/lang/NoSuchMethodError'{0x000000008cd4e138}: 'java.lang.Object java.lang.invoke.DirectMethodHandle$Holder.invokeStatic(java.lang.Object, java.lang.Object, int)'> (0x000000008cd4e138) 
thrown [./src/hotspot/share/interpreter/linkResolver.cpp, line 772]
Event: 1.542 Thread 0x00007fecc401af90 Exception <a 'java/lang/NoSuchMethodError'{0x000000008cd53da8}: 'java.lang.Object java.lang.invoke.DirectMethodHandle$Holder.newInvokeSpecial(java.lang.Object, java.lang.Object, int)'> (0x000000008cd53da8) 
thrown [./src/hotspot/share/interpreter/linkResolver.cpp, line 772]
Event: 1.631 Thread 0x00007fecc401af90 Exception <a 'java/lang/NoSuchMethodError'{0x000000008cc30c28}: 'int java.lang.invoke.DirectMethodHandle$Holder.invokeStatic(java.lang.Object)'> (0x000000008cc30c28) 
thrown [./src/hotspot/share/interpreter/linkResolver.cpp, line 772]
Event: 1.632 Thread 0x00007fecc401af90 Exception <a 'java/lang/NoSuchMethodError'{0x000000008cc33e80}: 'int java.lang.invoke.DelegatingMethodHandle$Holder.reinvoke_L(java.lang.Object)'> (0x000000008cc33e80) 
thrown [./src/hotspot/share/interpreter/linkResolver.cpp, line 772]
Event: 1.829 Thread 0x00007fecc401af90 Exception <a 'java/lang/NoSuchMethodError'{0x000000008cb62a88}: 'java.lang.Object java.lang.invoke.DirectMethodHandle$Holder.invokeInterface(java.lang.Object, java.lang.Object)'> (0x000000008cb62a88) 
thrown [./src/hotspot/share/interpreter/linkResolver.cpp, line 772]
Event: 1.830 Thread 0x00007fecc401af90 Exception <a 'java/lang/IncompatibleClassChangeError'{0x000000008cb65fc0}: Found class java.lang.Object, but interface was expected> (0x000000008cb65fc0) 
thrown [./src/hotspot/share/interpreter/linkResolver.cpp, line 840]
Event: 2.480 Thread 0x00007fecc401af90 Exception <a 'java/lang/NoSuchMethodError'{0x000000008c650b80}: 'long java.lang.invoke.DelegatingMethodHandle$Holder.reinvoke_L(java.lang.Object, java.lang.Object)'> (0x000000008c650b80) 
thrown [./src/hotspot/share/interpreter/linkResolver.cpp, line 772]
Event: 2.483 Thread 0x00007fecc401af90 Exception <a 'java/lang/NoSuchMethodError'{0x000000008c65aae0}: 'void java.lang.invoke.DelegatingMethodHandle$Holder.reinvoke_L(java.lang.Object, java.lang.Object, long)'> (0x000000008c65aae0) 
thrown [./src/hotspot/share/interpreter/linkResolver.cpp, line 772]
Event: 3.627 Thread 0x00007fecc449e8d0 Exception <a 'java/lang/NoSuchMethodError'{0x000000008d253ff8}: 'long java.lang.invoke.Invokers$Holder.invokeExact_MT(java.lang.Object, java.lang.Object, java.lang.Object)'> (0x000000008d253ff8) 
thrown [./src/hotspot/share/interpreter/linkResolver.cpp, line 772]
Event: 3.953 Thread 0x00007fecc401af90 Exception <a 'java/lang/NoSuchMethodError'{0x000000008d024540}: 'void java.lang.invoke.DirectMethodHandle$Holder.invokeStaticInit(java.lang.Object)'> (0x000000008d024540) 
thrown [./src/hotspot/share/interpreter/linkResolver.cpp, line 772]
Event: 5.688 Thread 0x00007fecc46acf00 Implicit null exception at 0x00007fecb4376a4b to 0x00007fecb4376c58
Event: 16.138 Thread 0x00007fecc46acf00 Exception <a 'java/lang/NoSuchMethodError'{0x000000008af80ca0}: 'java.lang.Object java.lang.invoke.DirectMethodHandle$Holder.invokeSpecial(java.lang.Object, java.lang.Object, int, java.lang.Object, java.lang.Object)'> (0x000000008af80ca0) 
thrown [./src/hotspot/share/interpreter/linkResolver.cpp, line 772]
Event: 16.139 Thread 0x00007fecc46acf00 Exception <a 'java/lang/NoSuchMethodError'{0x000000008af84608}: 'java.lang.Object java.lang.invoke.Invokers$Holder.linkToTargetMethod(int, java.lang.Object, java.lang.Object, java.lang.Object)'> (0x000000008af84608) 
thrown [./src/hotspot/share/interpreter/linkResolver.cpp, line 772]

ZGC Phase Switch (0 events):
No events

VM Operations (20 events):
Event: 42.332 Executing VM operation: Cleanup
Event: 42.332 Executing VM operation: Cleanup done
Event: 44.337 Executing VM operation: Cleanup
Event: 44.337 Executing VM operation: Cleanup done
Event: 45.337 Executing VM operation: Cleanup
Event: 45.337 Executing VM operation: Cleanup done
Event: 47.338 Executing VM operation: Cleanup
Event: 47.338 Executing VM operation: Cleanup done
Event: 49.338 Executing VM operation: Cleanup
Event: 49.338 Executing VM operation: Cleanup done
Event: 50.338 Executing VM operation: Cleanup
Event: 50.338 Executing VM operation: Cleanup done
Event: 51.340 Executing VM operation: Cleanup
Event: 51.340 Executing VM operation: Cleanup done
Event: 52.340 Executing VM operation: Cleanup
Event: 52.340 Executing VM operation: Cleanup done
Event: 54.341 Executing VM operation: Cleanup
Event: 54.341 Executing VM operation: Cleanup done
Event: 56.341 Executing VM operation: Cleanup
Event: 56.341 Executing VM operation: Cleanup done

Memory protections (20 events):
Event: 49.367 Protecting memory [0x00007fea83dd1000,0x00007fea83dd5000] with protection modes 0
Event: 49.649 Protecting memory [0x00007fea824ce000,0x00007fea824d2000] with protection modes 0
Event: 49.838 Protecting memory [0x00007fea80bcb000,0x00007fea80bcf000] with protection modes 0
Event: 50.123 Protecting memory [0x00007fea7f2bf000,0x00007fea7f2c3000] with protection modes 0
Event: 50.390 Protecting memory [0x00007fea7d9a8000,0x00007fea7d9ac000] with protection modes 0
Event: 50.680 Protecting memory [0x00007fea7c08f000,0x00007fea7c093000] with protection modes 0
Event: 50.947 Protecting memory [0x00007fea7a776000,0x00007fea7a77a000] with protection modes 0
Event: 51.130 Protecting memory [0x00007fea78e6a000,0x00007fea78e6e000] with protection modes 0
Event: 51.395 Protecting memory [0x00007fea774d4000,0x00007fea774d8000] with protection modes 0
Event: 51.728 Protecting memory [0x00007fea75bbb000,0x00007fea75bbf000] with protection modes 0
Event: 52.092 Protecting memory [0x00007fea74292000,0x00007fea74296000] with protection modes 0
Event: 52.444 Protecting memory [0x00007fea72979000,0x00007fea7297d000] with protection modes 0
Event: 52.718 Protecting memory [0x00007fea71060000,0x00007fea71064000] with protection modes 0
Event: 53.018 Protecting memory [0x00007fea6f747000,0x00007fea6f74b000] with protection modes 0
Event: 53.436 Protecting memory [0x00007fea6de44000,0x00007fea6de48000] with protection modes 0
Event: 54.422 Protecting memory [0x00007fea6c541000,0x00007fea6c545000] with protection modes 0
Event: 54.887 Protecting memory [0x00007fea6ac3e000,0x00007fea6ac42000] with protection modes 0
Event: 55.145 Protecting memory [0x00007fea6933b000,0x00007fea6933f000] with protection modes 0
Event: 56.804 Protecting memory [0x00007fea679b8000,0x00007fea679bc000] with protection modes 0
Event: 57.097 Protecting memory [0x00007fea660b5000,0x00007fea660b9000] with protection modes 0

Nmethod flushes (0 events):
No events

Events (20 events):
Event: 49.367 Thread 0x00007fecc46acf00 Thread added: 0x00007fea9c9e17a0
Event: 49.649 Thread 0x00007fecc46acf00 Thread added: 0x00007fea9ca747e0
Event: 49.838 Thread 0x00007fecc46acf00 Thread added: 0x00007fea9cb0a360
Event: 50.123 Thread 0x00007fecc46acf00 Thread added: 0x00007fea9cba04b0
Event: 50.390 Thread 0x00007fecc46acf00 Thread added: 0x00007fea9cc362e0
Event: 50.680 Thread 0x00007fecc46acf00 Thread added: 0x00007fea9cccc450
Event: 50.947 Thread 0x00007fecc46acf00 Thread added: 0x00007fea9cd62320
Event: 51.130 Thread 0x00007fecc46acf00 Thread added: 0x00007fea9cdf5510
Event: 51.395 Thread 0x00007fecc46acf00 Thread added: 0x00007fea9ce8c0a0
Event: 51.728 Thread 0x00007fecc46acf00 Thread added: 0x00007fea9cf21fe0
Event: 52.092 Thread 0x00007fecc46acf00 Thread added: 0x00007fea9cfb8cc0
Event: 52.444 Thread 0x00007fecc46acf00 Thread added: 0x00007fea9d04ee70
Event: 52.718 Thread 0x00007fecc46acf00 Thread added: 0x00007fea9d0e4c30
Event: 53.018 Thread 0x00007fecc46acf00 Thread added: 0x00007fea9d17ace0
Event: 53.436 Thread 0x00007fecc46acf00 Thread added: 0x00007fea9d210910
Event: 54.422 Thread 0x00007fecc46acf00 Thread added: 0x00007fea9d2a69a0
Event: 54.887 Thread 0x00007fecc46acf00 Thread added: 0x00007fea9d33cb10
Event: 55.145 Thread 0x00007fecc46acf00 Thread added: 0x00007fea9d3cff20
Event: 56.804 Thread 0x00007fecc46acf00 Thread added: 0x00007fea9d465ed0
Event: 57.097 Thread 0x00007fecc46acf00 Thread added: 0x00007fea9d4fbc60


Dynamic libraries:
85a00000-8f300000 rw-p 00000000 00:00 0 
8f300000-ffb00000 ---p 00000000 00:00 0 
ffb00000-ffe00000 rw-p 00000000 00:00 0 
ffe00000-fff0d000 rw-p 00cdf000 08:14 3409367                            /usr/lib/jvm/java-21-openjdk-amd64/lib/server/classes.jsa
fff0d000-100000000 rw-p 00000000 00:00 0 
635f82a6e000-635f82a6f000 r--p 00000000 08:14 3409293                    /usr/lib/jvm/java-21-openjdk-amd64/bin/java
635f82a6f000-635f82a70000 r-xp 00001000 08:14 3409293                    /usr/lib/jvm/java-21-openjdk-amd64/bin/java
635f82a70000-635f82a71000 r--p 00002000 08:14 3409293                    /usr/lib/jvm/java-21-openjdk-amd64/bin/java
635f82a71000-635f82a72000 r--p 00002000 08:14 3409293                    /usr/lib/jvm/java-21-openjdk-amd64/bin/java
635f82a72000-635f82a73000 rw-p 00003000 08:14 3409293                    /usr/lib/jvm/java-21-openjdk-amd64/bin/java
635fa3576000-635fa3b63000 rw-p 00000000 00:00 0                          [heap]
7fea648b2000-7fea648b3000 ---p 00000000 00:00 0 
7fea648b3000-7fea650b3000 rw-p 00000000 00:00 0 
7fea650b3000-7fea650b4000 ---p 00000000 00:00 0 
7fea650b4000-7fea658b4000 rw-p 00000000 00:00 0 
7fea658b4000-7fea658b5000 ---p 00000000 00:00 0 
7fea658b5000-7fea660b5000 rw-p 00000000 00:00 0 
7fea660b5000-7fea660b9000 ---p 00000000 00:00 0 
7fea660b9000-7fea661b5000 rw-p 00000000 00:00 0 
7fea661b5000-7fea661b6000 ---p 00000000 00:00 0 
7fea661b6000-7fea669b6000 rw-p 00000000 00:00 0 
7fea669b6000-7fea669b7000 ---p 00000000 00:00 0 
7fea669b7000-7fea671b7000 rw-p 00000000 00:00 0 
7fea671b7000-7fea671b8000 ---p 00000000 00:00 0 
7fea671b8000-7fea679b8000 rw-p 00000000 00:00 0 
7fea679b8000-7fea679bc000 ---p 00000000 00:00 0 
7fea679bc000-7fea67ab8000 rw-p 00000000 00:00 0 
7fea67ab8000-7fea67ab9000 ---p 00000000 00:00 0 
7fea67ab9000-7fea682b9000 rw-p 00000000 00:00 0 
7fea682b9000-7fea682ba000 ---p 00000000 00:00 0 
7fea682ba000-7fea68aba000 rw-p 00000000 00:00 0 
7fea68aba000-7fea68abb000 ---p 00000000 00:00 0 
7fea68abb000-7fea692bb000 rw-p 00000000 00:00 0 
7fea692bb000-7fea6933b000 rw-s 121145000 00:10 1059                      anon_inode:i915.gem
7fea6933b000-7fea6933f000 ---p 00000000 00:00 0 
7fea6933f000-7fea6943b000 rw-p 00000000 00:00 0 
7fea6943b000-7fea6943c000 ---p 00000000 00:00 0 
7fea6943c000-7fea69c3c000 rw-p 00000000 00:00 0 
7fea69c3c000-7fea69c3d000 ---p 00000000 00:00 0 
7fea69c3d000-7fea6a43d000 rw-p 00000000 00:00 0 
7fea6a43d000-7fea6a43e000 ---p 00000000 00:00 0 
7fea6a43e000-7fea6ac3e000 rw-p 00000000 00:00 0 
7fea6ac3e000-7fea6ac42000 ---p 00000000 00:00 0 
7fea6ac42000-7fea6ad3e000 rw-p 00000000 00:00 0 
7fea6ad3e000-7fea6ad3f000 ---p 00000000 00:00 0 
7fea6ad3f000-7fea6b53f000 rw-p 00000000 00:00 0 
7fea6b53f000-7fea6b540000 ---p 00000000 00:00 0 
7fea6b540000-7fea6bd40000 rw-p 00000000 00:00 0 
7fea6bd40000-7fea6bd41000 ---p 00000000 00:00 0 
7fea6bd41000-7fea6c541000 rw-p 00000000 00:00 0 
7fea6c541000-7fea6c545000 ---p 00000000 00:00 0 
7fea6c545000-7fea6c641000 rw-p 00000000 00:00 0 
7fea6c641000-7fea6c642000 ---p 00000000 00:00 0 
7fea6c642000-7fea6ce42000 rw-p 00000000 00:00 0 
7fea6ce42000-7fea6ce43000 ---p 00000000 00:00 0 
7fea6ce43000-7fea6d643000 rw-p 00000000 00:00 0 
7fea6d643000-7fea6d644000 ---p 00000000 00:00 0 
7fea6d644000-7fea6de44000 rw-p 00000000 00:00 0 
7fea6de44000-7fea6de48000 ---p 00000000 00:00 0 
7fea6de48000-7fea6df44000 rw-p 00000000 00:00 0 
7fea6df44000-7fea6df45000 ---p 00000000 00:00 0 
7fea6df45000-7fea6e745000 rw-p 00000000 00:00 0 
7fea6e745000-7fea6e746000 ---p 00000000 00:00 0 
7fea6e746000-7fea6ef46000 rw-p 00000000 00:00 0 
7fea6ef46000-7fea6ef47000 ---p 00000000 00:00 0 
7fea6ef47000-7fea6f747000 rw-p 00000000 00:00 0 
7fea6f747000-7fea6f74b000 ---p 00000000 00:00 0 
7fea6f74b000-7fea6f847000 rw-p 00000000 00:00 0 
7fea6f847000-7fea6f848000 rw-s 00000000 00:01 47392                      /memfd:pipewire-memfd:flags=0x0000000f,type=2,size=4096 (deleted)
7fea6f848000-7fea6f851000 rw-s 00000000 00:01 43591                      /memfd:pipewire-memfd:flags=0x0000000f,type=2,size=32832 (deleted)
7fea6f851000-7fea6f85a000 rw-s 00000000 00:01 43590                      /memfd:pipewire-memfd:flags=0x0000000f,type=2,size=32832 (deleted)
7fea6f85a000-7fea6f85b000 rw-s 00000000 00:01 6407                       /memfd:pipewire-memfd:flags=0x0000000f,type=2,size=2312 (deleted)
7fea6f85b000-7fea6f85c000 rw-s 00000000 00:01 47391                      /memfd:pipewire-memfd:flags=0x0000000f,type=2,size=2312 (deleted)
7fea6f85c000-7fea6f85d000 rw-s 00000000 00:01 44453                      /memfd:pipewire-memfd:flags=0x0000000f,type=2,size=2312 (deleted)
7fea6f85d000-7fea6f85e000 ---p 00000000 00:00 0 
7fea6f85e000-7fea7005e000 rw-p 00000000 00:00 0 
7fea7005e000-7fea7005f000 ---p 00000000 00:00 0 
7fea7005f000-7fea7085f000 rw-p 00000000 00:00 0 
7fea7085f000-7fea70860000 ---p 00000000 00:00 0 
7fea70860000-7fea71060000 rw-p 00000000 00:00 0 
7fea71060000-7fea71064000 ---p 00000000 00:00 0 
7fea71064000-7fea71160000 rw-p 00000000 00:00 0 
7fea71160000-7fea71161000 rw-s 00000000 00:01 42572                      /memfd:pipewire-memfd:flags=0x0000000f,type=2,size=4096 (deleted)
7fea71161000-7fea7116a000 rw-s 00000000 00:01 42574                      /memfd:pipewire-memfd:flags=0x0000000f,type=2,size=32832 (deleted)
7fea7116a000-7fea71173000 rw-s 00000000 00:01 42573                      /memfd:pipewire-memfd:flags=0x0000000f,type=2,size=32832 (deleted)
7fea71173000-7fea71174000 rw-s 00000000 00:01 6407                       /memfd:pipewire-memfd:flags=0x0000000f,type=2,size=2312 (deleted)
7fea71174000-7fea71175000 rw-s 00000000 00:01 42571                      /memfd:pipewire-memfd:flags=0x0000000f,type=2,size=2312 (deleted)
7fea71175000-7fea71176000 rw-s 00000000 00:01 43589                      /memfd:pipewire-memfd:flags=0x0000000f,type=2,size=2312 (deleted)
7fea71176000-7fea71177000 ---p 00000000 00:00 0 
7fea71177000-7fea71977000 rw-p 00000000 00:00 0 
7fea71977000-7fea71978000 ---p 00000000 00:00 0 
7fea71978000-7fea72178000 rw-p 00000000 00:00 0 
7fea72178000-7fea72179000 ---p 00000000 00:00 0 
7fea72179000-7fea72979000 rw-p 00000000 00:00 0 
7fea72979000-7fea7297d000 ---p 00000000 00:00 0 
7fea7297d000-7fea72a79000 rw-p 00000000 00:00 0 
7fea72a79000-7fea72a7a000 rw-s 00000000 00:01 46363                      /memfd:pipewire-memfd:flags=0x0000000f,type=2,size=4096 (deleted)
7fea72a7a000-7fea72a83000 rw-s 00000000 00:01 43588                      /memfd:pipewire-memfd:flags=0x0000000f,type=2,size=32832 (deleted)
7fea72a83000-7fea72a8c000 rw-s 00000000 00:01 43587                      /memfd:pipewire-memfd:flags=0x0000000f,type=2,size=32832 (deleted)
7fea72a8c000-7fea72a8d000 rw-s 00000000 00:01 6407                       /memfd:pipewire-memfd:flags=0x0000000f,type=2,size=2312 (deleted)
7fea72a8d000-7fea72a8e000 rw-s 00000000 00:01 46362                      /memfd:pipewire-memfd:flags=0x0000000f,type=2,size=2312 (deleted)
7fea72a8e000-7fea72a8f000 rw-s 00000000 00:01 41716                      /memfd:pipewire-memfd:flags=0x0000000f,type=2,size=2312 (deleted)
7fea72a8f000-7fea72a90000 ---p 00000000 00:00 0 
7fea72a90000-7fea73290000 rw-p 00000000 00:00 0 
7fea73290000-7fea73291000 ---p 00000000 00:00 0 
7fea73291000-7fea73a91000 rw-p 00000000 00:00 0 
7fea73a91000-7fea73a92000 ---p 00000000 00:00 0 
7fea73a92000-7fea74292000 rw-p 00000000 00:00 0 
7fea74292000-7fea74296000 ---p 00000000 00:00 0 
7fea74296000-7fea74392000 rw-p 00000000 00:00 0 
7fea74392000-7fea74393000 rw-s 00000000 00:01 40689                      /memfd:pipewire-memfd:flags=0x0000000f,type=2,size=4096 (deleted)
7fea74393000-7fea7439c000 rw-s 00000000 00:01 47390                      /memfd:pipewire-memfd:flags=0x0000000f,type=2,size=32832 (deleted)
7fea7439c000-7fea743a5000 rw-s 00000000 00:01 47389                      /memfd:pipewire-memfd:flags=0x0000000f,type=2,size=32832 (deleted)
7fea743a5000-7fea743a6000 rw-s 00000000 00:01 6407                       /memfd:pipewire-memfd:flags=0x0000000f,type=2,size=2312 (deleted)
7fea743a6000-7fea743a7000 rw-s 00000000 00:01 40688                      /memfd:pipewire-memfd:flags=0x0000000f,type=2,size=2312 (deleted)
7fea743a7000-7fea743a8000 rw-s 00000000 00:01 42570                      /memfd:pipewire-memfd:flags=0x0000000f,type=2,size=2312 (deleted)
7fea743a8000-7fea743a9000 ---p 00000000 00:00 0 
7fea743a9000-7fea74ba9000 rw-p 00000000 00:00 0 
7fea74ba9000-7fea74baa000 ---p 00000000 00:00 0 
7fea74baa000-7fea753aa000 rw-p 00000000 00:00 0 
7fea753aa000-7fea753ab000 ---p 00000000 00:00 0 
7fea753ab000-7fea75bab000 rw-p 00000000 00:00 0 
7fea75bb2000-7fea75bbb000 rw-s 00000000 00:01 40693                      /memfd:pipewire-memfd:flags=0x0000000f,type=2,size=32832 (deleted)
7fea75bbb000-7fea75bbf000 ---p 00000000 00:00 0 
7fea75bbf000-7fea75cbb000 rw-p 00000000 00:00 0 
7fea75cbb000-7fea75cbc000 rw-s 00000000 00:01 41715                      /memfd:pipewire-memfd:flags=0x0000000f,type=2,size=4096 (deleted)
7fea75cbc000-7fea75cc5000 rw-s 00000000 00:01 45400                      /memfd:pipewire-memfd:flags=0x0000000f,type=2,size=32832 (deleted)
7fea75cc5000-7fea75cce000 rw-s 00000000 00:01 45399                      /memfd:pipewire-memfd:flags=0x0000000f,type=2,size=32832 (deleted)
7fea75cce000-7fea75ccf000 rw-s 00000000 00:01 6407                       /memfd:pipewire-memfd:flags=0x0000000f,type=2,size=2312 (deleted)
7fea75ccf000-7fea75cd0000 rw-s 00000000 00:01 41714                      /memfd:pipewire-memfd:flags=0x0000000f,type=2,size=2312 (deleted)
7fea75cd0000-7fea75cd1000 rw-s 00000000 00:01 46361                      /memfd:pipewire-memfd:flags=0x0000000f,type=2,size=2312 (deleted)
7fea75cd1000-7fea75cd2000 ---p 00000000 00:00 0 
7fea75cd2000-7fea764d2000 rw-p 00000000 00:00 0 
7fea764d2000-7fea764d3000 ---p 00000000 00:00 0 
7fea764d3000-7fea76cd3000 rw-p 00000000 00:00 0 
7fea76cd3000-7fea76cd4000 ---p 00000000 00:00 0 
7fea76cd4000-7fea774d4000 rw-p 00000000 00:00 0 
7fea774d4000-7fea774d8000 ---p 00000000 00:00 0 
7fea774d8000-7fea775d4000 rw-p 00000000 00:00 0 
7fea775d4000-7fea775d5000 rw-s 00000000 00:01 43585                      /memfd:pipewire-memfd:flags=0x0000000f,type=2,size=4096 (deleted)
7fea775d5000-7fea775de000 rw-s 00000000 00:01 46360                      /memfd:pipewire-memfd:flags=0x0000000f,type=2,size=32832 (deleted)
7fea775de000-7fea775e7000 rw-s 00000000 00:01 46359                      /memfd:pipewire-memfd:flags=0x0000000f,type=2,size=32832 (deleted)
7fea775e7000-7fea775e8000 ---p 00000000 00:00 0 
7fea775e8000-7fea77de8000 rw-p 00000000 00:00 0 
7fea77de8000-7fea77de9000 ---p 00000000 00:00 0 
7fea77de9000-7fea785e9000 rw-p 00000000 00:00 0 
7fea785e9000-7fea785ea000 ---p 00000000 00:00 0 
7fea785ea000-7fea78dea000 rw-p 00000000 00:00 0 
7fea78e61000-7fea78e6a000 rw-s 00000000 00:01 43597                      /memfd:pipewire-memfd:flags=0x0000000f,type=2,size=32832 (deleted)
7fea78e6a000-7fea78e6e000 ---p 00000000 00:00 0 
7fea78e6e000-7fea78f6a000 rw-p 00000000 00:00 0 
7fea78f6a000-7fea78f73000 rw-s 00000000 00:01 41713                      /memfd:pipewire-memfd:flags=0x0000000f,type=2,size=32832 (deleted)
7fea78f73000-7fea78f74000 ---p 00000000 00:00 0 
7fea78f74000-7fea79774000 rw-p 00000000 00:00 0 
7fea79774000-7fea79775000 ---p 00000000 00:00 0 
7fea79775000-7fea79f75000 rw-p 00000000 00:00 0 
7fea79f75000-7fea79f76000 ---p 00000000 00:00 0 
7fea79f76000-7fea7a776000 rw-p 00000000 00:00 0 
7fea7a776000-7fea7a77a000 ---p 00000000 00:00 0 
7fea7a77a000-7fea7a876000 rw-p 00000000 00:00 0 
7fea7a876000-7fea7a877000 rw-s 00000000 00:01 41711                      /memfd:pipewire-memfd:flags=0x0000000f,type=2,size=4096 (deleted)
7fea7a877000-7fea7a880000 rw-s 00000000 00:01 42568                      /memfd:pipewire-memfd:flags=0x0000000f,type=2,size=32832 (deleted)
7fea7a880000-7fea7a889000 rw-s 00000000 00:01 42567                      /memfd:pipewire-memfd:flags=0x0000000f,type=2,size=32832 (deleted)
7fea7a889000-7fea7a88a000 rw-s 00000000 00:01 6407                       /memfd:pipewire-memfd:flags=0x0000000f,type=2,size=2312 (deleted)
7fea7a88a000-7fea7a88b000 rw-s 00000000 00:01 41710                      /memfd:pipewire-memfd:flags=0x0000000f,type=2,size=2312 (deleted)
7fea7a88b000-7fea7a88c000 rw-s 00000000 00:01 44452                      /memfd:pipewire-memfd:flags=0x0000000f,type=2,size=2312 (deleted)
7fea7a88c000-7fea7a88d000 ---p 00000000 00:00 0 
7fea7a88d000-7fea7b08d000 rw-p 00000000 00:00 0 
7fea7b08d000-7fea7b08e000 ---p 00000000 00:00 0 
7fea7b08e000-7fea7b88e000 rw-p 00000000 00:00 0 
7fea7b88e000-7fea7b88f000 ---p 00000000 00:00 0 
7fea7b88f000-7fea7c08f000 rw-p 00000000 00:00 0 
7fea7c08f000-7fea7c093000 ---p 00000000 00:00 0 
7fea7c093000-7fea7c18f000 rw-p 00000000 00:00 0 
7fea7c18f000-7fea7c190000 rw-s 00000000 00:01 47388                      /memfd:pipewire-memfd:flags=0x0000000f,type=2,size=4096 (deleted)
7fea7c190000-7fea7c199000 rw-s 00000000 00:01 40686                      /memfd:pipewire-memfd:flags=0x0000000f,type=2,size=32832 (deleted)
7fea7c199000-7fea7c1a2000 rw-s 00000000 00:01 40685                      /memfd:pipewire-memfd:flags=0x0000000f,type=2,size=32832 (deleted)
7fea7c1a2000-7fea7c1a3000 rw-s 00000000 00:01 6407                       /memfd:pipewire-memfd:flags=0x0000000f,type=2,size=2312 (deleted)
7fea7c1a3000-7fea7c1a4000 rw-s 00000000 00:01 47387                      /memfd:pipewire-memfd:flags=0x0000000f,type=2,size=2312 (deleted)
7fea7c1a4000-7fea7c1a5000 rw-s 00000000 00:01 44451                      /memfd:pipewire-memfd:flags=0x0000000f,type=2,size=2312 (deleted)
7fea7c1a5000-7fea7c1a6000 ---p 00000000 00:00 0 
7fea7c1a6000-7fea7c9a6000 rw-p 00000000 00:00 0 
7fea7c9a6000-7fea7c9a7000 ---p 00000000 00:00 0 
7fea7c9a7000-7fea7d1a7000 rw-p 00000000 00:00 0 
7fea7d1a7000-7fea7d1a8000 ---p 00000000 00:00 0 
7fea7d1a8000-7fea7d9a8000 rw-p 00000000 00:00 0 
7fea7d9a8000-7fea7d9ac000 ---p 00000000 00:00 0 
7fea7d9ac000-7fea7daa8000 rw-p 00000000 00:00 0 
7fea7daa8000-7fea7daa9000 rw-s 00000000 00:01 45396                      /memfd:pipewire-memfd:flags=0x0000000f,type=2,size=4096 (deleted)
7fea7daa9000-7fea7dab2000 rw-s 00000000 00:01 47386                      /memfd:pipewire-memfd:flags=0x0000000f,type=2,size=32832 (deleted)
7fea7dab2000-7fea7dabb000 rw-s 00000000 00:01 47385                      /memfd:pipewire-memfd:flags=0x0000000f,type=2,size=32832 (deleted)
7fea7dabb000-7fea7dabc000 rw-s 00000000 00:01 6407                       /memfd:pipewire-memfd:flags=0x0000000f,type=2,size=2312 (deleted)
7fea7dabc000-7fea7dabd000 ---p 00000000 00:00 0 
7fea7dabd000-7fea7e2bd000 rw-p 00000000 00:00 0 
7fea7e2bd000-7fea7e2be000 ---p 00000000 00:00 0 
7fea7e2be000-7fea7eabe000 rw-p 00000000 00:00 0 
7fea7eabe000-7fea7eabf000 ---p 00000000 00:00 0 
7fea7eabf000-7fea7f2bf000 rw-p 00000000 00:00 0 
7fea7f2bf000-7fea7f2c3000 ---p 00000000 00:00 0 
7fea7f2c3000-7fea7f3bf000 rw-p 00000000 00:00 0 
7fea7f3bf000-7fea7f3c8000 rw-s 00000000 00:01 40684                      /memfd:pipewire-memfd:flags=0x0000000f,type=2,size=32832 (deleted)
7fea7f3c8000-7fea7f3c9000 ---p 00000000 00:00 0 
7fea7f3c9000-7fea7fbc9000 rw-p 00000000 00:00 0 
7fea7fbc9000-7fea7fbca000 ---p 00000000 00:00 0 
7fea7fbca000-7fea803ca000 rw-p 00000000 00:00 0 
7fea803ca000-7fea803cb000 ---p 00000000 00:00 0 
7fea803cb000-7fea80bcb000 rw-p 00000000 00:00 0 
7fea80bcb000-7fea80bcf000 ---p 00000000 00:00 0 
7fea80bcf000-7fea80ccb000 rw-p 00000000 00:00 0 
7fea80ccb000-7fea80ccc000 ---p 00000000 00:00 0 
7fea80ccc000-7fea814cc000 rw-p 00000000 00:00 0 
7fea814cc000-7fea814cd000 ---p 00000000 00:00 0 
7fea814cd000-7fea81ccd000 rw-p 00000000 00:00 0 
7fea81ccd000-7fea81cce000 ---p 00000000 00:00 0 
7fea81cce000-7fea824ce000 rw-p 00000000 00:00 0 
7fea824ce000-7fea824d2000 ---p 00000000 00:00 0 
7fea824d2000-7fea825ce000 rw-p 00000000 00:00 0 
7fea825ce000-7fea825cf000 ---p 00000000 00:00 0 
7fea825cf000-7fea82dcf000 rw-p 00000000 00:00 0 
7fea82dcf000-7fea82dd0000 ---p 00000000 00:00 0 
7fea82dd0000-7fea835d0000 rw-p 00000000 00:00 0 
7fea835d0000-7fea835d1000 ---p 00000000 00:00 0 
7fea835d1000-7fea83dd1000 rw-p 00000000 00:00 0 
7fea83dd1000-7fea83dd5000 ---p 00000000 00:00 0 
7fea83dd5000-7fea83ed1000 rw-p 00000000 00:00 0 
7fea83ed1000-7fea83ed2000 ---p 00000000 00:00 0 
7fea83ed2000-7fea846d2000 rw-p 00000000 00:00 0 
7fea846d2000-7fea846d3000 ---p 00000000 00:00 0 
7fea846d3000-7fea84ed3000 rw-p 00000000 00:00 0 
7fea84ed3000-7fea84ed4000 ---p 00000000 00:00 0 
7fea84ed4000-7fea856d4000 rw-p 00000000 00:00 0 
7fea856d4000-7fea856d8000 ---p 00000000 00:00 0 
7fea856d8000-7fea857d4000 rw-p 00000000 00:00 0 
7fea857d4000-7fea857d5000 ---p 00000000 00:00 0 
7fea857d5000-7fea85fd5000 rw-p 00000000 00:00 0 
7fea85fd5000-7fea85fd6000 ---p 00000000 00:00 0 
7fea85fd6000-7fea867d6000 rw-p 00000000 00:00 0 
7fea867d6000-7fea867d7000 ---p 00000000 00:00 0 
7fea867d7000-7fea86fd7000 rw-p 00000000 00:00 0 
7fea86fd7000-7fea86fdb000 ---p 00000000 00:00 0 
7fea86fdb000-7fea870d7000 rw-p 00000000 00:00 0 
7fea870d7000-7fea870d8000 ---p 00000000 00:00 0 
7fea870d8000-7fea878d8000 rw-p 00000000 00:00 0 
7fea878d8000-7fea878d9000 ---p 00000000 00:00 0 
7fea878d9000-7fea880d9000 rw-p 00000000 00:00 0 
7fea880d9000-7fea880da000 ---p 00000000 00:00 0 
7fea880da000-7fea888da000 rw-p 00000000 00:00 0 
7fea888da000-7fea888de000 ---p 00000000 00:00 0 
7fea888de000-7fea889da000 rw-p 00000000 00:00 0 
7fea889da000-7fea889db000 ---p 00000000 00:00 0 
7fea889db000-7fea891db000 rw-p 00000000 00:00 0 
7fea891db000-7fea891dc000 ---p 00000000 00:00 0 
7fea891dc000-7fea899dc000 rw-p 00000000 00:00 0 
7fea899dc000-7fea899dd000 ---p 00000000 00:00 0 
7fea899dd000-7fea8a1dd000 rw-p 00000000 00:00 0 
7fea8a1dd000-7fea8a1e1000 ---p 00000000 00:00 0 
7fea8a1e1000-7fea8a2dd000 rw-p 00000000 00:00 0 
7fea8a2dd000-7fea8a2de000 ---p 00000000 00:00 0 
7fea8a2de000-7fea8aade000 rw-p 00000000 00:00 0 
7fea8aade000-7fea8aadf000 ---p 00000000 00:00 0 
7fea8aadf000-7fea8b2df000 rw-p 00000000 00:00 0 
7fea8b2df000-7fea8b2e0000 ---p 00000000 00:00 0 
7fea8b2e0000-7fea8bae0000 rw-p 00000000 00:00 0 
7fea8bae0000-7fea8bae4000 ---p 00000000 00:00 0 
7fea8bae4000-7fea8bbe0000 rw-p 00000000 00:00 0 
7fea8bbe0000-7fea8bbe1000 ---p 00000000 00:00 0 
7fea8bbe1000-7fea8c3e1000 rw-p 00000000 00:00 0 
7fea8c3e1000-7fea8c3e2000 ---p 00000000 00:00 0 
7fea8c3e2000-7fea8cbe2000 rw-p 00000000 00:00 0 
7fea8cbe2000-7fea8cbe3000 ---p 00000000 00:00 0 
7fea8cbe3000-7fea8d3e3000 rw-p 00000000 00:00 0 
7fea8d3e3000-7fea8d3e7000 ---p 00000000 00:00 0 
7fea8d3e7000-7fea8d4e3000 rw-p 00000000 00:00 0 
7fea8d4e3000-7fea8d4e4000 ---p 00000000 00:00 0 
7fea8d4e4000-7fea8dce4000 rw-p 00000000 00:00 0 
7fea8dce4000-7fea8dce5000 ---p 00000000 00:00 0 
7fea8dce5000-7fea8e4e5000 rw-p 00000000 00:00 0 
7fea8e4e5000-7fea8e4e6000 ---p 00000000 00:00 0 
7fea8e4e6000-7fea8ece6000 rw-p 00000000 00:00 0 
7fea8ece6000-7fea8ecea000 ---p 00000000 00:00 0 
7fea8ecea000-7fea8ede6000 rw-p 00000000 00:00 0 
7fea8ede6000-7fea8ede7000 ---p 00000000 00:00 0 
7fea8ede7000-7fea8f5e7000 rw-p 00000000 00:00 0 
7fea8f5e7000-7fea8f5e8000 ---p 00000000 00:00 0 
7fea8f5e8000-7fea8fde8000 rw-p 00000000 00:00 0 
7fea8fde8000-7fea8fde9000 ---p 00000000 00:00 0 
7fea8fde9000-7fea905e9000 rw-p 00000000 00:00 0 
7fea905e9000-7fea905ed000 ---p 00000000 00:00 0 
7fea905ed000-7fea906e9000 rw-p 00000000 00:00 0 
7fea906e9000-7fea906ea000 ---p 00000000 00:00 0 
7fea906ea000-7fea90eea000 rw-p 00000000 00:00 0 
7fea90eea000-7fea90eeb000 ---p 00000000 00:00 0 
7fea90eeb000-7fea916eb000 rw-p 00000000 00:00 0 
7fea916eb000-7fea916ec000 ---p 00000000 00:00 0 
7fea916ec000-7fea91eec000 rw-p 00000000 00:00 0 
7fea91eec000-7fea91ef0000 ---p 00000000 00:00 0 
7fea91ef0000-7fea91fec000 rw-p 00000000 00:00 0 
7fea91fec000-7fea91fed000 ---p 00000000 00:00 0 
7fea91fed000-7fea927ed000 rw-p 00000000 00:00 0 
7fea927ed000-7fea927ee000 ---p 00000000 00:00 0 
7fea927ee000-7fea92fee000 rw-p 00000000 00:00 0 
7fea92fee000-7fea92fef000 ---p 00000000 00:00 0 
7fea92fef000-7fea937ef000 rw-p 00000000 00:00 0 
7fea937ef000-7fea937f0000 ---p 00000000 00:00 0 
7fea937f0000-7fea93ff0000 rw-p 00000000 00:00 0 
7fea93ff0000-7fea93ff1000 ---p 00000000 00:00 0 
7fea93ff1000-7fea947f1000 rw-p 00000000 00:00 0 
7fea947f1000-7fea947f2000 ---p 00000000 00:00 0 
7fea947f2000-7fea94ff2000 rw-p 00000000 00:00 0 
7fea94ff2000-7fea94ff3000 ---p 00000000 00:00 0 
7fea94ff3000-7fea957f3000 rw-p 00000000 00:00 0 
7fea957f3000-7fea957f4000 ---p 00000000 00:00 0 
7fea957f4000-7fea95ff4000 rw-p 00000000 00:00 0 
7fea95ff4000-7fea95ff5000 ---p 00000000 00:00 0 
7fea95ff5000-7fea967f5000 rw-p 00000000 00:00 0 
7fea967f5000-7fea967f6000 ---p 00000000 00:00 0 
7fea967f6000-7fea96ff6000 rw-p 00000000 00:00 0 
7fea96ff6000-7fea96ff7000 ---p 00000000 00:00 0 
7fea96ff7000-7fea977f7000 rw-p 00000000 00:00 0 
7fea977f7000-7fea977f8000 ---p 00000000 00:00 0 
7fea977f8000-7fea97ff8000 rw-p 00000000 00:00 0 
7fea97ff8000-7fea97ff9000 ---p 00000000 00:00 0 
7fea97ff9000-7fea987f9000 rw-p 00000000 00:00 0 
7fea987f9000-7fea987fa000 ---p 00000000 00:00 0 
7fea987fa000-7fea98ffa000 rw-p 00000000 00:00 0 
7fea98ffa000-7fea98ffb000 ---p 00000000 00:00 0 
7fea98ffb000-7fea997fb000 rw-p 00000000 00:00 0 
7fea997fb000-7fea997fc000 ---p 00000000 00:00 0 
7fea997fc000-7fea99ffc000 rw-p 00000000 00:00 0 
7fea99ffc000-7fea99ffd000 ---p 00000000 00:00 0 
7fea99ffd000-7fea9a7fd000 rw-p 00000000 00:00 0 
7fea9a7fd000-7fea9a7fe000 ---p 00000000 00:00 0 
7fea9a7fe000-7fea9affe000 rw-p 00000000 00:00 0 
7fea9affe000-7fea9afff000 ---p 00000000 00:00 0 
7fea9afff000-7fea9b7ff000 rw-p 00000000 00:00 0 
7fea9b7ff000-7fea9b800000 ---p 00000000 00:00 0 
7fea9b800000-7fea9c000000 rw-p 00000000 00:00 0 
7fea9c000000-7fea9d592000 rw-p 00000000 00:00 0 
7fea9d592000-7feaa0000000 ---p 00000000 00:00 0 
7feaa0000000-7feaa0001000 rw-s 00000000 00:01 45395                      /memfd:pipewire-memfd:flags=0x0000000f,type=2,size=2312 (deleted)
7feaa0001000-7feaa0002000 rw-s 00000000 00:01 44450                      /memfd:pipewire-memfd:flags=0x0000000f,type=2,size=2312 (deleted)
7feaa0002000-7feaa0003000 rw-s 00000000 00:01 42566                      /memfd:pipewire-memfd:flags=0x0000000f,type=2,size=4096 (deleted)
7feaa0003000-7feaa000c000 rw-s 00000000 00:01 40683                      /memfd:pipewire-memfd:flags=0x0000000f,type=2,size=32832 (deleted)
7feaa000c000-7feaa000d000 rw-s 00000000 00:01 6407                       /memfd:pipewire-memfd:flags=0x0000000f,type=2,size=2312 (deleted)
7feaa000d000-7feaa000e000 rw-s 00000000 00:01 42565                      /memfd:pipewire-memfd:flags=0x0000000f,type=2,size=2312 (deleted)
7feaa000e000-7feaa000f000 rw-s 00000000 00:01 46358                      /memfd:pipewire-memfd:flags=0x0000000f,type=2,size=2312 (deleted)
7feaa000f000-7feaa0010000 rw-s 00000000 00:01 45392                      /memfd:pipewire-memfd:flags=0x0000000f,type=2,size=4096 (deleted)
7feaa0010000-7feaa0019000 rw-s 00000000 00:01 45394                      /memfd:pipewire-memfd:flags=0x0000000f,type=2,size=32832 (deleted)
7feaa0019000-7feaa0022000 rw-s 00000000 00:01 45393                      /memfd:pipewire-memfd:flags=0x0000000f,type=2,size=32832 (deleted)
7feaa0022000-7feaa0023000 rw-s 00000000 00:01 6407                       /memfd:pipewire-memfd:flags=0x0000000f,type=2,size=2312 (deleted)
7feaa0023000-7feaa0024000 rw-s 00000000 00:01 45391                      /memfd:pipewire-memfd:flags=0x0000000f,type=2,size=2312 (deleted)
7feaa0024000-7feaa0025000 rw-s 00000000 00:01 47384                      /memfd:pipewire-memfd:flags=0x0000000f,type=2,size=2312 (deleted)
7feaa0025000-7feaa0026000 rw-s 00000000 00:01 44449                      /memfd:pipewire-memfd:flags=0x0000000f,type=2,size=4096 (deleted)
7feaa0026000-7feaa002f000 rw-s 00000000 00:01 45390                      /memfd:pipewire-memfd:flags=0x0000000f,type=2,size=32832 (deleted)
7feaa002f000-7feaa0038000 rw-s 00000000 00:01 45389                      /memfd:pipewire-memfd:flags=0x0000000f,type=2,size=32832 (deleted)
7feaa0038000-7feaa0039000 rw-s 00000000 00:01 6407                       /memfd:pipewire-memfd:flags=0x0000000f,type=2,size=2312 (deleted)
7feaa0039000-7feaa003a000 rw-s 00000000 00:01 44448                      /memfd:pipewire-memfd:flags=0x0000000f,type=2,size=2312 (deleted)
7feaa003a000-7feaa0043000 rw-s 00000000 00:01 40681                      /memfd:pipewire-memfd:flags=0x0000000f,type=2,size=32832 (deleted)
7feaa0043000-7feaa004c000 rw-s 00000000 00:01 40680                      /memfd:pipewire-memfd:flags=0x0000000f,type=2,size=32832 (deleted)
7feaa0053000-7feaa005c000 rw-s 00000000 00:01 40692                      /memfd:pipewire-memfd:flags=0x0000000f,type=2,size=32832 (deleted)
7feaa005c000-7feaa0065000 rw-s 00000000 00:01 46357                      /memfd:pipewire-memfd:flags=0x0000000f,type=2,size=32832 (deleted)
7feaa0065000-7feaa0069000 ---p 00000000 00:00 0 
7feaa0069000-7feaa0165000 rw-p 00000000 00:00 0 
7feaa0165000-7feaa0169000 ---p 00000000 00:00 0 
7feaa0169000-7feaa0265000 rw-p 00000000 00:00 0 
7feaa0265000-7feaa0269000 ---p 00000000 00:00 0 
7feaa0269000-7feaa0365000 rw-p 00000000 00:00 0 
7feaa0369000-7feaa036a000 rw-s 00000000 00:01 47396                      /memfd:pipewire-memfd:flags=0x0000000f,type=2,size=4096 (deleted)
7feaa036a000-7feaa036b000 rw-s 00000000 00:01 6407                       /memfd:pipewire-memfd:flags=0x0000000f,type=2,size=2312 (deleted)
7feaa036b000-7feaa036c000 rw-s 00000000 00:01 47395                      /memfd:pipewire-memfd:flags=0x0000000f,type=2,size=2312 (deleted)
7feaa036c000-7feaa036d000 rw-s 00000000 00:01 42575                      /memfd:pipewire-memfd:flags=0x0000000f,type=2,size=2312 (deleted)
7feaa036d000-7feaa037d000 rw-s 102327000 00:10 1059                      anon_inode:i915.gem
7feaa037d000-7feaa037e000 rw-s 00000000 00:01 46366                      /memfd:pipewire-memfd:flags=0x0000000f,type=2,size=4096 (deleted)
7feaa037e000-7feaa0387000 rw-s 00000000 00:01 43595                      /memfd:pipewire-memfd:flags=0x0000000f,type=2,size=32832 (deleted)
7feaa0387000-7feaa0390000 rw-s 00000000 00:01 43594                      /memfd:pipewire-memfd:flags=0x0000000f,type=2,size=32832 (deleted)
7feaa0390000-7feaa0391000 rw-s 00000000 00:01 6407                       /memfd:pipewire-memfd:flags=0x0000000f,type=2,size=2312 (deleted)
7feaa0391000-7feaa0392000 rw-s 00000000 00:01 44460                      /memfd:pipewire-memfd:flags=0x0000000f,type=2,size=2312 (deleted)
7feaa0392000-7feaa0393000 rw-s 00000000 00:01 43593                      /memfd:pipewire-memfd:flags=0x0000000f,type=2,size=2312 (deleted)
7feaa0393000-7feaa0394000 rw-s 00000000 00:01 46365                      /memfd:pipewire-memfd:flags=0x0000000f,type=2,size=4096 (deleted)
7feaa0394000-7feaa039d000 rw-s 00000000 00:01 44459                      /memfd:pipewire-memfd:flags=0x0000000f,type=2,size=32832 (deleted)
7feaa039d000-7feaa03a6000 rw-s 00000000 00:01 44458                      /memfd:pipewire-memfd:flags=0x0000000f,type=2,size=32832 (deleted)
7feaa03a6000-7feaa03a7000 rw-s 00000000 00:01 6407                       /memfd:pipewire-memfd:flags=0x0000000f,type=2,size=2312 (deleted)
7feaa03a7000-7feaa03a8000 rw-s 00000000 00:01 44457                      /memfd:pipewire-memfd:flags=0x0000000f,type=2,size=2312 (deleted)
7feaa03a8000-7feaa03a9000 rw-s 00000000 00:01 45405                      /memfd:pipewire-memfd:flags=0x0000000f,type=2,size=2312 (deleted)
7feaa03a9000-7feaa03aa000 rw-s 00000000 00:01 44456                      /memfd:pipewire-memfd:flags=0x0000000f,type=2,size=4096 (deleted)
7feaa03aa000-7feaa03b3000 rw-s 00000000 00:01 45404                      /memfd:pipewire-memfd:flags=0x0000000f,type=2,size=32832 (deleted)
7feaa03b3000-7feaa03bc000 rw-s 00000000 00:01 45403                      /memfd:pipewire-memfd:flags=0x0000000f,type=2,size=32832 (deleted)
7feaa03bc000-7feaa03bd000 rw-s 00000000 00:01 6407                       /memfd:pipewire-memfd:flags=0x0000000f,type=2,size=2312 (deleted)
7feaa03bd000-7feaa03be000 rw-s 00000000 00:01 44455                      /memfd:pipewire-memfd:flags=0x0000000f,type=2,size=2312 (deleted)
7feaa03be000-7feaa03bf000 rw-s 00000000 00:01 47393                      /memfd:pipewire-memfd:flags=0x0000000f,type=2,size=2312 (deleted)
7feaa03bf000-7feaa03c0000 rw-s 00000000 00:01 45402                      /memfd:pipewire-memfd:flags=0x0000000f,type=2,size=4096 (deleted)
7feaa03c0000-7feaa03c9000 rw-s 00000000 00:01 40691                      /memfd:pipewire-memfd:flags=0x0000000f,type=2,size=32832 (deleted)
7feaa03c9000-7feaa03d2000 rw-s 00000000 00:01 40690                      /memfd:pipewire-memfd:flags=0x0000000f,type=2,size=32832 (deleted)
7feaa03d2000-7feaa03d3000 rw-s 00000000 00:01 6407                       /memfd:pipewire-memfd:flags=0x0000000f,type=2,size=2312 (deleted)
7feaa03d3000-7feaa03d4000 rw-s 00000000 00:01 45401                      /memfd:pipewire-memfd:flags=0x0000000f,type=2,size=2312 (deleted)
7feaa03d4000-7feaa03d5000 rw-s 00000000 00:01 44454                      /memfd:pipewire-memfd:flags=0x0000000f,type=2,size=2312 (deleted)
7feaa03d5000-7feaa03e5000 rw-s 1013b9000 00:10 1059                      anon_inode:i915.gem
7feaa03e5000-7feaa03e9000 ---p 00000000 00:00 0 
7feaa03e9000-7feaa04e5000 rw-p 00000000 00:00 0 
7feaa04e5000-7feaa04e9000 ---p 00000000 00:00 0 
7feaa04e9000-7feaa05e5000 rw-p 00000000 00:00 0 
7feaa05e5000-7feaa05e9000 ---p 00000000 00:00 0 
7feaa05e9000-7feaa06e5000 rw-p 00000000 00:00 0 
7feaa06e5000-7feaa06e6000 ---p 00000000 00:00 0 
7feaa06e6000-7feaa0ee6000 rw-p 00000000 00:00 0 
7feaa0ee6000-7feaa0eea000 ---p 00000000 00:00 0 
7feaa0eea000-7feaa0fe6000 rw-p 00000000 00:00 0 
7feaa0fe6000-7feaa0fe7000 ---p 00000000 00:00 0 
7feaa0fe7000-7feaa17e7000 rw-p 00000000 00:00 0 
7feaa17e7000-7feaa17e8000 ---p 00000000 00:00 0 
7feaa17e8000-7feaa1fe8000 rw-p 00000000 00:00 0 
7feaa1fe8000-7feaa1fe9000 ---p 00000000 00:00 0 
7feaa1fe9000-7feaa27e9000 rw-p 00000000 00:00 0 
7feaa27e9000-7feaa27ed000 ---p 00000000 00:00 0 
7feaa27ed000-7feaa28e9000 rw-p 00000000 00:00 0 
7feaa28e9000-7feaa28ea000 ---p 00000000 00:00 0 
7feaa28ea000-7feaa30ea000 rw-p 00000000 00:00 0 
7feaa30ea000-7feaa30eb000 ---p 00000000 00:00 0 
7feaa30eb000-7feaa38eb000 rw-p 00000000 00:00 0 
7feaa38eb000-7feaa38ec000 ---p 00000000 00:00 0 
7feaa38ec000-7feaa40ec000 rw-p 00000000 00:00 0 
7feaa40ec000-7feaa40f0000 ---p 00000000 00:00 0 
7feaa40f0000-7feaa41ec000 rw-p 00000000 00:00 0 
7feaa41ec000-7feaa41ed000 ---p 00000000 00:00 0 
7feaa41ed000-7feaa49ed000 rw-p 00000000 00:00 0 
7feaa49ed000-7feaa49ee000 ---p 00000000 00:00 0 
7feaa49ee000-7feaa51ee000 rw-p 00000000 00:00 0 
7feaa51ee000-7feaa51ef000 ---p 00000000 00:00 0 
7feaa51ef000-7feaa59ef000 rw-p 00000000 00:00 0 
7feaa59ef000-7feaa59f3000 ---p 00000000 00:00 0 
7feaa59f3000-7feaa5aef000 rw-p 00000000 00:00 0 
7feaa5aef000-7feaa5af0000 ---p 00000000 00:00 0 
7feaa5af0000-7feaa62f0000 rw-p 00000000 00:00 0 
7feaa62f0000-7feaa62f1000 ---p 00000000 00:00 0 
7feaa62f1000-7feaa6af1000 rw-p 00000000 00:00 0 
7feaa6af1000-7feaa6af2000 ---p 00000000 00:00 0 
7feaa6af2000-7feaa72f2000 rw-p 00000000 00:00 0 
7feaa72f2000-7feaa72f6000 ---p 00000000 00:00 0 
7feaa72f6000-7feaa73f2000 rw-p 00000000 00:00 0 
7feaa73f2000-7feaa73f3000 ---p 00000000 00:00 0 
7feaa73f3000-7feaa7bf3000 rw-p 00000000 00:00 0 
7feaa7bf3000-7feaa7bf4000 ---p 00000000 00:00 0 
7feaa7bf4000-7feaa83f4000 rw-p 00000000 00:00 0 
7feaa83f4000-7feaa83f5000 ---p 00000000 00:00 0 
7feaa83f5000-7feaa8bf5000 rw-p 00000000 00:00 0 
7feaa8bf5000-7feaa8bf9000 ---p 00000000 00:00 0 
7feaa8bf9000-7feaa8cf5000 rw-p 00000000 00:00 0 
7feaa8cf5000-7feaa8cf6000 ---p 00000000 00:00 0 
7feaa8cf6000-7feaa94f6000 rw-p 00000000 00:00 0 
7feaa94f6000-7feaa94f7000 ---p 00000000 00:00 0 
7feaa94f7000-7feaa9cf7000 rw-p 00000000 00:00 0 
7feaa9cf7000-7feaa9cf8000 ---p 00000000 00:00 0 
7feaa9cf8000-7feaaa4f8000 rw-p 00000000 00:00 0 
7feaaa4f8000-7feaaa4fc000 ---p 00000000 00:00 0 
7feaaa4fc000-7feaaa5f8000 rw-p 00000000 00:00 0 
7feaaa5f8000-7feaaa5f9000 ---p 00000000 00:00 0 
7feaaa5f9000-7feaaadf9000 rw-p 00000000 00:00 0 
7feaaadf9000-7feaaadfa000 ---p 00000000 00:00 0 
7feaaadfa000-7feaab5fa000 rw-p 00000000 00:00 0 
7feaab5fa000-7feaab5fb000 ---p 00000000 00:00 0 
7feaab5fb000-7feaabdfb000 rw-p 00000000 00:00 0 
7feaabdfb000-7feaabdff000 ---p 00000000 00:00 0 
7feaabdff000-7feaabefb000 rw-p 00000000 00:00 0 
7feaabefb000-7feaabefc000 ---p 00000000 00:00 0 
7feaabefc000-7feaac6fc000 rw-p 00000000 00:00 0 
7feaac6fc000-7feaac6fd000 ---p 00000000 00:00 0 
7feaac6fd000-7feaacefd000 rw-p 00000000 00:00 0 
7feaacefd000-7feaacefe000 ---p 00000000 00:00 0 
7feaacefe000-7feaad6fe000 rw-p 00000000 00:00 0 
7feaad6fe000-7feaad702000 ---p 00000000 00:00 0 
7feaad702000-7feaad7fe000 rw-p 00000000 00:00 0 
7feaad7fe000-7feaad7ff000 ---p 00000000 00:00 0 
7feaad7ff000-7feaadfff000 rw-p 00000000 00:00 0 
7feaadfff000-7feaae000000 ---p 00000000 00:00 0 
7feaae000000-7feaae800000 rw-p 00000000 00:00 0 
7feaae800000-7feaae801000 ---p 00000000 00:00 0 
7feaae801000-7feaaf001000 rw-p 00000000 00:00 0 
7feaaf001000-7feaaf005000 ---p 00000000 00:00 0 
7feaaf005000-7feaaf101000 rw-p 00000000 00:00 0 
7feaaf101000-7feaaf102000 ---p 00000000 00:00 0 
7feaaf102000-7feaaf902000 rw-p 00000000 00:00 0 
7feaaf902000-7feaaf903000 ---p 00000000 00:00 0 
7feaaf903000-7feab0103000 rw-p 00000000 00:00 0 
7feab0103000-7feab0104000 ---p 00000000 00:00 0 
7feab0104000-7feab0904000 rw-p 00000000 00:00 0 
7feab0904000-7feab0908000 ---p 00000000 00:00 0 
7feab0908000-7feab0a04000 rw-p 00000000 00:00 0 
7feab0a04000-7feab0a05000 ---p 00000000 00:00 0 
7feab0a05000-7feab1205000 rw-p 00000000 00:00 0 
7feab1205000-7feab1206000 ---p 00000000 00:00 0 
7feab1206000-7feab1a06000 rw-p 00000000 00:00 0 
7feab1a06000-7feab1a07000 ---p 00000000 00:00 0 
7feab1a07000-7feab2207000 rw-p 00000000 00:00 0 
7feab2207000-7feab220b000 ---p 00000000 00:00 0 
7feab220b000-7feab2307000 rw-p 00000000 00:00 0 
7feab2307000-7feab2308000 ---p 00000000 00:00 0 
7feab2308000-7feab2b08000 rw-p 00000000 00:00 0 
7feab2b08000-7feab2b09000 ---p 00000000 00:00 0 
7feab2b09000-7feab3309000 rw-p 00000000 00:00 0 
7feab3309000-7feab330a000 ---p 00000000 00:00 0 
7feab330a000-7feab3b0a000 rw-p 00000000 00:00 0 
7feab3b0a000-7feab3b0e000 ---p 00000000 00:00 0 
7feab3b0e000-7feab3c0a000 rw-p 00000000 00:00 0 
7feab3c0a000-7feab3c0b000 ---p 00000000 00:00 0 
7feab3c0b000-7feab440b000 rw-p 00000000 00:00 0 
7feab440b000-7feab440c000 ---p 00000000 00:00 0 
7feab440c000-7feab4c0c000 rw-p 00000000 00:00 0 
7feab4c0c000-7feab4c0d000 ---p 00000000 00:00 0 
7feab4c0d000-7feab540d000 rw-p 00000000 00:00 0 
7feab540d000-7feab5411000 ---p 00000000 00:00 0 
7feab5411000-7feab550d000 rw-p 00000000 00:00 0 
7feab550d000-7feab550e000 ---p 00000000 00:00 0 
7feab550e000-7feab5d0e000 rw-p 00000000 00:00 0 
7feab5d0e000-7feab5d0f000 ---p 00000000 00:00 0 
7feab5d0f000-7feab650f000 rw-p 00000000 00:00 0 
7feab650f000-7feab6510000 ---p 00000000 00:00 0 
7feab6510000-7feab6d10000 rw-p 00000000 00:00 0 
7feab6d10000-7feab6d14000 ---p 00000000 00:00 0 
7feab6d14000-7feab6e10000 rw-p 00000000 00:00 0 
7feab6e10000-7feab6e11000 ---p 00000000 00:00 0 
7feab6e11000-7feab7611000 rw-p 00000000 00:00 0 
7feab7611000-7feab7612000 ---p 00000000 00:00 0 
7feab7612000-7feab7e12000 rw-p 00000000 00:00 0 
7feab7e12000-7feab7e13000 ---p 00000000 00:00 0 
7feab7e13000-7feab8613000 rw-p 00000000 00:00 0 
7feab8613000-7feab8617000 ---p 00000000 00:00 0 
7feab8617000-7feab8713000 rw-p 00000000 00:00 0 
7feab8713000-7feab8714000 ---p 00000000 00:00 0 
7feab8714000-7feab8f14000 rw-p 00000000 00:00 0 
7feab8f14000-7feab8f15000 ---p 00000000 00:00 0 
7feab8f15000-7feab9715000 rw-p 00000000 00:00 0 
7feab9715000-7feab9716000 ---p 00000000 00:00 0 
7feab9716000-7feab9f16000 rw-p 00000000 00:00 0 
7feab9f16000-7feab9f1a000 ---p 00000000 00:00 0 
7feab9f1a000-7feaba016000 rw-p 00000000 00:00 0 
7feaba016000-7feaba017000 ---p 00000000 00:00 0 
7feaba017000-7feaba817000 rw-p 00000000 00:00 0 
7feaba817000-7feaba818000 ---p 00000000 00:00 0 
7feaba818000-7feabb018000 rw-p 00000000 00:00 0 
7feabb018000-7feabb019000 ---p 00000000 00:00 0 
7feabb019000-7feabb819000 rw-p 00000000 00:00 0 
7feabb819000-7feabb81d000 ---p 00000000 00:00 0 
7feabb81d000-7feabb919000 rw-p 00000000 00:00 0 
7feabb919000-7feabb91a000 ---p 00000000 00:00 0 
7feabb91a000-7feabc11a000 rw-p 00000000 00:00 0 
7feabc11a000-7feabc11b000 ---p 00000000 00:00 0 
7feabc11b000-7feabc91b000 rw-p 00000000 00:00 0 
7feabc91b000-7feabc91c000 ---p 00000000 00:00 0 
7feabc91c000-7feabd11c000 rw-p 00000000 00:00 0 
7feabd11c000-7feabd120000 ---p 00000000 00:00 0 
7feabd120000-7feabd21c000 rw-p 00000000 00:00 0 
7feabd21c000-7feabd21d000 ---p 00000000 00:00 0 
7feabd21d000-7feabda1d000 rw-p 00000000 00:00 0 
7feabda1d000-7feabda1e000 ---p 00000000 00:00 0 
7feabda1e000-7feabe21e000 rw-p 00000000 00:00 0 
7feabe21e000-7feabe21f000 ---p 00000000 00:00 0 
7feabe21f000-7feabea1f000 rw-p 00000000 00:00 0 
7feabea1f000-7feabea23000 ---p 00000000 00:00 0 
7feabea23000-7feabeb1f000 rw-p 00000000 00:00 0 
7feabeb1f000-7feabeb20000 ---p 00000000 00:00 0 
7feabeb20000-7feabf320000 rw-p 00000000 00:00 0 
7feabf320000-7feabf321000 ---p 00000000 00:00 0 
7feabf321000-7feabfb21000 rw-p 00000000 00:00 0 
7feabfb21000-7feabfb22000 ---p 00000000 00:00 0 
7feabfb22000-7feac0322000 rw-p 00000000 00:00 0 
7feac0322000-7feac0326000 ---p 00000000 00:00 0 
7feac0326000-7feac0422000 rw-p 00000000 00:00 0 
7feac0422000-7feac0423000 ---p 00000000 00:00 0 
7feac0423000-7feac0c23000 rw-p 00000000 00:00 0 
7feac0c23000-7feac0c24000 ---p 00000000 00:00 0 
7feac0c24000-7feac1424000 rw-p 00000000 00:00 0 
7feac1424000-7feac1425000 ---p 00000000 00:00 0 
7feac1425000-7feac1c25000 rw-p 00000000 00:00 0 
7feac1c25000-7feac1c29000 ---p 00000000 00:00 0 
7feac1c29000-7feac1d25000 rw-p 00000000 00:00 0 
7feac1d25000-7feac1d26000 ---p 00000000 00:00 0 
7feac1d26000-7feac2526000 rw-p 00000000 00:00 0 
7feac2526000-7feac2527000 ---p 00000000 00:00 0 
7feac2527000-7feac2d27000 rw-p 00000000 00:00 0 
7feac2d27000-7feac2d28000 ---p 00000000 00:00 0 
7feac2d28000-7feac3528000 rw-p 00000000 00:00 0 
7feac3528000-7feac352c000 ---p 00000000 00:00 0 
7feac352c000-7feac3628000 rw-p 00000000 00:00 0 
7feac3628000-7feac3629000 ---p 00000000 00:00 0 
7feac3629000-7feac3e29000 rw-p 00000000 00:00 0 
7feac3e29000-7feac3e2a000 ---p 00000000 00:00 0 
7feac3e2a000-7feac462a000 rw-p 00000000 00:00 0 
7feac462a000-7feac462b000 ---p 00000000 00:00 0 
7feac462b000-7feac4e2b000 rw-p 00000000 00:00 0 
7feac4e2b000-7feac4e2f000 ---p 00000000 00:00 0 
7feac4e2f000-7feac4f2b000 rw-p 00000000 00:00 0 
7feac4f2b000-7feac4f2c000 ---p 00000000 00:00 0 
7feac4f2c000-7feac572c000 rw-p 00000000 00:00 0 
7feac572c000-7feac572d000 ---p 00000000 00:00 0 
7feac572d000-7feac5f2d000 rw-p 00000000 00:00 0 
7feac5f2d000-7feac5f2e000 ---p 00000000 00:00 0 
7feac5f2e000-7feac672e000 rw-p 00000000 00:00 0 
7feac672e000-7feac6732000 ---p 00000000 00:00 0 
7feac6732000-7feac682e000 rw-p 00000000 00:00 0 
7feac682e000-7feac682f000 ---p 00000000 00:00 0 
7feac682f000-7feac702f000 rw-p 00000000 00:00 0 
7feac702f000-7feac7030000 ---p 00000000 00:00 0 
7feac7030000-7feac7830000 rw-p 00000000 00:00 0 
7feac7830000-7feac7831000 ---p 00000000 00:00 0 
7feac7831000-7feac8031000 rw-p 00000000 00:00 0 
7feac8031000-7feac8035000 ---p 00000000 00:00 0 
7feac8035000-7feac8131000 rw-p 00000000 00:00 0 
7feac8131000-7feac8132000 ---p 00000000 00:00 0 
7feac8132000-7feac8932000 rw-p 00000000 00:00 0 
7feac8932000-7feac8933000 ---p 00000000 00:00 0 
7feac8933000-7feac9133000 rw-p 00000000 00:00 0 
7feac9133000-7feac9134000 ---p 00000000 00:00 0 
7feac9134000-7feac9934000 rw-p 00000000 00:00 0 
7feac9934000-7feac9938000 ---p 00000000 00:00 0 
7feac9938000-7feac9a34000 rw-p 00000000 00:00 0 
7feac9a34000-7feac9a35000 ---p 00000000 00:00 0 
7feac9a35000-7feaca235000 rw-p 00000000 00:00 0 
7feaca235000-7feaca236000 ---p 00000000 00:00 0 
7feaca236000-7feacaa36000 rw-p 00000000 00:00 0 
7feacaa36000-7feacaa37000 ---p 00000000 00:00 0 
7feacaa37000-7feacb237000 rw-p 00000000 00:00 0 
7feacb237000-7feacb23b000 ---p 00000000 00:00 0 
7feacb23b000-7feacb337000 rw-p 00000000 00:00 0 
7feacb337000-7feacb338000 ---p 00000000 00:00 0 
7feacb338000-7feacbb38000 rw-p 00000000 00:00 0 
7feacbb38000-7feacbb39000 ---p 00000000 00:00 0 
7feacbb39000-7feacc339000 rw-p 00000000 00:00 0 
7feacc339000-7feacc33a000 ---p 00000000 00:00 0 
7feacc33a000-7feaccb3a000 rw-p 00000000 00:00 0 
7feaccb3a000-7feaccb3e000 ---p 00000000 00:00 0 
7feaccb3e000-7feaccc3a000 rw-p 00000000 00:00 0 
7feaccc3a000-7feaccc3b000 ---p 00000000 00:00 0 
7feaccc3b000-7feacd43b000 rw-p 00000000 00:00 0 
7feacd43b000-7feacd43c000 ---p 00000000 00:00 0 
7feacd43c000-7feacdc3c000 rw-p 00000000 00:00 0 
7feacdc3c000-7feacdc3d000 ---p 00000000 00:00 0 
7feacdc3d000-7feace43d000 rw-p 00000000 00:00 0 
7feace43d000-7feace63d000 rw-s 115b25000 00:10 1059                      anon_inode:i915.gem
7feace63d000-7feace641000 ---p 00000000 00:00 0 
7feace641000-7feace73d000 rw-p 00000000 00:00 0 
7feace73d000-7feace73e000 ---p 00000000 00:00 0 
7feace73e000-7feacef3e000 rw-p 00000000 00:00 0 
7feacef3e000-7feacef3f000 ---p 00000000 00:00 0 
7feacef3f000-7feacf73f000 rw-p 00000000 00:00 0 
7feacf73f000-7feacf740000 ---p 00000000 00:00 0 
7feacf740000-7feacff40000 rw-p 00000000 00:00 0 
7feacff40000-7feacff41000 ---p 00000000 00:00 0 
7feacff41000-7fead0741000 rw-p 00000000 00:00 0 
7fead0741000-7fead0742000 ---p 00000000 00:00 0 
7fead0742000-7fead0f42000 rw-p 00000000 00:00 0 
7fead0f42000-7fead0f43000 ---p 00000000 00:00 0 
7fead0f43000-7fead1743000 rw-p 00000000 00:00 0 
7fead1743000-7fead1744000 ---p 00000000 00:00 0 
7fead1744000-7fead1f44000 rw-p 00000000 00:00 0 
7fead1f44000-7fead1f45000 ---p 00000000 00:00 0 
7fead1f45000-7fead2745000 rw-p 00000000 00:00 0 
7fead2745000-7fead2746000 ---p 00000000 00:00 0 
7fead2746000-7fead2f46000 rw-p 00000000 00:00 0 
7fead2f46000-7fead2f47000 ---p 00000000 00:00 0 
7fead2f47000-7fead3747000 rw-p 00000000 00:00 0 
7fead3747000-7fead3748000 ---p 00000000 00:00 0 
7fead3748000-7fead3f48000 rw-p 00000000 00:00 0 
7fead3f48000-7fead3f49000 ---p 00000000 00:00 0 
7fead3f49000-7fead4749000 rw-p 00000000 00:00 0 
7fead4749000-7fead474a000 ---p 00000000 00:00 0 
7fead474a000-7fead4f4a000 rw-p 00000000 00:00 0 
7fead4f4a000-7fead4f4b000 ---p 00000000 00:00 0 
7fead4f4b000-7fead574b000 rw-p 00000000 00:00 0 
7fead574b000-7fead574c000 ---p 00000000 00:00 0 
7fead574c000-7fead5f4c000 rw-p 00000000 00:00 0 
7fead5f4c000-7fead5f4d000 ---p 00000000 00:00 0 
7fead5f4d000-7fead674d000 rw-p 00000000 00:00 0 
7fead674d000-7fead674e000 ---p 00000000 00:00 0 
7fead674e000-7fead6f4e000 rw-p 00000000 00:00 0 
7fead6f4e000-7fead6f4f000 ---p 00000000 00:00 0 
7fead6f4f000-7fead774f000 rw-p 00000000 00:00 0 
7fead774f000-7fead7750000 ---p 00000000 00:00 0 
7fead7750000-7fead7f50000 rw-p 00000000 00:00 0 
7fead7f50000-7fead7f51000 ---p 00000000 00:00 0 
7fead7f51000-7fead8751000 rw-p 00000000 00:00 0 
7fead8751000-7fead8752000 ---p 00000000 00:00 0 
7fead8752000-7fead8f52000 rw-p 00000000 00:00 0 
7fead8f52000-7fead8f53000 ---p 00000000 00:00 0 
7fead8f53000-7fead9753000 rw-p 00000000 00:00 0 
7fead9753000-7fead9754000 ---p 00000000 00:00 0 
7fead9754000-7fead9f54000 rw-p 00000000 00:00 0 
7fead9f54000-7fead9f55000 ---p 00000000 00:00 0 
7fead9f55000-7feada755000 rw-p 00000000 00:00 0 
7feada755000-7feada756000 ---p 00000000 00:00 0 
7feada756000-7feadaf56000 rw-p 00000000 00:00 0 
7feadaf56000-7feadaf57000 ---p 00000000 00:00 0 
7feadaf57000-7feadb757000 rw-p 00000000 00:00 0 
7feadb757000-7feadb758000 ---p 00000000 00:00 0 
7feadb758000-7feadbf58000 rw-p 00000000 00:00 0 
7feadbf58000-7feadbf59000 ---p 00000000 00:00 0 
7feadbf59000-7feadc759000 rw-p 00000000 00:00 0 
7feadc759000-7feadc75a000 ---p 00000000 00:00 0 
7feadc75a000-7feadcf5a000 rw-p 00000000 00:00 0 
7feadcf5a000-7feadcf5b000 ---p 00000000 00:00 0 
7feadcf5b000-7feadd75b000 rw-p 00000000 00:00 0 
7feadd75b000-7feadd75c000 ---p 00000000 00:00 0 
7feadd75c000-7feaddf5c000 rw-p 00000000 00:00 0 
7feaddf5c000-7feaddf5d000 ---p 00000000 00:00 0 
7feaddf5d000-7feade75d000 rw-p 00000000 00:00 0 
7feade75d000-7feade75e000 ---p 00000000 00:00 0 
7feade75e000-7feadef5e000 rw-p 00000000 00:00 0 
7feadef5e000-7feadef5f000 ---p 00000000 00:00 0 
7feadef5f000-7feadf75f000 rw-p 00000000 00:00 0 
7feadf75f000-7feadf760000 ---p 00000000 00:00 0 
7feadf760000-7feadff60000 rw-p 00000000 00:00 0 
7feadff60000-7feadff61000 ---p 00000000 00:00 0 
7feadff61000-7feae0761000 rw-p 00000000 00:00 0 
7feae0761000-7feae0762000 ---p 00000000 00:00 0 
7feae0762000-7feae0f62000 rw-p 00000000 00:00 0 
7feae0f62000-7feae0f63000 ---p 00000000 00:00 0 
7feae0f63000-7feae1763000 rw-p 00000000 00:00 0 
7feae1763000-7feae1764000 ---p 00000000 00:00 0 
7feae1764000-7feae1f64000 rw-p 00000000 00:00 0 
7feae1f64000-7feae1f65000 ---p 00000000 00:00 0 
7feae1f65000-7feae2765000 rw-p 00000000 00:00 0 
7feae2765000-7feae2766000 ---p 00000000 00:00 0 
7feae2766000-7feae2f66000 rw-p 00000000 00:00 0 
7feae2f66000-7feae2f67000 ---p 00000000 00:00 0 
7feae2f67000-7feae3767000 rw-p 00000000 00:00 0 
7feae3767000-7feae3768000 ---p 00000000 00:00 0 
7feae3768000-7feae3f68000 rw-p 00000000 00:00 0 
7feae3f68000-7feae3f69000 ---p 00000000 00:00 0 
7feae3f69000-7feae4769000 rw-p 00000000 00:00 0 
7feae4769000-7feae476a000 ---p 00000000 00:00 0 
7feae476a000-7feae4f6a000 rw-p 00000000 00:00 0 
7feae4f6a000-7feae4f6b000 ---p 00000000 00:00 0 
7feae4f6b000-7feae576b000 rw-p 00000000 00:00 0 
7feae576b000-7feae576c000 ---p 00000000 00:00 0 
7feae576c000-7feae5f6c000 rw-p 00000000 00:00 0 
7feae5f6c000-7feae5f6d000 ---p 00000000 00:00 0 
7feae5f6d000-7feae676d000 rw-p 00000000 00:00 0 
7feae676d000-7feae676e000 ---p 00000000 00:00 0 
7feae676e000-7feae6f6e000 rw-p 00000000 00:00 0 
7feae6f6e000-7feae6f6f000 ---p 00000000 00:00 0 
7feae6f6f000-7feae776f000 rw-p 00000000 00:00 0 
7feae776f000-7feae7770000 ---p 00000000 00:00 0 
7feae7770000-7feae7f70000 rw-p 00000000 00:00 0 
7feae7f70000-7feae7f71000 ---p 00000000 00:00 0 
7feae7f71000-7feae8771000 rw-p 00000000 00:00 0 
7feae8771000-7feae8772000 ---p 00000000 00:00 0 
7feae8772000-7feae8f72000 rw-p 00000000 00:00 0 
7feae8f72000-7feae8f73000 ---p 00000000 00:00 0 
7feae8f73000-7feae9773000 rw-p 00000000 00:00 0 
7feae9773000-7feae9774000 ---p 00000000 00:00 0 
7feae9774000-7feae9f74000 rw-p 00000000 00:00 0 
7feae9f74000-7feae9f75000 ---p 00000000 00:00 0 
7feae9f75000-7feaea775000 rw-p 00000000 00:00 0 
7feaea775000-7feaea776000 ---p 00000000 00:00 0 
7feaea776000-7feaeaf76000 rw-p 00000000 00:00 0 
7feaeaf76000-7feaeaf77000 ---p 00000000 00:00 0 
7feaeaf77000-7feaeb777000 rw-p 00000000 00:00 0 
7feaeb777000-7feaeb778000 ---p 00000000 00:00 0 
7feaeb778000-7feaebf78000 rw-p 00000000 00:00 0 
7feaebf78000-7feaebf79000 ---p 00000000 00:00 0 
7feaebf79000-7feaec779000 rw-p 00000000 00:00 0 
7feaec779000-7feaec77a000 ---p 00000000 00:00 0 
7feaec77a000-7feaecf7a000 rw-p 00000000 00:00 0 
7feaecf7a000-7feaecf7b000 ---p 00000000 00:00 0 
7feaecf7b000-7feaed77b000 rw-p 00000000 00:00 0 
7feaed77b000-7feaed77c000 ---p 00000000 00:00 0 
7feaed77c000-7feaedf7c000 rw-p 00000000 00:00 0 
7feaedf7c000-7feaedf7d000 ---p 00000000 00:00 0 
7feaedf7d000-7feaee77d000 rw-p 00000000 00:00 0 
7feaee77d000-7feaee77e000 ---p 00000000 00:00 0 
7feaee77e000-7feaeef7e000 rw-p 00000000 00:00 0 
7feaeef7e000-7feaeef7f000 ---p 00000000 00:00 0 
7feaeef7f000-7feaef77f000 rw-p 00000000 00:00 0 
7feaef77f000-7feaef780000 ---p 00000000 00:00 0 
7feaef780000-7feaeff80000 rw-p 00000000 00:00 0 
7feaeff80000-7feaeff81000 ---p 00000000 00:00 0 
7feaeff81000-7feaf0781000 rw-p 00000000 00:00 0 
7feaf0781000-7feaf0782000 ---p 00000000 00:00 0 
7feaf0782000-7feaf0f82000 rw-p 00000000 00:00 0 
7feaf0f82000-7feaf0f83000 ---p 00000000 00:00 0 
7feaf0f83000-7feaf1783000 rw-p 00000000 00:00 0 
7feaf1783000-7feaf1784000 ---p 00000000 00:00 0 
7feaf1784000-7feaf1f84000 rw-p 00000000 00:00 0 
7feaf1f84000-7feaf1f85000 ---p 00000000 00:00 0 
7feaf1f85000-7feaf2785000 rw-p 00000000 00:00 0 
7feaf2785000-7feaf2786000 ---p 00000000 00:00 0 
7feaf2786000-7feaf2f86000 rw-p 00000000 00:00 0 
7feaf2f86000-7feaf2f87000 ---p 00000000 00:00 0 
7feaf2f87000-7feaf3787000 rw-p 00000000 00:00 0 
7feaf3787000-7feaf3788000 ---p 00000000 00:00 0 
7feaf3788000-7feaf3f88000 rw-p 00000000 00:00 0 
7feaf3f88000-7feaf3f89000 ---p 00000000 00:00 0 
7feaf3f89000-7feaf4789000 rw-p 00000000 00:00 0 
7feaf4789000-7feaf478a000 ---p 00000000 00:00 0 
7feaf478a000-7feaf4f8a000 rw-p 00000000 00:00 0 
7feaf4f8a000-7feaf4f8b000 ---p 00000000 00:00 0 
7feaf4f8b000-7feaf578b000 rw-p 00000000 00:00 0 
7feaf578b000-7feaf578c000 ---p 00000000 00:00 0 
7feaf578c000-7feaf5f8c000 rw-p 00000000 00:00 0 
7feaf5f8c000-7feaf5f8d000 ---p 00000000 00:00 0 
7feaf5f8d000-7feaf678d000 rw-p 00000000 00:00 0 
7feaf678d000-7feaf678e000 ---p 00000000 00:00 0 
7feaf678e000-7feaf6f8e000 rw-p 00000000 00:00 0 
7feaf6f8e000-7feaf6f8f000 ---p 00000000 00:00 0 
7feaf6f8f000-7feaf778f000 rw-p 00000000 00:00 0 
7feaf778f000-7feaf7790000 ---p 00000000 00:00 0 
7feaf7790000-7feaf7f90000 rw-p 00000000 00:00 0 
7feaf7f90000-7feaf7f91000 ---p 00000000 00:00 0 
7feaf7f91000-7feaf8791000 rw-p 00000000 00:00 0 
7feaf8791000-7feaf8792000 ---p 00000000 00:00 0 
7feaf8792000-7feaf8f92000 rw-p 00000000 00:00 0 
7feaf8f92000-7feaf8f93000 ---p 00000000 00:00 0 
7feaf8f93000-7feaf9793000 rw-p 00000000 00:00 0 
7feaf9793000-7feaf9794000 ---p 00000000 00:00 0 
7feaf9794000-7feaf9f94000 rw-p 00000000 00:00 0 
7feaf9f94000-7feaf9f95000 ---p 00000000 00:00 0 
7feaf9f95000-7feafa795000 rw-p 00000000 00:00 0 
7feafa795000-7feafa796000 ---p 00000000 00:00 0 
7feafa796000-7feafaf96000 rw-p 00000000 00:00 0 
7feafaf96000-7feafaf97000 ---p 00000000 00:00 0 
7feafaf97000-7feafb797000 rw-p 00000000 00:00 0 
7feafb797000-7feafb798000 ---p 00000000 00:00 0 
7feafb798000-7feafbf98000 rw-p 00000000 00:00 0 
7feafbf98000-7feafbf99000 ---p 00000000 00:00 0 
7feafbf99000-7feafc799000 rw-p 00000000 00:00 0 
7feafc799000-7feafc79a000 ---p 00000000 00:00 0 
7feafc79a000-7feafcf9a000 rw-p 00000000 00:00 0 
7feafcf9a000-7feafcf9b000 ---p 00000000 00:00 0 
7feafcf9b000-7feafd79b000 rw-p 00000000 00:00 0 
7feafd79b000-7feafd79c000 ---p 00000000 00:00 0 
7feafd79c000-7feafdf9c000 rw-p 00000000 00:00 0 
7feafdf9c000-7feafdf9d000 ---p 00000000 00:00 0 
7feafdf9d000-7feafe79d000 rw-p 00000000 00:00 0 
7feafe79d000-7feafe79e000 ---p 00000000 00:00 0 
7feafe79e000-7feafef9e000 rw-p 00000000 00:00 0 
7feafef9e000-7feafef9f000 ---p 00000000 00:00 0 
7feafef9f000-7feaff79f000 rw-p 00000000 00:00 0 
7feaff79f000-7feaff7a0000 ---p 00000000 00:00 0 
7feaff7a0000-7feafffa0000 rw-p 00000000 00:00 0 
7feafffa0000-7feafffa1000 ---p 00000000 00:00 0 
7feafffa1000-7feb007a1000 rw-p 00000000 00:00 0 
7feb007a1000-7feb007a2000 ---p 00000000 00:00 0 
7feb007a2000-7feb00fa2000 rw-p 00000000 00:00 0 
7feb00fa2000-7feb00fa3000 ---p 00000000 00:00 0 
7feb00fa3000-7feb017a3000 rw-p 00000000 00:00 0 
7feb017a3000-7feb017a4000 ---p 00000000 00:00 0 
7feb017a4000-7feb01fa4000 rw-p 00000000 00:00 0 
7feb01fa4000-7feb01fa5000 ---p 00000000 00:00 0 
7feb01fa5000-7feb027a5000 rw-p 00000000 00:00 0 
7feb027a5000-7feb027a6000 ---p 00000000 00:00 0 
7feb027a6000-7feb02fa6000 rw-p 00000000 00:00 0 
7feb02fa6000-7feb02fa7000 ---p 00000000 00:00 0 
7feb02fa7000-7feb037a7000 rw-p 00000000 00:00 0 
7feb037a7000-7feb037a8000 ---p 00000000 00:00 0 
7feb037a8000-7feb03fa8000 rw-p 00000000 00:00 0 
7feb03fa8000-7feb03fa9000 ---p 00000000 00:00 0 
7feb03fa9000-7feb047a9000 rw-p 00000000 00:00 0 
7feb047a9000-7feb047aa000 ---p 00000000 00:00 0 
7feb047aa000-7feb04faa000 rw-p 00000000 00:00 0 
7feb04faa000-7feb04fab000 ---p 00000000 00:00 0 
7feb04fab000-7feb057ab000 rw-p 00000000 00:00 0 
7feb057ab000-7feb057ac000 ---p 00000000 00:00 0 
7feb057ac000-7feb05fac000 rw-p 00000000 00:00 0 
7feb05fac000-7feb05fad000 ---p 00000000 00:00 0 
7feb05fad000-7feb067ad000 rw-p 00000000 00:00 0 
7feb067ad000-7feb067ae000 ---p 00000000 00:00 0 
7feb067ae000-7feb06fae000 rw-p 00000000 00:00 0 
7feb06fae000-7feb06faf000 ---p 00000000 00:00 0 
7feb06faf000-7feb077af000 rw-p 00000000 00:00 0 
7feb077af000-7feb077b0000 ---p 00000000 00:00 0 
7feb077b0000-7feb07fb0000 rw-p 00000000 00:00 0 
7feb07fb0000-7feb07fb1000 ---p 00000000 00:00 0 
7feb07fb1000-7feb087b1000 rw-p 00000000 00:00 0 
7feb087b1000-7feb087b2000 ---p 00000000 00:00 0 
7feb087b2000-7feb08fb2000 rw-p 00000000 00:00 0 
7feb08fb2000-7feb08fb3000 ---p 00000000 00:00 0 
7feb08fb3000-7feb097b3000 rw-p 00000000 00:00 0 
7feb097b3000-7feb097b4000 ---p 00000000 00:00 0 
7feb097b4000-7feb09fb4000 rw-p 00000000 00:00 0 
7feb09fb4000-7feb09fb5000 ---p 00000000 00:00 0 
7feb09fb5000-7feb0a7b5000 rw-p 00000000 00:00 0 
7feb0a7b5000-7feb0a7b6000 ---p 00000000 00:00 0 
7feb0a7b6000-7feb0afb6000 rw-p 00000000 00:00 0 
7feb0afb6000-7feb0afb7000 ---p 00000000 00:00 0 
7feb0afb7000-7feb0b7b7000 rw-p 00000000 00:00 0 
7feb0b7b7000-7feb0b7b8000 ---p 00000000 00:00 0 
7feb0b7b8000-7feb0bfb8000 rw-p 00000000 00:00 0 
7feb0bfb8000-7feb0bfb9000 ---p 00000000 00:00 0 
7feb0bfb9000-7feb0c7b9000 rw-p 00000000 00:00 0 
7feb0c7b9000-7feb0c7ba000 ---p 00000000 00:00 0 
7feb0c7ba000-7feb0cfba000 rw-p 00000000 00:00 0 
7feb0cfba000-7feb0cfbb000 ---p 00000000 00:00 0 
7feb0cfbb000-7feb0d7bb000 rw-p 00000000 00:00 0 
7feb0d7bb000-7feb0d7bc000 ---p 00000000 00:00 0 
7feb0d7bc000-7feb0dfbc000 rw-p 00000000 00:00 0 
7feb0dfbc000-7feb0dfbd000 ---p 00000000 00:00 0 
7feb0dfbd000-7feb0e7bd000 rw-p 00000000 00:00 0 
7feb0e7bd000-7feb0e7be000 ---p 00000000 00:00 0 
7feb0e7be000-7feb0efbe000 rw-p 00000000 00:00 0 
7feb0efbe000-7feb0efbf000 ---p 00000000 00:00 0 
7feb0efbf000-7feb0f7bf000 rw-p 00000000 00:00 0 
7feb0f7bf000-7feb0f7c0000 ---p 00000000 00:00 0 
7feb0f7c0000-7feb0ffc0000 rw-p 00000000 00:00 0 
7feb0ffc0000-7feb0ffc1000 ---p 00000000 00:00 0 
7feb0ffc1000-7feb107c1000 rw-p 00000000 00:00 0 
7feb107c1000-7feb107c2000 ---p 00000000 00:00 0 
7feb107c2000-7feb10fc2000 rw-p 00000000 00:00 0 
7feb10fc2000-7feb10fc3000 ---p 00000000 00:00 0 
7feb10fc3000-7feb117c3000 rw-p 00000000 00:00 0 
7feb117c3000-7feb117c4000 ---p 00000000 00:00 0 
7feb117c4000-7feb11fc4000 rw-p 00000000 00:00 0 
7feb11fc4000-7feb11fc5000 ---p 00000000 00:00 0 
7feb11fc5000-7feb127c5000 rw-p 00000000 00:00 0 
7feb127c5000-7feb127c6000 ---p 00000000 00:00 0 
7feb127c6000-7feb12fc6000 rw-p 00000000 00:00 0 
7feb12fc6000-7feb12fc7000 ---p 00000000 00:00 0 
7feb12fc7000-7feb137c7000 rw-p 00000000 00:00 0 
7feb137c7000-7feb137c8000 ---p 00000000 00:00 0 
7feb137c8000-7feb13fc8000 rw-p 00000000 00:00 0 
7feb13fc8000-7feb13fc9000 ---p 00000000 00:00 0 
7feb13fc9000-7feb147c9000 rw-p 00000000 00:00 0 
7feb147c9000-7feb147ca000 ---p 00000000 00:00 0 
7feb147ca000-7feb14fca000 rw-p 00000000 00:00 0 
7feb14fca000-7feb14fcb000 ---p 00000000 00:00 0 
7feb14fcb000-7feb157cb000 rw-p 00000000 00:00 0 
7feb157cb000-7feb157cc000 ---p 00000000 00:00 0 
7feb157cc000-7feb15fcc000 rw-p 00000000 00:00 0 
7feb15fcc000-7feb15fcd000 ---p 00000000 00:00 0 
7feb15fcd000-7feb167cd000 rw-p 00000000 00:00 0 
7feb167cd000-7feb167ce000 ---p 00000000 00:00 0 
7feb167ce000-7feb16fce000 rw-p 00000000 00:00 0 
7feb16fce000-7feb16fcf000 ---p 00000000 00:00 0 
7feb16fcf000-7feb177cf000 rw-p 00000000 00:00 0 
7feb177cf000-7feb177d0000 ---p 00000000 00:00 0 
7feb177d0000-7feb17fd0000 rw-p 00000000 00:00 0 
7feb17fd0000-7feb17fd1000 ---p 00000000 00:00 0 
7feb17fd1000-7feb187d1000 rw-p 00000000 00:00 0 
7feb187d1000-7feb187d2000 ---p 00000000 00:00 0 
7feb187d2000-7feb18fd2000 rw-p 00000000 00:00 0 
7feb18fd2000-7feb18fd3000 ---p 00000000 00:00 0 
7feb18fd3000-7feb197d3000 rw-p 00000000 00:00 0 
7feb197d3000-7feb197d4000 ---p 00000000 00:00 0 
7feb197d4000-7feb19fd4000 rw-p 00000000 00:00 0 
7feb19fd4000-7feb19fd5000 ---p 00000000 00:00 0 
7feb19fd5000-7feb1a7d5000 rw-p 00000000 00:00 0 
7feb1a7d5000-7feb1a7d6000 ---p 00000000 00:00 0 
7feb1a7d6000-7feb1afd6000 rw-p 00000000 00:00 0 
7feb1afd6000-7feb1afd7000 ---p 00000000 00:00 0 
7feb1afd7000-7feb1b7d7000 rw-p 00000000 00:00 0 
7feb1b7d7000-7feb1b7d8000 ---p 00000000 00:00 0 
7feb1b7d8000-7feb1bfd8000 rw-p 00000000 00:00 0 
7feb1bfd8000-7feb1bfd9000 ---p 00000000 00:00 0 
7feb1bfd9000-7feb1c7d9000 rw-p 00000000 00:00 0 
7feb1c7d9000-7feb1c7da000 ---p 00000000 00:00 0 
7feb1c7da000-7feb1cfda000 rw-p 00000000 00:00 0 
7feb1cfda000-7feb1cfdb000 ---p 00000000 00:00 0 
7feb1cfdb000-7feb1d7db000 rw-p 00000000 00:00 0 
7feb1d7db000-7feb1d7dc000 ---p 00000000 00:00 0 
7feb1d7dc000-7feb1dfdc000 rw-p 00000000 00:00 0 
7feb1dfdc000-7feb1dfdd000 ---p 00000000 00:00 0 
7feb1dfdd000-7feb1e7dd000 rw-p 00000000 00:00 0 
7feb1e7dd000-7feb1e7de000 ---p 00000000 00:00 0 
7feb1e7de000-7feb1efde000 rw-p 00000000 00:00 0 
7feb1efde000-7feb1efdf000 ---p 00000000 00:00 0 
7feb1efdf000-7feb1f7df000 rw-p 00000000 00:00 0 
7feb1f7df000-7feb1f7e0000 ---p 00000000 00:00 0 
7feb1f7e0000-7feb1ffe0000 rw-p 00000000 00:00 0 
7feb1ffe0000-7feb1ffe1000 ---p 00000000 00:00 0 
7feb1ffe1000-7feb207e1000 rw-p 00000000 00:00 0 
7feb207e1000-7feb207e2000 ---p 00000000 00:00 0 
7feb207e2000-7feb20fe2000 rw-p 00000000 00:00 0 
7feb20fe2000-7feb20fe3000 ---p 00000000 00:00 0 
7feb20fe3000-7feb217e3000 rw-p 00000000 00:00 0 
7feb217e3000-7feb217e4000 ---p 00000000 00:00 0 
7feb217e4000-7feb21fe4000 rw-p 00000000 00:00 0 
7feb21fe4000-7feb21fe5000 ---p 00000000 00:00 0 
7feb21fe5000-7feb227e5000 rw-p 00000000 00:00 0 
7feb227e5000-7feb227e6000 ---p 00000000 00:00 0 
7feb227e6000-7feb22fe6000 rw-p 00000000 00:00 0 
7feb22fe6000-7feb22fe7000 ---p 00000000 00:00 0 
7feb22fe7000-7feb237e7000 rw-p 00000000 00:00 0 
7feb237e7000-7feb237e8000 ---p 00000000 00:00 0 
7feb237e8000-7feb23fe8000 rw-p 00000000 00:00 0 
7feb23fe8000-7feb23fe9000 ---p 00000000 00:00 0 
7feb23fe9000-7feb247e9000 rw-p 00000000 00:00 0 
7feb247e9000-7feb247ea000 ---p 00000000 00:00 0 
7feb247ea000-7feb24fea000 rw-p 00000000 00:00 0 
7feb24fea000-7feb24feb000 ---p 00000000 00:00 0 
7feb24feb000-7feb257eb000 rw-p 00000000 00:00 0 
7feb257eb000-7feb257ec000 ---p 00000000 00:00 0 
7feb257ec000-7feb25fec000 rw-p 00000000 00:00 0 
7feb25fec000-7feb25fed000 ---p 00000000 00:00 0 
7feb25fed000-7feb267ed000 rw-p 00000000 00:00 0 
7feb267ed000-7feb267ee000 ---p 00000000 00:00 0 
7feb267ee000-7feb26fee000 rw-p 00000000 00:00 0 
7feb26fee000-7feb26fef000 ---p 00000000 00:00 0 
7feb26fef000-7feb277ef000 rw-p 00000000 00:00 0 
7feb277ef000-7feb277f0000 ---p 00000000 00:00 0 
7feb277f0000-7feb27ff0000 rw-p 00000000 00:00 0 
7feb27ff0000-7feb27ff1000 ---p 00000000 00:00 0 
7feb27ff1000-7feb287f1000 rw-p 00000000 00:00 0 
7feb287f1000-7feb287f2000 ---p 00000000 00:00 0 
7feb287f2000-7feb28ff2000 rw-p 00000000 00:00 0 
7feb28ff2000-7feb28ff3000 ---p 00000000 00:00 0 
7feb28ff3000-7feb297f3000 rw-p 00000000 00:00 0 
7feb297f3000-7feb297f4000 ---p 00000000 00:00 0 
7feb297f4000-7feb29ff4000 rw-p 00000000 00:00 0 
7feb29ff4000-7feb29ff5000 ---p 00000000 00:00 0 
7feb29ff5000-7feb2a7f5000 rw-p 00000000 00:00 0 
7feb2a7f5000-7feb2a7f6000 ---p 00000000 00:00 0 
7feb2a7f6000-7feb2aff6000 rw-p 00000000 00:00 0 
7feb2aff6000-7feb2aff7000 ---p 00000000 00:00 0 
7feb2aff7000-7feb2b7f7000 rw-p 00000000 00:00 0 
7feb2b7f7000-7feb2b7f8000 ---p 00000000 00:00 0 
7feb2b7f8000-7feb2bff8000 rw-p 00000000 00:00 0 
7feb2bff8000-7feb2bff9000 ---p 00000000 00:00 0 
7feb2bff9000-7feb2c7f9000 rw-p 00000000 00:00 0 
7feb2c7f9000-7feb2c7fa000 ---p 00000000 00:00 0 
7feb2c7fa000-7feb2cffa000 rw-p 00000000 00:00 0 
7feb2cffa000-7feb2cffb000 ---p 00000000 00:00 0 
7feb2cffb000-7feb2d7fb000 rw-p 00000000 00:00 0 
7feb2d7fb000-7feb2d7fc000 ---p 00000000 00:00 0 
7feb2d7fc000-7feb2dffc000 rw-p 00000000 00:00 0 
7feb2dffc000-7feb2dffd000 ---p 00000000 00:00 0 
7feb2dffd000-7feb2e7fd000 rw-p 00000000 00:00 0 
7feb2e7fd000-7feb2e7fe000 ---p 00000000 00:00 0 
7feb2e7fe000-7feb2effe000 rw-p 00000000 00:00 0 
7feb2effe000-7feb2efff000 ---p 00000000 00:00 0 
7feb2efff000-7feb2f7ff000 rw-p 00000000 00:00 0 
7feb2f7ff000-7feb2f800000 ---p 00000000 00:00 0 
7feb2f800000-7feb30000000 rw-p 00000000 00:00 0 
7feb30000000-7feb30058000 rw-p 00000000 00:00 0 
7feb30058000-7feb34000000 ---p 00000000 00:00 0 
7feb34000000-7feb3405c000 rw-p 00000000 00:00 0 
7feb3405c000-7feb38000000 ---p 00000000 00:00 0 
7feb38000000-7feb380ab000 rw-p 00000000 00:00 0 
7feb380ab000-7feb3c000000 ---p 00000000 00:00 0 
7feb3c000000-7feb3c001000 rw-s 00000000 00:01 40682                      /memfd:pipewire-memfd:flags=0x0000000f,type=2,size=2312 (deleted)
7feb3c001000-7feb3c002000 rw-s 00000000 00:01 45388                      /memfd:pipewire-memfd:flags=0x0000000f,type=2,size=4096 (deleted)
7feb3c002000-7feb3c003000 rw-s 00000000 00:01 6407                       /memfd:pipewire-memfd:flags=0x0000000f,type=2,size=2312 (deleted)
7feb3c003000-7feb3c004000 rw-s 00000000 00:01 41709                      /memfd:pipewire-memfd:flags=0x0000000f,type=2,size=2312 (deleted)
7feb3c004000-7feb3c005000 rw-s 00000000 00:01 43581                      /memfd:pipewire-memfd:flags=0x0000000f,type=2,size=2312 (deleted)
7feb3c005000-7feb3c006000 rw-s 00000000 00:01 47382                      /memfd:pipewire-memfd:flags=0x0000000f,type=2,size=4096 (deleted)
7feb3c006000-7feb3c00f000 rw-s 00000000 00:01 46356                      /memfd:pipewire-memfd:flags=0x0000000f,type=2,size=32832 (deleted)
7feb3c00f000-7feb3c010000 rw-s 00000000 00:01 6407                       /memfd:pipewire-memfd:flags=0x0000000f,type=2,size=2312 (deleted)
7feb3c010000-7feb3c011000 rw-s 00000000 00:01 47381                      /memfd:pipewire-memfd:flags=0x0000000f,type=2,size=2312 (deleted)
7feb3c011000-7feb3c012000 rw-s 00000000 00:01 42564                      /memfd:pipewire-memfd:flags=0x0000000f,type=2,size=2312 (deleted)
7feb3c012000-7feb3c013000 rw-s 00000000 00:01 46355                      /memfd:pipewire-memfd:flags=0x0000000f,type=2,size=4096 (deleted)
7feb3c013000-7feb3c01c000 rw-s 00000000 00:01 47380                      /memfd:pipewire-memfd:flags=0x0000000f,type=2,size=32832 (deleted)
7feb3c01c000-7feb3c01d000 rw-s 00000000 00:01 41707                      /memfd:pipewire-memfd:flags=0x0000000f,type=2,size=4096 (deleted)
7feb3c01d000-7feb3c026000 rw-s 00000000 00:01 44444                      /memfd:pipewire-memfd:flags=0x0000000f,type=2,size=32832 (deleted)
7feb3c026000-7feb3c02f000 rw-s 00000000 00:01 44443                      /memfd:pipewire-memfd:flags=0x0000000f,type=2,size=32832 (deleted)
7feb3c02f000-7feb3c030000 rw-s 00000000 00:01 6407                       /memfd:pipewire-memfd:flags=0x0000000f,type=2,size=2312 (deleted)
7feb3c030000-7feb3c031000 rw-s 00000000 00:01 41706                      /memfd:pipewire-memfd:flags=0x0000000f,type=2,size=2312 (deleted)
7feb3c031000-7feb3c032000 rw-s 00000000 00:01 44442                      /memfd:pipewire-memfd:flags=0x0000000f,type=2,size=2312 (deleted)
7feb3c032000-7feb3c033000 rw-s 00000000 00:01 42557                      /memfd:pipewire-memfd:flags=0x0000000f,type=2,size=4096 (deleted)
7feb3c033000-7feb3c03c000 rw-s 00000000 00:01 47370                      /memfd:pipewire-memfd:flags=0x0000000f,type=2,size=32832 (deleted)
7feb3c03c000-7feb3c045000 rw-s 00000000 00:01 47369                      /memfd:pipewire-memfd:flags=0x0000000f,type=2,size=32832 (deleted)
7feb3c045000-7feb3c046000 rw-s 00000000 00:01 6407                       /memfd:pipewire-memfd:flags=0x0000000f,type=2,size=2312 (deleted)
7feb3c046000-7feb3c047000 rw-s 00000000 00:01 42556                      /memfd:pipewire-memfd:flags=0x0000000f,type=2,size=2312 (deleted)
7feb3c047000-7feb3c048000 rw-s 00000000 00:01 41705                      /memfd:pipewire-memfd:flags=0x0000000f,type=2,size=2312 (deleted)
7feb3c048000-7feb3c049000 rw-s 00000000 00:01 44441                      /memfd:pipewire-memfd:flags=0x0000000f,type=2,size=4096 (deleted)
7feb3c049000-7feb3c052000 rw-s 00000000 00:01 45378                      /memfd:pipewire-memfd:flags=0x0000000f,type=2,size=32832 (deleted)
7feb3c052000-7feb3c05b000 rw-s 00000000 00:01 45377                      /memfd:pipewire-memfd:flags=0x0000000f,type=2,size=32832 (deleted)
7feb3c05b000-7feb3c05c000 rw-s 00000000 00:01 6407                       /memfd:pipewire-memfd:flags=0x0000000f,type=2,size=2312 (deleted)
7feb3c05c000-7feb3c05d000 rw-s 00000000 00:01 43579                      /memfd:pipewire-memfd:flags=0x0000000f,type=2,size=2312 (deleted)
7feb3c05d000-7feb3c05e000 rw-s 00000000 00:01 44440                      /memfd:pipewire-memfd:flags=0x0000000f,type=2,size=2312 (deleted)
7feb3c05e000-7feb3c05f000 rw-s 00000000 00:01 44437                      /memfd:pipewire-memfd:flags=0x0000000f,type=2,size=4096 (deleted)
7feb3c05f000-7feb3c068000 rw-s 00000000 00:01 44439                      /memfd:pipewire-memfd:flags=0x0000000f,type=2,size=32832 (deleted)
7feb3c068000-7feb3c071000 rw-s 00000000 00:01 44438                      /memfd:pipewire-memfd:flags=0x0000000f,type=2,size=32832 (deleted)
7feb3c071000-7feb3c072000 rw-s 00000000 00:01 6407                       /memfd:pipewire-memfd:flags=0x0000000f,type=2,size=2312 (deleted)
7feb3c072000-7feb3c073000 rw-s 00000000 00:01 44436                      /memfd:pipewire-memfd:flags=0x0000000f,type=2,size=2312 (deleted)
7feb3c073000-7feb3c074000 rw-s 00000000 00:01 47368                      /memfd:pipewire-memfd:flags=0x0000000f,type=2,size=2312 (deleted)
7feb3c074000-7feb3c075000 rw-s 00000000 00:01 45376                      /memfd:pipewire-memfd:flags=0x0000000f,type=2,size=4096 (deleted)
7feb3c075000-7feb3c07e000 rw-s 00000000 00:01 40678                      /memfd:pipewire-memfd:flags=0x0000000f,type=2,size=32832 (deleted)
7feb3c07e000-7feb3c087000 rw-s 00000000 00:01 40677                      /memfd:pipewire-memfd:flags=0x0000000f,type=2,size=32832 (deleted)
7feb3c087000-7feb3c088000 rw-s 00000000 00:01 6407                       /memfd:pipewire-memfd:flags=0x0000000f,type=2,size=2312 (deleted)
7feb3c088000-7feb3c089000 rw-s 00000000 00:01 45375                      /memfd:pipewire-memfd:flags=0x0000000f,type=2,size=2312 (deleted)
7feb3c089000-7feb3c08a000 rw-s 00000000 00:01 43577                      /memfd:pipewire-memfd:flags=0x0000000f,type=2,size=2312 (deleted)
7feb3c08a000-7feb3c08b000 rw-s 00000000 00:01 44435                      /memfd:pipewire-memfd:flags=0x0000000f,type=2,size=4096 (deleted)
7feb3c08b000-7feb3c094000 rw-s 00000000 00:01 45374                      /memfd:pipewire-memfd:flags=0x0000000f,type=2,size=32832 (deleted)
7feb3c094000-7feb3c09d000 rw-s 00000000 00:01 45373                      /memfd:pipewire-memfd:flags=0x0000000f,type=2,size=32832 (deleted)
7feb3c09d000-7feb3c09e000 rw-s 00000000 00:01 6407                       /memfd:pipewire-memfd:flags=0x0000000f,type=2,size=2312 (deleted)
7feb3c09e000-7feb3c09f000 rw-s 00000000 00:01 46349                      /memfd:pipewire-memfd:flags=0x0000000f,type=2,size=2312 (deleted)
7feb3c09f000-7feb3c0a0000 rw-s 00000000 00:01 41703                      /memfd:pipewire-memfd:flags=0x0000000f,type=2,size=2312 (deleted)
7feb3c0a0000-7feb3c0a1000 rw-s 00000000 00:01 44433                      /memfd:pipewire-memfd:flags=0x0000000f,type=2,size=4096 (deleted)
7feb3c0a1000-7feb3c0aa000 rw-s 00000000 00:01 44434                      /memfd:pipewire-memfd:flags=0x0000000f,type=2,size=32832 (deleted)
7feb3c0aa000-7feb3c0b3000 rw-s 00000000 00:01 46348                      /memfd:pipewire-memfd:flags=0x0000000f,type=2,size=32832 (deleted)
7feb3c0b3000-7feb3c0b4000 rw-s 00000000 00:01 6407                       /memfd:pipewire-memfd:flags=0x0000000f,type=2,size=2312 (deleted)
7feb3c0b4000-7feb3c0b5000 rw-s 00000000 00:01 44432                      /memfd:pipewire-memfd:flags=0x0000000f,type=2,size=2312 (deleted)
7feb3c0b5000-7feb3c0b6000 rw-s 00000000 00:01 42555                      /memfd:pipewire-memfd:flags=0x0000000f,type=2,size=2312 (deleted)
7feb3c0b6000-7feb3c0b7000 rw-s 00000000 00:01 43574                      /memfd:pipewire-memfd:flags=0x0000000f,type=2,size=4096 (deleted)
7feb3c0b7000-7feb3c0c0000 rw-s 00000000 00:01 43576                      /memfd:pipewire-memfd:flags=0x0000000f,type=2,size=32832 (deleted)
7feb3c0c0000-7feb3c0c9000 rw-s 00000000 00:01 43575                      /memfd:pipewire-memfd:flags=0x0000000f,type=2,size=32832 (deleted)
7feb3c0c9000-7feb3c0ca000 rw-s 00000000 00:01 6407                       /memfd:pipewire-memfd:flags=0x0000000f,type=2,size=2312 (deleted)
7feb3c0ca000-7feb3c0cb000 rw-s 00000000 00:01 43573                      /memfd:pipewire-memfd:flags=0x0000000f,type=2,size=2312 (deleted)
7feb3c0cb000-7feb3c0cc000 rw-s 00000000 00:01 45372                      /memfd:pipewire-memfd:flags=0x0000000f,type=2,size=2312 (deleted)
7feb3c0cc000-7feb3c0d5000 rw-s 00000000 00:01 43572                      /memfd:pipewire-memfd:flags=0x0000000f,type=2,size=32832 (deleted)
7feb3c0d5000-7feb3c0de000 rw-s 00000000 00:01 43571                      /memfd:pipewire-memfd:flags=0x0000000f,type=2,size=32832 (deleted)
7feb3c0de000-7feb3c0e7000 rw-s 00000000 00:01 43569                      /memfd:pipewire-memfd:flags=0x0000000f,type=2,size=32832 (deleted)
7feb3c0e7000-7feb3c0f0000 rw-s 00000000 00:01 43568                      /memfd:pipewire-memfd:flags=0x0000000f,type=2,size=32832 (deleted)
7feb3c0f0000-7feb3c0f9000 rw-s 00000000 00:01 46341                      /memfd:pipewire-memfd:flags=0x0000000f,type=2,size=32832 (deleted)
7feb3c0f9000-7feb3c0fd000 ---p 00000000 00:00 0 
7feb3c0fd000-7feb3c1f9000 rw-p 00000000 00:00 0 
7feb3c1f9000-7feb3c1fd000 ---p 00000000 00:00 0 
7feb3c1fd000-7feb3c2f9000 rw-p 00000000 00:00 0 
7feb3c2f9000-7feb3c2fd000 ---p 00000000 00:00 0 
7feb3c2fd000-7feb3c3f9000 rw-p 00000000 00:00 0 
7feb3c3f9000-7feb3c3fd000 ---p 00000000 00:00 0 
7feb3c3fd000-7feb3c4f9000 rw-p 00000000 00:00 0 
7feb3c4f9000-7feb3c4fd000 ---p 00000000 00:00 0 
7feb3c4fd000-7feb3c5f9000 rw-p 00000000 00:00 0 
7feb3c5f9000-7feb3c5fd000 ---p 00000000 00:00 0 
7feb3c5fd000-7feb3c6f9000 rw-p 00000000 00:00 0 
7feb3c6f9000-7feb3c6fd000 ---p 00000000 00:00 0 
7feb3c6fd000-7feb3c7f9000 rw-p 00000000 00:00 0 
7feb3c7f9000-7feb3c7fa000 ---p 00000000 00:00 0 
7feb3c7fa000-7feb3cffa000 rw-p 00000000 00:00 0 
7feb3cffa000-7feb3cffb000 ---p 00000000 00:00 0 
7feb3cffb000-7feb3d7fb000 rw-p 00000000 00:00 0 
7feb3d7fb000-7feb3d7fc000 ---p 00000000 00:00 0 
7feb3d7fc000-7feb3dffc000 rw-p 00000000 00:00 0 
7feb3dffc000-7feb3dffd000 ---p 00000000 00:00 0 
7feb3dffd000-7feb3e7fd000 rw-p 00000000 00:00 0 
7feb3e7fd000-7feb3e7fe000 ---p 00000000 00:00 0 
7feb3e7fe000-7feb3effe000 rw-p 00000000 00:00 0 
7feb3effe000-7feb3efff000 ---p 00000000 00:00 0 
7feb3efff000-7feb3f7ff000 rw-p 00000000 00:00 0 
7feb3f7ff000-7feb3f800000 ---p 00000000 00:00 0 
7feb3f800000-7feb40000000 rw-p 00000000 00:00 0 
7feb40000000-7feb4005d000 rw-p 00000000 00:00 0 
7feb4005d000-7feb44000000 ---p 00000000 00:00 0 
7feb44000000-7feb445d4000 rw-p 00000000 00:00 0 
7feb445d4000-7feb48000000 ---p 00000000 00:00 0 
7feb48000000-7feb48021000 rw-p 00000000 00:00 0 
7feb48021000-7feb4c000000 ---p 00000000 00:00 0 
7feb4c000000-7feb4c0a9000 rw-p 00000000 00:00 0 
7feb4c0a9000-7feb50000000 ---p 00000000 00:00 0 
7feb50000000-7feb50103000 rw-p 00000000 00:00 0 
7feb50103000-7feb54000000 ---p 00000000 00:00 0 
7feb54000000-7feb545da000 rw-p 00000000 00:00 0 
7feb545da000-7feb58000000 ---p 00000000 00:00 0 
7feb58000000-7feb58059000 rw-p 00000000 00:00 0 
7feb58059000-7feb5c000000 ---p 00000000 00:00 0 
7feb5c000000-7feb5c021000 rw-p 00000000 00:00 0 
7feb5c021000-7feb60000000 ---p 00000000 00:00 0 
7feb60000000-7feb6005c000 rw-p 00000000 00:00 0 
7feb6005c000-7feb64000000 ---p 00000000 00:00 0 
7feb64000000-7feb645f6000 rw-p 00000000 00:00 0 
7feb645f6000-7feb68000000 ---p 00000000 00:00 0 
7feb68000000-7feb680aa000 rw-p 00000000 00:00 0 
7feb680aa000-7feb6c000000 ---p 00000000 00:00 0 
7feb6c000000-7feb6c058000 rw-p 00000000 00:00 0 
7feb6c058000-7feb70000000 ---p 00000000 00:00 0 
7feb70000000-7feb7005d000 rw-p 00000000 00:00 0 
7feb7005d000-7feb74000000 ---p 00000000 00:00 0 
7feb74000000-7feb7452d000 rw-p 00000000 00:00 0 
7feb7452d000-7feb78000000 ---p 00000000 00:00 0 
7feb78000000-7feb780a3000 rw-p 00000000 00:00 0 
7feb780a3000-7feb7c000000 ---p 00000000 00:00 0 
7feb7c000000-7feb7c001000 rw-s 00000000 00:01 47352                      /memfd:pipewire-memfd:flags=0x0000000f,type=2,size=4096 (deleted)
7feb7c001000-7feb7c002000 rw-s 00000000 00:01 6407                       /memfd:pipewire-memfd:flags=0x0000000f,type=2,size=2312 (deleted)
7feb7c002000-7feb7c003000 rw-s 00000000 00:01 47351                      /memfd:pipewire-memfd:flags=0x0000000f,type=2,size=2312 (deleted)
7feb7c003000-7feb7c004000 rw-s 00000000 00:01 41702                      /memfd:pipewire-memfd:flags=0x0000000f,type=2,size=2312 (deleted)
7feb7c004000-7feb7c005000 rw-s 00000000 00:01 41701                      /memfd:pipewire-memfd:flags=0x0000000f,type=2,size=4096 (deleted)
7feb7c005000-7feb7c006000 rw-s 00000000 00:01 6407                       /memfd:pipewire-memfd:flags=0x0000000f,type=2,size=2312 (deleted)
7feb7c006000-7feb7c007000 rw-s 00000000 00:01 41700                      /memfd:pipewire-memfd:flags=0x0000000f,type=2,size=2312 (deleted)
7feb7c007000-7feb7c010000 rw-s 00000000 00:01 46340                      /memfd:pipewire-memfd:flags=0x0000000f,type=2,size=32832 (deleted)
7feb7c010000-7feb7c019000 rw-s 00000000 00:01 45371                      /memfd:pipewire-memfd:flags=0x0000000f,type=2,size=32832 (deleted)
7feb7c019000-7feb7c01a000 rw-s 00000000 00:01 41694                      /memfd:pipewire-memfd:flags=0x0000000f,type=2,size=4096 (deleted)
7feb7c01a000-7feb7c023000 rw-s 00000000 00:01 47346                      /memfd:pipewire-memfd:flags=0x0000000f,type=2,size=32832 (deleted)
7feb7c023000-7feb7c02c000 rw-s 00000000 00:01 47345                      /memfd:pipewire-memfd:flags=0x0000000f,type=2,size=32832 (deleted)
7feb7c02c000-7feb7c02d000 rw-s 00000000 00:01 6407                       /memfd:pipewire-memfd:flags=0x0000000f,type=2,size=2312 (deleted)
7feb7c02d000-7feb7c02e000 rw-s 00000000 00:01 41693                      /memfd:pipewire-memfd:flags=0x0000000f,type=2,size=2312 (deleted)
7feb7c02e000-7feb7c02f000 rw-s 00000000 00:01 47344                      /memfd:pipewire-memfd:flags=0x0000000f,type=2,size=2312 (deleted)
7feb7c02f000-7feb7c030000 rw-s 00000000 00:01 6407                       /memfd:pipewire-memfd:flags=0x0000000f,type=2,size=2312 (deleted)
7feb7c030000-7feb7c031000 rw-s 00000000 00:01 43584                      /memfd:pipewire-memfd:flags=0x0000000f,type=2,size=2312 (deleted)
7feb7c031000-7feb7c032000 rw-s 00000000 00:01 40687                      /memfd:pipewire-memfd:flags=0x0000000f,type=2,size=2312 (deleted)
7feb7c032000-7feb7c033000 rw-s 00000000 00:01 43583                      /memfd:pipewire-memfd:flags=0x0000000f,type=2,size=4096 (deleted)
7feb7c033000-7feb7c03c000 rw-s 00000000 00:01 41712                      /memfd:pipewire-memfd:flags=0x0000000f,type=2,size=32832 (deleted)
7feb7c03c000-7feb7c03d000 rw-s 00000000 00:01 6407                       /memfd:pipewire-memfd:flags=0x0000000f,type=2,size=2312 (deleted)
7feb7c03d000-7feb7c03e000 rw-s 00000000 00:01 43582                      /memfd:pipewire-memfd:flags=0x0000000f,type=2,size=2312 (deleted)
7feb7c03e000-7feb7c03f000 rw-s 00000000 00:01 42569                      /memfd:pipewire-memfd:flags=0x0000000f,type=2,size=2312 (deleted)
7feb7c03f000-7feb7c040000 rw-s 00000000 00:01 46335                      /memfd:pipewire-memfd:flags=0x0000000f,type=2,size=4096 (deleted)
7feb7c040000-7feb7c049000 rw-s 00000000 00:01 42551                      /memfd:pipewire-memfd:flags=0x0000000f,type=2,size=32832 (deleted)
7feb7c049000-7feb7c052000 rw-s 00000000 00:01 42550                      /memfd:pipewire-memfd:flags=0x0000000f,type=2,size=32832 (deleted)
7feb7c052000-7feb7c053000 rw-s 00000000 00:01 6407                       /memfd:pipewire-memfd:flags=0x0000000f,type=2,size=2312 (deleted)
7feb7c053000-7feb7c054000 rw-s 00000000 00:01 44422                      /memfd:pipewire-memfd:flags=0x0000000f,type=2,size=2312 (deleted)
7feb7c054000-7feb7c055000 rw-s 00000000 00:01 43562                      /memfd:pipewire-memfd:flags=0x0000000f,type=2,size=2312 (deleted)
7feb7c055000-7feb7c05e000 rw-s 00000000 00:01 42549                      /memfd:pipewire-memfd:flags=0x0000000f,type=2,size=32832 (deleted)
7feb7c05e000-7feb7c067000 rw-s 00000000 00:01 42548                      /memfd:pipewire-memfd:flags=0x0000000f,type=2,size=32832 (deleted)
7feb7c067000-7feb7c070000 rw-s 00000000 00:01 47379                      /memfd:pipewire-memfd:flags=0x0000000f,type=2,size=32832 (deleted)
7feb7c070000-7feb7c071000 rw-s 00000000 00:01 6407                       /memfd:pipewire-memfd:flags=0x0000000f,type=2,size=2312 (deleted)
7feb7c071000-7feb7c072000 rw-s 00000000 00:01 46354                      /memfd:pipewire-memfd:flags=0x0000000f,type=2,size=2312 (deleted)
7feb7c072000-7feb7c073000 rw-s 00000000 00:01 41708                      /memfd:pipewire-memfd:flags=0x0000000f,type=2,size=2312 (deleted)
7feb7c073000-7feb7c074000 rw-s 00000000 00:01 47376                      /memfd:pipewire-memfd:flags=0x0000000f,type=2,size=4096 (deleted)
7feb7c074000-7feb7c07d000 rw-s 00000000 00:01 47378                      /memfd:pipewire-memfd:flags=0x0000000f,type=2,size=32832 (deleted)
7feb7c07d000-7feb7c086000 rw-s 00000000 00:01 47377                      /memfd:pipewire-memfd:flags=0x0000000f,type=2,size=32832 (deleted)
7feb7c086000-7feb7c08f000 rw-s 00000000 00:01 47374                      /memfd:pipewire-memfd:flags=0x0000000f,type=2,size=32832 (deleted)
7feb7c08f000-7feb7c090000 rw-s 00000000 00:01 45386                      /memfd:pipewire-memfd:flags=0x0000000f,type=2,size=4096 (deleted)
7feb7c090000-7feb7c099000 rw-s 00000000 00:01 47372                      /memfd:pipewire-memfd:flags=0x0000000f,type=2,size=32832 (deleted)
7feb7c099000-7feb7c0a2000 rw-s 00000000 00:01 47371                      /memfd:pipewire-memfd:flags=0x0000000f,type=2,size=32832 (deleted)
7feb7c0a2000-7feb7c0a3000 rw-s 00000000 00:01 6407                       /memfd:pipewire-memfd:flags=0x0000000f,type=2,size=2312 (deleted)
7feb7c0a3000-7feb7c0a4000 rw-s 00000000 00:01 45385                      /memfd:pipewire-memfd:flags=0x0000000f,type=2,size=2312 (deleted)
7feb7c0a4000-7feb7c0a5000 rw-s 00000000 00:01 46351                      /memfd:pipewire-memfd:flags=0x0000000f,type=2,size=2312 (deleted)
7feb7c0a5000-7feb7c0a6000 rw-s 00000000 00:01 45382                      /memfd:pipewire-memfd:flags=0x0000000f,type=2,size=4096 (deleted)
7feb7c0a6000-7feb7c0af000 rw-s 00000000 00:01 45384                      /memfd:pipewire-memfd:flags=0x0000000f,type=2,size=32832 (deleted)
7feb7c0af000-7feb7c0b8000 rw-s 00000000 00:01 45383                      /memfd:pipewire-memfd:flags=0x0000000f,type=2,size=32832 (deleted)
7feb7c0b8000-7feb7c0b9000 rw-s 00000000 00:01 6407                       /memfd:pipewire-memfd:flags=0x0000000f,type=2,size=2312 (deleted)
7feb7c0b9000-7feb7c0ba000 rw-s 00000000 00:01 45381                      /memfd:pipewire-memfd:flags=0x0000000f,type=2,size=2312 (deleted)
7feb7c0ba000-7feb7c0bb000 rw-s 00000000 00:01 42563                      /memfd:pipewire-memfd:flags=0x0000000f,type=2,size=2312 (deleted)
7feb7c0bb000-7feb7c0bc000 rw-s 00000000 00:01 44446                      /memfd:pipewire-memfd:flags=0x0000000f,type=2,size=4096 (deleted)
7feb7c0bc000-7feb7c0c5000 rw-s 00000000 00:01 42562                      /memfd:pipewire-memfd:flags=0x0000000f,type=2,size=32832 (deleted)
7feb7c0c5000-7feb7c0ce000 rw-s 00000000 00:01 42561                      /memfd:pipewire-memfd:flags=0x0000000f,type=2,size=32832 (deleted)
7feb7c0ce000-7feb7c0cf000 rw-s 00000000 00:01 6407                       /memfd:pipewire-memfd:flags=0x0000000f,type=2,size=2312 (deleted)
7feb7c0cf000-7feb7c0d0000 rw-s 00000000 00:01 44445                      /memfd:pipewire-memfd:flags=0x0000000f,type=2,size=2312 (deleted)
7feb7c0d0000-7feb7c0d1000 rw-s 00000000 00:01 42560                      /memfd:pipewire-memfd:flags=0x0000000f,type=2,size=2312 (deleted)
7feb7c0d1000-7feb7c0d2000 rw-s 00000000 00:01 45380                      /memfd:pipewire-memfd:flags=0x0000000f,type=2,size=4096 (deleted)
7feb7c0d2000-7feb7c0db000 rw-s 00000000 00:01 42559                      /memfd:pipewire-memfd:flags=0x0000000f,type=2,size=32832 (deleted)
7feb7c0db000-7feb7c0e4000 rw-s 00000000 00:01 42558                      /memfd:pipewire-memfd:flags=0x0000000f,type=2,size=32832 (deleted)
7feb7c0e4000-7feb7c0e5000 rw-s 00000000 00:01 6407                       /memfd:pipewire-memfd:flags=0x0000000f,type=2,size=2312 (deleted)
7feb7c0e5000-7feb7c0e6000 rw-s 00000000 00:01 45379                      /memfd:pipewire-memfd:flags=0x0000000f,type=2,size=2312 (deleted)
7feb7c0e6000-7feb7c0e7000 rw-s 00000000 00:01 46350                      /memfd:pipewire-memfd:flags=0x0000000f,type=2,size=2312 (deleted)
7feb7c0e7000-7feb7c0eb000 ---p 00000000 00:00 0 
7feb7c0eb000-7feb7c1e7000 rw-p 00000000 00:00 0 
7feb7c1e7000-7feb7c1e8000 ---p 00000000 00:00 0 
7feb7c1e8000-7feb7c9e8000 rw-p 00000000 00:00 0 
7feb7c9e8000-7feb7c9e9000 ---p 00000000 00:00 0 
7feb7c9e9000-7feb7d1e9000 rw-p 00000000 00:00 0 
7feb7d1e9000-7feb7d1ea000 ---p 00000000 00:00 0 
7feb7d1ea000-7feb7d9ea000 rw-p 00000000 00:00 0 
7feb7d9ea000-7feb7e7ea000 rw-s 1387e5000 00:10 1059                      anon_inode:i915.gem
7feb7e7ea000-7feb7e7eb000 rw-s 00000000 00:01 43561                      /memfd:pipewire-memfd:flags=0x0000000f,type=2,size=4096 (deleted)
7feb7e7eb000-7feb7e7ec000 rw-s 00000000 00:01 6407                       /memfd:pipewire-memfd:flags=0x0000000f,type=2,size=2312 (deleted)
7feb7e7ec000-7feb7e7ed000 rw-s 00000000 00:01 43560                      /memfd:pipewire-memfd:flags=0x0000000f,type=2,size=2312 (deleted)
7feb7e7ed000-7feb7e7ee000 rw-s 00000000 00:01 44421                      /memfd:pipewire-memfd:flags=0x0000000f,type=2,size=2312 (deleted)
7feb7e7ee000-7feb7e7ef000 rw-s 00000000 00:01 47342                      /memfd:pipewire-memfd:flags=0x0000000f,type=2,size=4096 (deleted)
7feb7e7ef000-7feb7e7f8000 rw-s 00000000 00:01 46334                      /memfd:pipewire-memfd:flags=0x0000000f,type=2,size=32832 (deleted)
7feb7e7f8000-7feb7e801000 rw-s 00000000 00:01 46333                      /memfd:pipewire-memfd:flags=0x0000000f,type=2,size=32832 (deleted)
7feb7e801000-7feb7e802000 rw-s 00000000 00:01 6407                       /memfd:pipewire-memfd:flags=0x0000000f,type=2,size=2312 (deleted)
7feb7e802000-7feb7e803000 rw-s 00000000 00:01 47341                      /memfd:pipewire-memfd:flags=0x0000000f,type=2,size=2312 (deleted)
7feb7e803000-7feb7e804000 rw-s 00000000 00:01 43559                      /memfd:pipewire-memfd:flags=0x0000000f,type=2,size=2312 (deleted)
7feb7e804000-7feb7e805000 rw-s 00000000 00:01 42547                      /memfd:pipewire-memfd:flags=0x0000000f,type=2,size=4096 (deleted)
7feb7e805000-7feb7e80e000 rw-s 00000000 00:01 47340                      /memfd:pipewire-memfd:flags=0x0000000f,type=2,size=32832 (deleted)
7feb7e80e000-7feb7e817000 rw-s 00000000 00:01 47339                      /memfd:pipewire-memfd:flags=0x0000000f,type=2,size=32832 (deleted)
7feb7e817000-7feb7e818000 rw-s 00000000 00:01 6407                       /memfd:pipewire-memfd:flags=0x0000000f,type=2,size=2312 (deleted)
7feb7e818000-7feb7e819000 rw-s 00000000 00:01 42546                      /memfd:pipewire-memfd:flags=0x0000000f,type=2,size=2312 (deleted)
7feb7e819000-7feb7e81a000 rw-s 00000000 00:01 40676                      /memfd:pipewire-memfd:flags=0x0000000f,type=2,size=2312 (deleted)
7feb7e81a000-7feb7e81b000 rw-s 00000000 00:01 40673                      /memfd:pipewire-memfd:flags=0x0000000f,type=2,size=4096 (deleted)
7feb7e81b000-7feb7e824000 rw-s 00000000 00:01 40675                      /memfd:pipewire-memfd:flags=0x0000000f,type=2,size=32832 (deleted)
7feb7e824000-7feb7e82d000 rw-s 00000000 00:01 40674                      /memfd:pipewire-memfd:flags=0x0000000f,type=2,size=32832 (deleted)
7feb7e82d000-7feb7e82e000 rw-s 00000000 00:01 6407                       /memfd:pipewire-memfd:flags=0x0000000f,type=2,size=2312 (deleted)
7feb7e82e000-7feb7e82f000 rw-s 00000000 00:01 40672                      /memfd:pipewire-memfd:flags=0x0000000f,type=2,size=2312 (deleted)
7feb7e82f000-7feb7e838000 rw-s 00000000 00:01 45364                      /memfd:pipewire-memfd:flags=0x0000000f,type=2,size=32832 (deleted)
7feb7e838000-7feb7e841000 rw-s 00000000 00:01 45363                      /memfd:pipewire-memfd:flags=0x0000000f,type=2,size=32832 (deleted)
7feb7e841000-7feb7e84a000 rw-s 00000000 00:01 46330                      /memfd:pipewire-memfd:flags=0x0000000f,type=2,size=32832 (deleted)
7feb7e84a000-7feb7e84b000 rw-s 00000000 00:01 44418                      /memfd:pipewire-memfd:flags=0x0000000f,type=2,size=4096 (deleted)
7feb7e84b000-7feb7e854000 rw-s 00000000 00:01 45357                      /memfd:pipewire-memfd:flags=0x0000000f,type=2,size=32832 (deleted)
7feb7e854000-7feb7e85d000 rw-s 00000000 00:01 45356                      /memfd:pipewire-memfd:flags=0x0000000f,type=2,size=32832 (deleted)
7feb7e85d000-7feb7e85e000 rw-s 00000000 00:01 6407                       /memfd:pipewire-memfd:flags=0x0000000f,type=2,size=2312 (deleted)
7feb7e85e000-7feb7e85f000 rw-s 00000000 00:01 47334                      /memfd:pipewire-memfd:flags=0x0000000f,type=2,size=2312 (deleted)
7feb7e85f000-7feb7e868000 rw-s 00000000 00:01 40669                      /memfd:pipewire-memfd:flags=0x0000000f,type=2,size=32832 (deleted)
7feb7e868000-7feb7e869000 rw-s 00000000 00:01 46342                      /memfd:pipewire-memfd:flags=0x0000000f,type=2,size=2312 (deleted)
7feb7e869000-7feb7e86a000 rw-s 00000000 00:01 44429                      /memfd:pipewire-memfd:flags=0x0000000f,type=2,size=4096 (deleted)
7feb7e86a000-7feb7e86b000 rw-s 00000000 00:01 6407                       /memfd:pipewire-memfd:flags=0x0000000f,type=2,size=2312 (deleted)
7feb7e86b000-7feb7e86c000 rw-s 00000000 00:01 44428                      /memfd:pipewire-memfd:flags=0x0000000f,type=2,size=2312 (deleted)
7feb7e86c000-7feb7e86d000 rw-s 00000000 00:01 41699                      /memfd:pipewire-memfd:flags=0x0000000f,type=2,size=2312 (deleted)
7feb7e86d000-7feb7e86e000 rw-s 00000000 00:01 41698                      /memfd:pipewire-memfd:flags=0x0000000f,type=2,size=4096 (deleted)
7feb7e86e000-7feb7e877000 rw-s 00000000 00:01 45370                      /memfd:pipewire-memfd:flags=0x0000000f,type=2,size=32832 (deleted)
7feb7e877000-7feb7e878000 rw-s 00000000 00:01 6407                       /memfd:pipewire-memfd:flags=0x0000000f,type=2,size=2312 (deleted)
7feb7e878000-7feb7e879000 rw-s 00000000 00:01 41697                      /memfd:pipewire-memfd:flags=0x0000000f,type=2,size=2312 (deleted)
7feb7e879000-7feb7e87a000 rw-s 00000000 00:01 45369                      /memfd:pipewire-memfd:flags=0x0000000f,type=2,size=2312 (deleted)
7feb7e87a000-7feb7e87b000 rw-s 00000000 00:01 44427                      /memfd:pipewire-memfd:flags=0x0000000f,type=2,size=4096 (deleted)
7feb7e87b000-7feb7e884000 rw-s 00000000 00:01 46339                      /memfd:pipewire-memfd:flags=0x0000000f,type=2,size=32832 (deleted)
7feb7e884000-7feb7e88d000 rw-s 00000000 00:01 46338                      /memfd:pipewire-memfd:flags=0x0000000f,type=2,size=32832 (deleted)
7feb7e88d000-7feb7e88e000 rw-s 00000000 00:01 6407                       /memfd:pipewire-memfd:flags=0x0000000f,type=2,size=2312 (deleted)
7feb7e88e000-7feb7e88f000 rw-s 00000000 00:01 44426                      /memfd:pipewire-memfd:flags=0x0000000f,type=2,size=2312 (deleted)
7feb7e88f000-7feb7e890000 rw-s 00000000 00:01 42554                      /memfd:pipewire-memfd:flags=0x0000000f,type=2,size=2312 (deleted)
7feb7e890000-7feb7e891000 rw-s 00000000 00:01 41696                      /memfd:pipewire-memfd:flags=0x0000000f,type=2,size=4096 (deleted)
7feb7e891000-7feb7e89a000 rw-s 00000000 00:01 46337                      /memfd:pipewire-memfd:flags=0x0000000f,type=2,size=32832 (deleted)
7feb7e89a000-7feb7e8a3000 rw-s 00000000 00:01 46336                      /memfd:pipewire-memfd:flags=0x0000000f,type=2,size=32832 (deleted)
7feb7e8a3000-7feb7e8a4000 rw-s 00000000 00:01 6407                       /memfd:pipewire-memfd:flags=0x0000000f,type=2,size=2312 (deleted)
7feb7e8a4000-7feb7e8a5000 rw-s 00000000 00:01 41695                      /memfd:pipewire-memfd:flags=0x0000000f,type=2,size=2312 (deleted)
7feb7e8a5000-7feb7e8a6000 rw-s 00000000 00:01 43567                      /memfd:pipewire-memfd:flags=0x0000000f,type=2,size=2312 (deleted)
7feb7e8a6000-7feb7e8a7000 rw-s 00000000 00:01 42553                      /memfd:pipewire-memfd:flags=0x0000000f,type=2,size=4096 (deleted)
7feb7e8a7000-7feb7e8b0000 rw-s 00000000 00:01 43566                      /memfd:pipewire-memfd:flags=0x0000000f,type=2,size=32832 (deleted)
7feb7e8b0000-7feb7e8b9000 rw-s 00000000 00:01 43565                      /memfd:pipewire-memfd:flags=0x0000000f,type=2,size=32832 (deleted)
7feb7e8b9000-7feb7e8ba000 rw-s 00000000 00:01 6407                       /memfd:pipewire-memfd:flags=0x0000000f,type=2,size=2312 (deleted)
7feb7e8ba000-7feb7e8bb000 rw-s 00000000 00:01 42552                      /memfd:pipewire-memfd:flags=0x0000000f,type=2,size=2312 (deleted)
7feb7e8bb000-7feb7e8bc000 rw-s 00000000 00:01 44425                      /memfd:pipewire-memfd:flags=0x0000000f,type=2,size=2312 (deleted)
7feb7e8bc000-7feb7e8bd000 rw-s 00000000 00:01 44424                      /memfd:pipewire-memfd:flags=0x0000000f,type=2,size=4096 (deleted)
7feb7e8bd000-7feb7e8c6000 rw-s 00000000 00:01 45368                      /memfd:pipewire-memfd:flags=0x0000000f,type=2,size=32832 (deleted)
7feb7e8c6000-7feb7e8cf000 rw-s 00000000 00:01 45367                      /memfd:pipewire-memfd:flags=0x0000000f,type=2,size=32832 (deleted)
7feb7e8cf000-7feb7e8d0000 rw-s 00000000 00:01 6407                       /memfd:pipewire-memfd:flags=0x0000000f,type=2,size=2312 (deleted)
7feb7e8d0000-7feb7e8d1000 rw-s 00000000 00:01 44423                      /memfd:pipewire-memfd:flags=0x0000000f,type=2,size=2312 (deleted)
7feb7e8d1000-7feb7e8d2000 rw-s 00000000 00:01 45366                      /memfd:pipewire-memfd:flags=0x0000000f,type=2,size=2312 (deleted)
7feb7e8d2000-7feb7e8d3000 rw-s 00000000 00:01 47348                      /memfd:pipewire-memfd:flags=0x0000000f,type=2,size=4096 (deleted)
7feb7e8d3000-7feb7e8dc000 rw-s 00000000 00:01 47350                      /memfd:pipewire-memfd:flags=0x0000000f,type=2,size=32832 (deleted)
7feb7e8dc000-7feb7e8e5000 rw-s 00000000 00:01 47349                      /memfd:pipewire-memfd:flags=0x0000000f,type=2,size=32832 (deleted)
7feb7e8e5000-7feb7e8e6000 rw-s 00000000 00:01 6407                       /memfd:pipewire-memfd:flags=0x0000000f,type=2,size=2312 (deleted)
7feb7e8e6000-7feb7e8e7000 rw-s 00000000 00:01 47347                      /memfd:pipewire-memfd:flags=0x0000000f,type=2,size=2312 (deleted)
7feb7e8e7000-7feb7e8e8000 rw-s 00000000 00:01 43564                      /memfd:pipewire-memfd:flags=0x0000000f,type=2,size=2312 (deleted)
7feb7e8e8000-7feb7e8ec000 ---p 00000000 00:00 0 
7feb7e8ec000-7feb7e9e8000 rw-p 00000000 00:00 0 
7feb7e9e8000-7feb7e9ec000 ---p 00000000 00:00 0 
7feb7e9ec000-7feb7eae8000 rw-p 00000000 00:00 0 
7feb7eae8000-7feb7eaec000 ---p 00000000 00:00 0 
7feb7eaec000-7feb7ebe8000 rw-p 00000000 00:00 0 
7feb7ebe8000-7feb7ebe9000 ---p 00000000 00:00 0 
7feb7ebe9000-7feb7f3e9000 rw-p 00000000 00:00 0 
7feb7f3e9000-7feb7f3ea000 ---p 00000000 00:00 0 
7feb7f3ea000-7feb7fbea000 rw-p 00000000 00:00 0 
7feb7fbea000-7feb80fea000 rw-s 135fe5000 00:10 1059                      anon_inode:i915.gem
7feb80fea000-7feb80feb000 rw-s 00000000 00:01 44417                      /memfd:pipewire-memfd:flags=0x0000000f,type=2,size=2312 (deleted)
7feb80feb000-7feb80fec000 rw-s 00000000 00:01 45355                      /memfd:pipewire-memfd:flags=0x0000000f,type=2,size=4096 (deleted)
7feb80fec000-7feb80ff5000 rw-s 00000000 00:01 40668                      /memfd:pipewire-memfd:flags=0x0000000f,type=2,size=32832 (deleted)
7feb80ff5000-7feb80ff6000 rw-s 00000000 00:01 6407                       /memfd:pipewire-memfd:flags=0x0000000f,type=2,size=2312 (deleted)
7feb80ff6000-7feb80ff7000 rw-s 00000000 00:01 45354                      /memfd:pipewire-memfd:flags=0x0000000f,type=2,size=2312 (deleted)
7feb80ff7000-7feb80ff8000 rw-s 00000000 00:01 45353                      /memfd:pipewire-memfd:flags=0x0000000f,type=2,size=2312 (deleted)
7feb80ff8000-7feb80ff9000 rw-s 00000000 00:01 42544                      /memfd:pipewire-memfd:flags=0x0000000f,type=2,size=4096 (deleted)
7feb80ff9000-7feb81002000 rw-s 00000000 00:01 46323                      /memfd:pipewire-memfd:flags=0x0000000f,type=2,size=32832 (deleted)
7feb81002000-7feb8100b000 rw-s 00000000 00:01 46322                      /memfd:pipewire-memfd:flags=0x0000000f,type=2,size=32832 (deleted)
7feb8100b000-7feb8100c000 rw-s 00000000 00:01 6407                       /memfd:pipewire-memfd:flags=0x0000000f,type=2,size=2312 (deleted)
7feb8100c000-7feb8100d000 rw-s 00000000 00:01 42543                      /memfd:pipewire-memfd:flags=0x0000000f,type=2,size=2312 (deleted)
7feb8100d000-7feb8100e000 rw-s 00000000 00:01 45352                      /memfd:pipewire-memfd:flags=0x0000000f,type=2,size=2312 (deleted)
7feb8100e000-7feb8100f000 rw-s 00000000 00:01 45351                      /memfd:pipewire-memfd:flags=0x0000000f,type=2,size=4096 (deleted)
7feb8100f000-7feb81018000 rw-s 00000000 00:01 44416                      /memfd:pipewire-memfd:flags=0x0000000f,type=2,size=32832 (deleted)
7feb81018000-7feb81021000 rw-s 00000000 00:01 44415                      /memfd:pipewire-memfd:flags=0x0000000f,type=2,size=32832 (deleted)
7feb81021000-7feb81022000 rw-s 00000000 00:01 6407                       /memfd:pipewire-memfd:flags=0x0000000f,type=2,size=2312 (deleted)
7feb81022000-7feb81023000 rw-s 00000000 00:01 41685                      /memfd:pipewire-memfd:flags=0x0000000f,type=2,size=2312 (deleted)
7feb81023000-7feb81024000 rw-s 00000000 00:01 47333                      /memfd:pipewire-memfd:flags=0x0000000f,type=2,size=2312 (deleted)
7feb81024000-7feb81025000 rw-s 00000000 00:01 45350                      /memfd:pipewire-memfd:flags=0x0000000f,type=2,size=4096 (deleted)
7feb81025000-7feb8102e000 rw-s 00000000 00:01 43551                      /memfd:pipewire-memfd:flags=0x0000000f,type=2,size=32832 (deleted)
7feb8102e000-7feb81037000 rw-s 00000000 00:01 43550                      /memfd:pipewire-memfd:flags=0x0000000f,type=2,size=32832 (deleted)
7feb81037000-7feb81038000 rw-s 00000000 00:01 6407                       /memfd:pipewire-memfd:flags=0x0000000f,type=2,size=2312 (deleted)
7feb81038000-7feb81039000 rw-s 00000000 00:01 45349                      /memfd:pipewire-memfd:flags=0x0000000f,type=2,size=2312 (deleted)
7feb81039000-7feb8103a000 rw-s 00000000 00:01 43549                      /memfd:pipewire-memfd:flags=0x0000000f,type=2,size=2312 (deleted)
7feb8103a000-7feb8103b000 rw-s 00000000 00:01 46319                      /memfd:pipewire-memfd:flags=0x0000000f,type=2,size=4096 (deleted)
7feb8103b000-7feb81044000 rw-s 00000000 00:01 46321                      /memfd:pipewire-memfd:flags=0x0000000f,type=2,size=32832 (deleted)
7feb81044000-7feb8104d000 rw-s 00000000 00:01 46320                      /memfd:pipewire-memfd:flags=0x0000000f,type=2,size=32832 (deleted)
7feb8104d000-7feb8104e000 rw-s 00000000 00:01 6407                       /memfd:pipewire-memfd:flags=0x0000000f,type=2,size=2312 (deleted)
7feb8104e000-7feb8104f000 rw-s 00000000 00:01 46318                      /memfd:pipewire-memfd:flags=0x0000000f,type=2,size=2312 (deleted)
7feb8104f000-7feb81050000 rw-s 00000000 00:01 44414                      /memfd:pipewire-memfd:flags=0x0000000f,type=2,size=2312 (deleted)
7feb81050000-7feb81051000 rw-s 00000000 00:01 46314                      /memfd:pipewire-memfd:flags=0x0000000f,type=2,size=4096 (deleted)
7feb81051000-7feb8105a000 rw-s 00000000 00:01 46316                      /memfd:pipewire-memfd:flags=0x0000000f,type=2,size=32832 (deleted)
7feb8105a000-7feb81063000 rw-s 00000000 00:01 46315                      /memfd:pipewire-memfd:flags=0x0000000f,type=2,size=32832 (deleted)
7feb81063000-7feb81064000 rw-s 00000000 00:01 6407                       /memfd:pipewire-memfd:flags=0x0000000f,type=2,size=2312 (deleted)
7feb81064000-7feb81065000 rw-s 00000000 00:01 46313                      /memfd:pipewire-memfd:flags=0x0000000f,type=2,size=2312 (deleted)
7feb81065000-7feb81066000 rw-s 00000000 00:01 40667                      /memfd:pipewire-memfd:flags=0x0000000f,type=2,size=2312 (deleted)
7feb81066000-7feb81067000 rw-s 00000000 00:01 42542                      /memfd:pipewire-memfd:flags=0x0000000f,type=2,size=4096 (deleted)
7feb81067000-7feb81070000 rw-s 00000000 00:01 44413                      /memfd:pipewire-memfd:flags=0x0000000f,type=2,size=32832 (deleted)
7feb81070000-7feb81079000 rw-s 00000000 00:01 44412                      /memfd:pipewire-memfd:flags=0x0000000f,type=2,size=32832 (deleted)
7feb81079000-7feb8107a000 rw-s 00000000 00:01 6407                       /memfd:pipewire-memfd:flags=0x0000000f,type=2,size=2312 (deleted)
7feb8107a000-7feb8107b000 rw-s 00000000 00:01 42541                      /memfd:pipewire-memfd:flags=0x0000000f,type=2,size=2312 (deleted)
7feb8107b000-7feb8107c000 rw-s 00000000 00:01 44411                      /memfd:pipewire-memfd:flags=0x0000000f,type=2,size=2312 (deleted)
7feb8107c000-7feb8107d000 rw-s 00000000 00:01 45348                      /memfd:pipewire-memfd:flags=0x0000000f,type=2,size=4096 (deleted)
7feb8107d000-7feb81086000 rw-s 00000000 00:01 46312                      /memfd:pipewire-memfd:flags=0x0000000f,type=2,size=32832 (deleted)
7feb81086000-7feb8108f000 rw-s 00000000 00:01 46311                      /memfd:pipewire-memfd:flags=0x0000000f,type=2,size=32832 (deleted)
7feb8108f000-7feb81090000 rw-s 00000000 00:01 6407                       /memfd:pipewire-memfd:flags=0x0000000f,type=2,size=2312 (deleted)
7feb81090000-7feb81091000 rw-s 00000000 00:01 45347                      /memfd:pipewire-memfd:flags=0x0000000f,type=2,size=2312 (deleted)
7feb81091000-7feb81092000 rw-s 00000000 00:01 42540                      /memfd:pipewire-memfd:flags=0x0000000f,type=2,size=2312 (deleted)
7feb81092000-7feb81093000 rw-s 00000000 00:01 44408                      /memfd:pipewire-memfd:flags=0x0000000f,type=2,size=4096 (deleted)
7feb81093000-7feb8109c000 rw-s 00000000 00:01 44410                      /memfd:pipewire-memfd:flags=0x0000000f,type=2,size=32832 (deleted)
7feb8109c000-7feb810a5000 rw-s 00000000 00:01 44409                      /memfd:pipewire-memfd:flags=0x0000000f,type=2,size=32832 (deleted)
7feb810a5000-7feb810a6000 rw-s 00000000 00:01 6407                       /memfd:pipewire-memfd:flags=0x0000000f,type=2,size=2312 (deleted)
7feb810a6000-7feb810a7000 rw-s 00000000 00:01 44407                      /memfd:pipewire-memfd:flags=0x0000000f,type=2,size=2312 (deleted)
7feb810a7000-7feb810a8000 rw-s 00000000 00:01 46310                      /memfd:pipewire-memfd:flags=0x0000000f,type=2,size=2312 (deleted)
7feb810a8000-7feb810a9000 rw-s 00000000 00:01 41684                      /memfd:pipewire-memfd:flags=0x0000000f,type=2,size=4096 (deleted)
7feb810a9000-7feb810b2000 rw-s 00000000 00:01 43548                      /memfd:pipewire-memfd:flags=0x0000000f,type=2,size=32832 (deleted)
7feb810b2000-7feb810bb000 rw-s 00000000 00:01 43547                      /memfd:pipewire-memfd:flags=0x0000000f,type=2,size=32832 (deleted)
7feb810bb000-7feb810bc000 rw-s 00000000 00:01 6407                       /memfd:pipewire-memfd:flags=0x0000000f,type=2,size=2312 (deleted)
7feb810bc000-7feb810bd000 rw-s 00000000 00:01 41683                      /memfd:pipewire-memfd:flags=0x0000000f,type=2,size=2312 (deleted)
7feb810bd000-7feb810be000 rw-s 00000000 00:01 46309                      /memfd:pipewire-memfd:flags=0x0000000f,type=2,size=2312 (deleted)
7feb810be000-7feb810bf000 rw-s 00000000 00:01 41682                      /memfd:pipewire-memfd:flags=0x0000000f,type=2,size=4096 (deleted)
7feb810bf000-7feb810c8000 rw-s 00000000 00:01 46308                      /memfd:pipewire-memfd:flags=0x0000000f,type=2,size=32832 (deleted)
7feb810c8000-7feb810d1000 rw-s 00000000 00:01 46307                      /memfd:pipewire-memfd:flags=0x0000000f,type=2,size=32832 (deleted)
7feb810d1000-7feb810d2000 rw-s 00000000 00:01 6407                       /memfd:pipewire-memfd:flags=0x0000000f,type=2,size=2312 (deleted)
7feb810d2000-7feb810d3000 rw-s 00000000 00:01 41681                      /memfd:pipewire-memfd:flags=0x0000000f,type=2,size=2312 (deleted)
7feb810d3000-7feb810d4000 rw-s 00000000 00:01 47331                      /memfd:pipewire-memfd:flags=0x0000000f,type=2,size=2312 (deleted)
7feb810d4000-7feb810d5000 rw-s 00000000 00:01 45346                      /memfd:pipewire-memfd:flags=0x0000000f,type=2,size=4096 (deleted)
7feb810d5000-7feb810de000 rw-s 00000000 00:01 40666                      /memfd:pipewire-memfd:flags=0x0000000f,type=2,size=32832 (deleted)
7feb810de000-7feb810e7000 rw-s 00000000 00:01 40665                      /memfd:pipewire-memfd:flags=0x0000000f,type=2,size=32832 (deleted)
7feb810e7000-7feb810eb000 ---p 00000000 00:00 0 
7feb810eb000-7feb811e7000 rw-p 00000000 00:00 0 
7feb811e7000-7feb811eb000 ---p 00000000 00:00 0 
7feb811eb000-7feb812e7000 rw-p 00000000 00:00 0 
7feb812e7000-7feb812eb000 ---p 00000000 00:00 0 
7feb812eb000-7feb813e7000 rw-p 00000000 00:00 0 
7feb813e7000-7feb813e8000 ---p 00000000 00:00 0 
7feb813e8000-7feb81be8000 rw-p 00000000 00:00 0 
7feb81be8000-7feb81be9000 ---p 00000000 00:00 0 
7feb81be9000-7feb823e9000 rw-p 00000000 00:00 0 
7feb823e9000-7feb823ea000 ---p 00000000 00:00 0 
7feb823ea000-7feb82bea000 rw-p 00000000 00:00 0 
7feb82bea000-7feb82fea000 rw-s 12c6a5000 00:10 1059                      anon_inode:i915.gem
7feb82fea000-7feb84fea000 rw-s 1323e5000 00:10 1059                      anon_inode:i915.gem
7feb84fea000-7feb84feb000 rw-s 00000000 00:01 6407                       /memfd:pipewire-memfd:flags=0x0000000f,type=2,size=2312 (deleted)
7feb84feb000-7feb84fec000 rw-s 00000000 00:01 45345                      /memfd:pipewire-memfd:flags=0x0000000f,type=2,size=2312 (deleted)
7feb84fec000-7feb84fed000 rw-s 00000000 00:01 43546                      /memfd:pipewire-memfd:flags=0x0000000f,type=2,size=2312 (deleted)
7feb84fed000-7feb84fee000 rw-s 00000000 00:01 44406                      /memfd:pipewire-memfd:flags=0x0000000f,type=2,size=4096 (deleted)
7feb84fee000-7feb84ff7000 rw-s 00000000 00:01 46306                      /memfd:pipewire-memfd:flags=0x0000000f,type=2,size=32832 (deleted)
7feb84ff7000-7feb85000000 rw-s 00000000 00:01 46305                      /memfd:pipewire-memfd:flags=0x0000000f,type=2,size=32832 (deleted)
7feb85000000-7feb85001000 rw-s 00000000 00:01 6407                       /memfd:pipewire-memfd:flags=0x0000000f,type=2,size=2312 (deleted)
7feb85001000-7feb85002000 rw-s 00000000 00:01 44405                      /memfd:pipewire-memfd:flags=0x0000000f,type=2,size=2312 (deleted)
7feb85002000-7feb85003000 rw-s 00000000 00:01 42539                      /memfd:pipewire-memfd:flags=0x0000000f,type=2,size=2312 (deleted)
7feb85003000-7feb85004000 rw-s 00000000 00:01 45343                      /memfd:pipewire-memfd:flags=0x0000000f,type=2,size=4096 (deleted)
7feb85004000-7feb8500d000 rw-s 00000000 00:01 46304                      /memfd:pipewire-memfd:flags=0x0000000f,type=2,size=32832 (deleted)
7feb8500d000-7feb85016000 rw-s 00000000 00:01 46303                      /memfd:pipewire-memfd:flags=0x0000000f,type=2,size=32832 (deleted)
7feb85016000-7feb85017000 rw-s 00000000 00:01 6407                       /memfd:pipewire-memfd:flags=0x0000000f,type=2,size=2312 (deleted)
7feb85017000-7feb85018000 rw-s 00000000 00:01 45342                      /memfd:pipewire-memfd:flags=0x0000000f,type=2,size=2312 (deleted)
7feb85018000-7feb85019000 rw-s 00000000 00:01 45341                      /memfd:pipewire-memfd:flags=0x0000000f,type=2,size=2312 (deleted)
7feb85019000-7feb8501a000 rw-s 00000000 00:01 42538                      /memfd:pipewire-memfd:flags=0x0000000f,type=2,size=4096 (deleted)
7feb8501a000-7feb85023000 rw-s 00000000 00:01 41680                      /memfd:pipewire-memfd:flags=0x0000000f,type=2,size=32832 (deleted)
7feb85023000-7feb8502c000 rw-s 00000000 00:01 41679                      /memfd:pipewire-memfd:flags=0x0000000f,type=2,size=32832 (deleted)
7feb8502c000-7feb8502d000 rw-s 00000000 00:01 6407                       /memfd:pipewire-memfd:flags=0x0000000f,type=2,size=2312 (deleted)
7feb8502d000-7feb8502e000 rw-s 00000000 00:01 43545                      /memfd:pipewire-memfd:flags=0x0000000f,type=2,size=2312 (deleted)
7feb8502e000-7feb85037000 rw-s 00000000 00:01 46302                      /memfd:pipewire-memfd:flags=0x0000000f,type=2,size=32832 (deleted)
7feb85037000-7feb85040000 rw-s 00000000 00:01 46301                      /memfd:pipewire-memfd:flags=0x0000000f,type=2,size=32832 (deleted)
7feb85040000-7feb85049000 rw-s 00000000 00:01 47329                      /memfd:pipewire-memfd:flags=0x0000000f,type=2,size=32832 (deleted)
7feb85049000-7feb8504d000 ---p 00000000 00:00 0 
7feb8504d000-7feb85149000 rw-p 00000000 00:00 0 
7feb85149000-7feb8514d000 ---p 00000000 00:00 0 
7feb8514d000-7feb85249000 rw-p 00000000 00:00 0 
7feb85249000-7feb8524d000 ---p 00000000 00:00 0 
7feb8524d000-7feb85349000 rw-p 00000000 00:00 0 
7feb85349000-7feb8534a000 rw-s 00000000 00:01 44402                      /memfd:pipewire-memfd:flags=0x0000000f,type=2,size=4096 (deleted)
7feb8534a000-7feb85353000 rw-s 00000000 00:01 41674                      /memfd:pipewire-memfd:flags=0x0000000f,type=2,size=32832 (deleted)
7feb85353000-7feb8535c000 rw-s 00000000 00:01 41673                      /memfd:pipewire-memfd:flags=0x0000000f,type=2,size=32832 (deleted)
7feb8535c000-7feb85360000 ---p 00000000 00:00 0 
7feb85360000-7feb8545c000 rw-p 00000000 00:00 0 
7feb8545c000-7feb85465000 rw-s 00000000 00:01 43536                      /memfd:pipewire-memfd:flags=0x0000000f,type=2,size=32832 (deleted)
7feb85465000-7feb85469000 ---p 00000000 00:00 0 
7feb85469000-7feb85565000 rw-p 00000000 00:00 0 
7feb85565000-7feb85566000 rw-s 00000000 00:01 44420                      /memfd:pipewire-memfd:flags=0x0000000f,type=2,size=2312 (deleted)
7feb85566000-7feb85567000 rw-s 00000000 00:01 43558                      /memfd:pipewire-memfd:flags=0x0000000f,type=2,size=4096 (deleted)
7feb85567000-7feb85568000 rw-s 00000000 00:01 6407                       /memfd:pipewire-memfd:flags=0x0000000f,type=2,size=2312 (deleted)
7feb85568000-7feb85569000 rw-s 00000000 00:01 43557                      /memfd:pipewire-memfd:flags=0x0000000f,type=2,size=2312 (deleted)
7feb85569000-7feb8556a000 rw-s 00000000 00:01 46331                      /memfd:pipewire-memfd:flags=0x0000000f,type=2,size=2312 (deleted)
7feb8556a000-7feb8556b000 rw-s 00000000 00:01 45362                      /memfd:pipewire-memfd:flags=0x0000000f,type=2,size=4096 (deleted)
7feb8556b000-7feb85574000 rw-s 00000000 00:01 46329                      /memfd:pipewire-memfd:flags=0x0000000f,type=2,size=32832 (deleted)
7feb85574000-7feb85575000 rw-s 00000000 00:01 6407                       /memfd:pipewire-memfd:flags=0x0000000f,type=2,size=2312 (deleted)
7feb85575000-7feb85576000 rw-s 00000000 00:01 45361                      /memfd:pipewire-memfd:flags=0x0000000f,type=2,size=2312 (deleted)
7feb85576000-7feb85577000 rw-s 00000000 00:01 44419                      /memfd:pipewire-memfd:flags=0x0000000f,type=2,size=2312 (deleted)
7feb85577000-7feb85578000 rw-s 00000000 00:01 41692                      /memfd:pipewire-memfd:flags=0x0000000f,type=2,size=4096 (deleted)
7feb85578000-7feb85581000 rw-s 00000000 00:01 43556                      /memfd:pipewire-memfd:flags=0x0000000f,type=2,size=32832 (deleted)
7feb85581000-7feb8558a000 rw-s 00000000 00:01 43555                      /memfd:pipewire-memfd:flags=0x0000000f,type=2,size=32832 (deleted)
7feb8558a000-7feb8558b000 rw-s 00000000 00:01 6407                       /memfd:pipewire-memfd:flags=0x0000000f,type=2,size=2312 (deleted)
7feb8558b000-7feb8558c000 rw-s 00000000 00:01 41691                      /memfd:pipewire-memfd:flags=0x0000000f,type=2,size=2312 (deleted)
7feb8558c000-7feb8558d000 rw-s 00000000 00:01 42545                      /memfd:pipewire-memfd:flags=0x0000000f,type=2,size=2312 (deleted)
7feb8558d000-7feb8558e000 rw-s 00000000 00:01 47338                      /memfd:pipewire-memfd:flags=0x0000000f,type=2,size=4096 (deleted)
7feb8558e000-7feb85597000 rw-s 00000000 00:01 43554                      /memfd:pipewire-memfd:flags=0x0000000f,type=2,size=32832 (deleted)
7feb85597000-7feb855a0000 rw-s 00000000 00:01 43553                      /memfd:pipewire-memfd:flags=0x0000000f,type=2,size=32832 (deleted)
7feb855a0000-7feb855a1000 rw-s 00000000 00:01 6407                       /memfd:pipewire-memfd:flags=0x0000000f,type=2,size=2312 (deleted)
7feb855a1000-7feb855a2000 rw-s 00000000 00:01 46328                      /memfd:pipewire-memfd:flags=0x0000000f,type=2,size=2312 (deleted)
7feb855a2000-7feb855a3000 rw-s 00000000 00:01 41690                      /memfd:pipewire-memfd:flags=0x0000000f,type=2,size=2312 (deleted)
7feb855a3000-7feb855a4000 rw-s 00000000 00:01 47337                      /memfd:pipewire-memfd:flags=0x0000000f,type=2,size=4096 (deleted)
7feb855a4000-7feb855ad000 rw-s 00000000 00:01 41689                      /memfd:pipewire-memfd:flags=0x0000000f,type=2,size=32832 (deleted)
7feb855ad000-7feb855b6000 rw-s 00000000 00:01 41688                      /memfd:pipewire-memfd:flags=0x0000000f,type=2,size=32832 (deleted)
7feb855b6000-7feb855b7000 rw-s 00000000 00:01 6407                       /memfd:pipewire-memfd:flags=0x0000000f,type=2,size=2312 (deleted)
7feb855b7000-7feb855b8000 rw-s 00000000 00:01 47336                      /memfd:pipewire-memfd:flags=0x0000000f,type=2,size=2312 (deleted)
7feb855b8000-7feb855b9000 rw-s 00000000 00:01 45359                      /memfd:pipewire-memfd:flags=0x0000000f,type=2,size=2312 (deleted)
7feb855b9000-7feb855ba000 rw-s 00000000 00:01 40671                      /memfd:pipewire-memfd:flags=0x0000000f,type=2,size=4096 (deleted)
7feb855ba000-7feb855c3000 rw-s 00000000 00:01 41687                      /memfd:pipewire-memfd:flags=0x0000000f,type=2,size=32832 (deleted)
7feb855c3000-7feb855cc000 rw-s 00000000 00:01 41686                      /memfd:pipewire-memfd:flags=0x0000000f,type=2,size=32832 (deleted)
7feb855cc000-7feb855cd000 rw-s 00000000 00:01 6407                       /memfd:pipewire-memfd:flags=0x0000000f,type=2,size=2312 (deleted)
7feb855cd000-7feb855ce000 rw-s 00000000 00:01 40670                      /memfd:pipewire-memfd:flags=0x0000000f,type=2,size=2312 (deleted)
7feb855ce000-7feb855cf000 rw-s 00000000 00:01 45358                      /memfd:pipewire-memfd:flags=0x0000000f,type=2,size=2312 (deleted)
7feb855cf000-7feb855d0000 rw-s 00000000 00:01 46325                      /memfd:pipewire-memfd:flags=0x0000000f,type=2,size=4096 (deleted)
7feb855d0000-7feb855d9000 rw-s 00000000 00:01 46327                      /memfd:pipewire-memfd:flags=0x0000000f,type=2,size=32832 (deleted)
7feb855d9000-7feb855e2000 rw-s 00000000 00:01 46326                      /memfd:pipewire-memfd:flags=0x0000000f,type=2,size=32832 (deleted)
7feb855e2000-7feb855e3000 rw-s 00000000 00:01 6407                       /memfd:pipewire-memfd:flags=0x0000000f,type=2,size=2312 (deleted)
7feb855e3000-7feb855e4000 rw-s 00000000 00:01 46324                      /memfd:pipewire-memfd:flags=0x0000000f,type=2,size=2312 (deleted)
7feb855e4000-7feb855e5000 rw-s 00000000 00:01 47335                      /memfd:pipewire-memfd:flags=0x0000000f,type=2,size=2312 (deleted)
7feb855e5000-7feb855e6000 ---p 00000000 00:00 0 
7feb855e6000-7feb85de6000 rw-p 00000000 00:00 0 
7feb85de6000-7feb85de7000 ---p 00000000 00:00 0 
7feb85de7000-7feb865e7000 rw-p 00000000 00:00 0 
7feb865e7000-7feb865e8000 ---p 00000000 00:00 0 
7feb865e8000-7feb86de8000 rw-p 00000000 00:00 0 
7feb86de8000-7feb86de9000 ---p 00000000 00:00 0 
7feb86de9000-7feb875e9000 rw-p 00000000 00:00 0 
7feb875e9000-7feb875ea000 ---p 00000000 00:00 0 
7feb875ea000-7feb87dea000 rw-p 00000000 00:00 0 
7feb87dea000-7feb881ea000 rw-s 11e5d5000 00:10 1059                      anon_inode:i915.gem
7feb881ea000-7feb885ea000 rw-s 11e1d5000 00:10 1059                      anon_inode:i915.gem
7feb885ea000-7feb89dea000 rw-s 128aa5000 00:10 1059                      anon_inode:i915.gem
7feb89dea000-7feb89deb000 rw-s 00000000 00:01 6407                       /memfd:pipewire-memfd:flags=0x0000000f,type=2,size=2312 (deleted)
7feb89deb000-7feb89dec000 rw-s 00000000 00:01 44401                      /memfd:pipewire-memfd:flags=0x0000000f,type=2,size=2312 (deleted)
7feb89dec000-7feb89ded000 rw-s 00000000 00:01 43537                      /memfd:pipewire-memfd:flags=0x0000000f,type=2,size=2312 (deleted)
7feb89ded000-7feb89dee000 rw-s 00000000 00:01 45340                      /memfd:pipewire-memfd:flags=0x0000000f,type=2,size=4096 (deleted)
7feb89dee000-7feb89df7000 rw-s 00000000 00:01 43535                      /memfd:pipewire-memfd:flags=0x0000000f,type=2,size=32832 (deleted)
7feb89df7000-7feb89df8000 rw-s 00000000 00:01 6407                       /memfd:pipewire-memfd:flags=0x0000000f,type=2,size=2312 (deleted)
7feb89df8000-7feb89df9000 rw-s 00000000 00:01 45339                      /memfd:pipewire-memfd:flags=0x0000000f,type=2,size=2312 (deleted)
7feb89df9000-7feb89dfa000 rw-s 00000000 00:01 42536                      /memfd:pipewire-memfd:flags=0x0000000f,type=2,size=2312 (deleted)
7feb89dfa000-7feb89dfb000 rw-s 00000000 00:01 43534                      /memfd:pipewire-memfd:flags=0x0000000f,type=2,size=4096 (deleted)
7feb89dfb000-7feb89e04000 rw-s 00000000 00:01 42535                      /memfd:pipewire-memfd:flags=0x0000000f,type=2,size=32832 (deleted)
7feb89e04000-7feb89e0d000 rw-s 00000000 00:01 42534                      /memfd:pipewire-memfd:flags=0x0000000f,type=2,size=32832 (deleted)
7feb89e0d000-7feb89e0e000 rw-s 00000000 00:01 6407                       /memfd:pipewire-memfd:flags=0x0000000f,type=2,size=2312 (deleted)
7feb89e0e000-7feb89e0f000 rw-s 00000000 00:01 42533                      /memfd:pipewire-memfd:flags=0x0000000f,type=2,size=2312 (deleted)
7feb89e0f000-7feb89e10000 rw-s 00000000 00:01 41672                      /memfd:pipewire-memfd:flags=0x0000000f,type=2,size=2312 (deleted)
7feb89e10000-7feb89e14000 ---p 00000000 00:00 0 
7feb89e14000-7feb89f10000 rw-p 00000000 00:00 0 
7feb89f10000-7feb89f11000 rw-s 00000000 00:01 41671                      /memfd:pipewire-memfd:flags=0x0000000f,type=2,size=4096 (deleted)
7feb89f11000-7feb89f1a000 rw-s 00000000 00:01 40662                      /memfd:pipewire-memfd:flags=0x0000000f,type=2,size=32832 (deleted)
7feb89f1a000-7feb89f23000 rw-s 00000000 00:01 40661                      /memfd:pipewire-memfd:flags=0x0000000f,type=2,size=32832 (deleted)
7feb89f23000-7feb89f24000 rw-s 00000000 00:01 6407                       /memfd:pipewire-memfd:flags=0x0000000f,type=2,size=2312 (deleted)
7feb89f24000-7feb89f28000 ---p 00000000 00:00 0 
7feb89f28000-7feb8a024000 rw-p 00000000 00:00 0 
7feb8a024000-7feb8a02d000 rw-s 00000000 00:01 40660                      /memfd:pipewire-memfd:flags=0x0000000f,type=2,size=32832 (deleted)
7feb8a02d000-7feb8a031000 ---p 00000000 00:00 0 
7feb8a031000-7feb8a12d000 rw-p 00000000 00:00 0 
7feb8a12d000-7feb8a52d000 rw-s 12c2a5000 00:10 1059                      anon_inode:i915.gem
7feb8a52d000-7feb8a92d000 rw-s 12bea5000 00:10 1059                      anon_inode:i915.gem
7feb8a92d000-7feb8a931000 ---p 00000000 00:00 0 
7feb8a931000-7feb8aa2d000 rw-p 00000000 00:00 0 
7feb8aa2d000-7feb8aa31000 ---p 00000000 00:00 0 
7feb8aa31000-7feb8ab2d000 rw-p 00000000 00:00 0 
7feb8ab2d000-7feb8ab31000 ---p 00000000 00:00 0 
7feb8ab31000-7feb8ac2d000 rw-p 00000000 00:00 0 
7feb8ac2d000-7feb8ac31000 ---p 00000000 00:00 0 
7feb8ac31000-7feb8ad2d000 rw-p 00000000 00:00 0 
7feb8ad2d000-7feb8af2d000 rw-s 11dfd5000 00:10 1059                      anon_inode:i915.gem
7feb8af2d000-7feb8af31000 ---p 00000000 00:00 0 
7feb8af31000-7feb8b02d000 rw-p 00000000 00:00 0 
7feb8b02d000-7feb8b031000 ---p 00000000 00:00 0 
7feb8b031000-7feb8b12d000 rw-p 00000000 00:00 0 
7feb8b12d000-7feb8b131000 ---p 00000000 00:00 0 
7feb8b131000-7feb8b22d000 rw-p 00000000 00:00 0 
7feb8b22d000-7feb8b231000 ---p 00000000 00:00 0 
7feb8b231000-7feb8b32d000 rw-p 00000000 00:00 0 
7feb8b32d000-7feb8b52d000 rw-s 11d9d5000 00:10 1059                      anon_inode:i915.gem
7feb8b52d000-7feb8b531000 ---p 00000000 00:00 0 
7feb8b531000-7feb8b62d000 rw-p 00000000 00:00 0 
7feb8b62d000-7feb8b631000 ---p 00000000 00:00 0 
7feb8b631000-7feb8b72d000 rw-p 00000000 00:00 0 
7feb8b72d000-7feb8b731000 ---p 00000000 00:00 0 
7feb8b731000-7feb8b82d000 rw-p 00000000 00:00 0 
7feb8b82d000-7feb8b831000 ---p 00000000 00:00 0 
7feb8b831000-7feb8b92d000 rw-p 00000000 00:00 0 
7feb8b92d000-7feb8bb2d000 rw-s 11d3d5000 00:10 1059                      anon_inode:i915.gem
7feb8bb2d000-7feb8bb2e000 rw-s 00000000 00:01 41670                      /memfd:pipewire-memfd:flags=0x0000000f,type=2,size=2312 (deleted)
7feb8bb2e000-7feb8bb2f000 rw-s 00000000 00:01 43533                      /memfd:pipewire-memfd:flags=0x0000000f,type=2,size=2312 (deleted)
7feb8bb2f000-7feb8bb30000 rw-s 00000000 00:01 42532                      /memfd:pipewire-memfd:flags=0x0000000f,type=2,size=4096 (deleted)
7feb8bb30000-7feb8bb39000 rw-s 00000000 00:01 40659                      /memfd:pipewire-memfd:flags=0x0000000f,type=2,size=32832 (deleted)
7feb8bb39000-7feb8bb3a000 rw-s 00000000 00:01 6407                       /memfd:pipewire-memfd:flags=0x0000000f,type=2,size=2312 (deleted)
7feb8bb3a000-7feb8bb3b000 rw-s 00000000 00:01 42531                      /memfd:pipewire-memfd:flags=0x0000000f,type=2,size=2312 (deleted)
7feb8bb3b000-7feb8bb3c000 rw-s 00000000 00:01 40658                      /memfd:pipewire-memfd:flags=0x0000000f,type=2,size=2312 (deleted)
7feb8bb3e000-7feb8bb3f000 rw-s 00000000 00:01 47400                      /memfd:pipewire-memfd:flags=0x0000000f,type=2,size=2312 (deleted)
7feb8bb3f000-7feb8bb40000 rw-s 00000000 00:01 47398                      /memfd:pipewire-memfd:flags=0x0000000f,type=2,size=4096 (deleted)
7feb8bb40000-7feb8bb49000 rw-s 00000000 00:01 43596                      /memfd:pipewire-memfd:flags=0x0000000f,type=2,size=32832 (deleted)
7feb8bb49000-7feb8bb4a000 rw-s 00000000 00:01 6407                       /memfd:pipewire-memfd:flags=0x0000000f,type=2,size=2312 (deleted)
7feb8bb4a000-7feb8bb4b000 rw-s 00000000 00:01 47397                      /memfd:pipewire-memfd:flags=0x0000000f,type=2,size=2312 (deleted)
7feb8bb4b000-7feb8bb4c000 rw-s 00000000 00:01 45407                      /memfd:pipewire-memfd:flags=0x0000000f,type=2,size=2312 (deleted)
7feb8bb4c000-7feb8bb4d000 rw-s 00000000 00:01 41669                      /memfd:pipewire-memfd:flags=0x0000000f,type=2,size=4096 (deleted)
7feb8bb4d000-7feb8bb56000 rw-s 00000000 00:01 42530                      /memfd:pipewire-memfd:flags=0x0000000f,type=2,size=32832 (deleted)
7feb8bb56000-7feb8bb5f000 rw-s 00000000 00:01 42529                      /memfd:pipewire-memfd:flags=0x0000000f,type=2,size=32832 (deleted)
7feb8bb5f000-7feb8bb60000 rw-s 00000000 00:01 6407                       /memfd:pipewire-memfd:flags=0x0000000f,type=2,size=2312 (deleted)
7feb8bb60000-7feb8bb61000 rw-s 00000000 00:01 41668                      /memfd:pipewire-memfd:flags=0x0000000f,type=2,size=2312 (deleted)
7feb8bb61000-7feb8bb62000 rw-s 00000000 00:01 40657                      /memfd:pipewire-memfd:flags=0x0000000f,type=2,size=2312 (deleted)
7feb8bb62000-7feb8bb63000 rw-s 00000000 00:01 47316                      /memfd:pipewire-memfd:flags=0x0000000f,type=2,size=4096 (deleted)
7feb8bb63000-7feb8bb6c000 rw-s 00000000 00:01 47318                      /memfd:pipewire-memfd:flags=0x0000000f,type=2,size=32832 (deleted)
7feb8bb6c000-7feb8bb75000 rw-s 00000000 00:01 47317                      /memfd:pipewire-memfd:flags=0x0000000f,type=2,size=32832 (deleted)
7feb8bb75000-7feb8bb76000 rw-s 00000000 00:01 6407                       /memfd:pipewire-memfd:flags=0x0000000f,type=2,size=2312 (deleted)
7feb8bb76000-7feb8bb77000 rw-s 00000000 00:01 40656                      /memfd:pipewire-memfd:flags=0x0000000f,type=2,size=2312 (deleted)
7feb8bb77000-7feb8bb78000 rw-s 00000000 00:01 47315                      /memfd:pipewire-memfd:flags=0x0000000f,type=2,size=2312 (deleted)
7feb8bb78000-7feb8bb79000 rw-s 00000000 00:01 46290                      /memfd:pipewire-memfd:flags=0x0000000f,type=2,size=4096 (deleted)
7feb8bb79000-7feb8bb82000 rw-s 00000000 00:01 47314                      /memfd:pipewire-memfd:flags=0x0000000f,type=2,size=32832 (deleted)
7feb8bb82000-7feb8bb8b000 rw-s 00000000 00:01 47313                      /memfd:pipewire-memfd:flags=0x0000000f,type=2,size=32832 (deleted)
7feb8bb8b000-7feb8bb94000 rw-s 00000000 00:01 41667                      /memfd:pipewire-memfd:flags=0x0000000f,type=2,size=32832 (deleted)
7feb8bb94000-7feb8bb95000 rw-s 00000000 00:01 47311                      /memfd:pipewire-memfd:flags=0x0000000f,type=2,size=4096 (deleted)
7feb8bb95000-7feb8bb9e000 rw-s 00000000 00:01 43532                      /memfd:pipewire-memfd:flags=0x0000000f,type=2,size=32832 (deleted)
7feb8bb9e000-7feb8bba7000 rw-s 00000000 00:01 43531                      /memfd:pipewire-memfd:flags=0x0000000f,type=2,size=32832 (deleted)
7feb8bba7000-7feb8bba8000 rw-s 00000000 00:01 6407                       /memfd:pipewire-memfd:flags=0x0000000f,type=2,size=2312 (deleted)
7feb8bba8000-7feb8bba9000 rw-s 00000000 00:01 47310                      /memfd:pipewire-memfd:flags=0x0000000f,type=2,size=2312 (deleted)
7feb8bba9000-7feb8bbaa000 rw-s 00000000 00:01 47309                      /memfd:pipewire-memfd:flags=0x0000000f,type=2,size=2312 (deleted)
7feb8bbaa000-7feb8bbab000 rw-s 00000000 00:01 41665                      /memfd:pipewire-memfd:flags=0x0000000f,type=2,size=4096 (deleted)
7feb8bbab000-7feb8bbb4000 rw-s 00000000 00:01 42526                      /memfd:pipewire-memfd:flags=0x0000000f,type=2,size=32832 (deleted)
7feb8bbb4000-7feb8bbbd000 rw-s 00000000 00:01 42525                      /memfd:pipewire-memfd:flags=0x0000000f,type=2,size=32832 (deleted)
7feb8bbbd000-7feb8bbbe000 rw-s 00000000 00:01 6407                       /memfd:pipewire-memfd:flags=0x0000000f,type=2,size=2312 (deleted)
7feb8bbbe000-7feb8bbbf000 rw-s 00000000 00:01 41664                      /memfd:pipewire-memfd:flags=0x0000000f,type=2,size=2312 (deleted)
7feb8bbbf000-7feb8bbc0000 rw-s 00000000 00:01 42524                      /memfd:pipewire-memfd:flags=0x0000000f,type=2,size=2312 (deleted)
7feb8bbc0000-7feb8bbc1000 rw-s 00000000 00:01 47308                      /memfd:pipewire-memfd:flags=0x0000000f,type=2,size=4096 (deleted)
7feb8bbc1000-7feb8bbca000 rw-s 00000000 00:01 40652                      /memfd:pipewire-memfd:flags=0x0000000f,type=2,size=32832 (deleted)
7feb8bbca000-7feb8bbd3000 rw-s 00000000 00:01 40651                      /memfd:pipewire-memfd:flags=0x0000000f,type=2,size=32832 (deleted)
7feb8bbd3000-7feb8bbd4000 rw-s 00000000 00:01 6407                       /memfd:pipewire-memfd:flags=0x0000000f,type=2,size=2312 (deleted)
7feb8bbd4000-7feb8bbd5000 rw-s 00000000 00:01 40650                      /memfd:pipewire-memfd:flags=0x0000000f,type=2,size=2312 (deleted)
7feb8bbd5000-7feb8bbd6000 rw-s 00000000 00:01 47307                      /memfd:pipewire-memfd:flags=0x0000000f,type=2,size=2312 (deleted)
7feb8bbd6000-7feb8bbd7000 rw-s 00000000 00:01 46287                      /memfd:pipewire-memfd:flags=0x0000000f,type=2,size=4096 (deleted)
7feb8bbd7000-7feb8bbe0000 rw-s 00000000 00:01 43530                      /memfd:pipewire-memfd:flags=0x0000000f,type=2,size=32832 (deleted)
7feb8bbe0000-7feb8bbe9000 rw-s 00000000 00:01 43529                      /memfd:pipewire-memfd:flags=0x0000000f,type=2,size=32832 (deleted)
7feb8bbe9000-7feb8bbea000 rw-s 00000000 00:01 6407                       /memfd:pipewire-memfd:flags=0x0000000f,type=2,size=2312 (deleted)
7feb8bbea000-7feb8bbeb000 rw-s 00000000 00:01 46286                      /memfd:pipewire-memfd:flags=0x0000000f,type=2,size=2312 (deleted)
7feb8bbeb000-7feb8bbec000 rw-s 00000000 00:01 42519                      /memfd:pipewire-memfd:flags=0x0000000f,type=2,size=2312 (deleted)
7feb8bbec000-7feb8bbed000 rw-s 00000000 00:01 40649                      /memfd:pipewire-memfd:flags=0x0000000f,type=2,size=4096 (deleted)
7feb8bbed000-7feb8bbf6000 rw-s 00000000 00:01 42518                      /memfd:pipewire-memfd:flags=0x0000000f,type=2,size=32832 (deleted)
7feb8bbf6000-7feb8bbff000 rw-s 00000000 00:01 42517                      /memfd:pipewire-memfd:flags=0x0000000f,type=2,size=32832 (deleted)
7feb8bbff000-7feb8bc00000 rw-s 00000000 00:01 6407                       /memfd:pipewire-memfd:flags=0x0000000f,type=2,size=2312 (deleted)
7feb8bc00000-7feb8bc01000 rw-s 00000000 00:01 40648                      /memfd:pipewire-memfd:flags=0x0000000f,type=2,size=2312 (deleted)
7feb8bc01000-7feb8bc02000 rw-s 00000000 00:01 41646                      /memfd:pipewire-memfd:flags=0x0000000f,type=2,size=2312 (deleted)
7feb8bc02000-7feb8bc03000 rw-s 00000000 00:01 45338                      /memfd:pipewire-memfd:flags=0x0000000f,type=2,size=4096 (deleted)
7feb8bc03000-7feb8bc0c000 rw-s 00000000 00:01 43528                      /memfd:pipewire-memfd:flags=0x0000000f,type=2,size=32832 (deleted)
7feb8bc0c000-7feb8bc15000 rw-s 00000000 00:01 43527                      /memfd:pipewire-memfd:flags=0x0000000f,type=2,size=32832 (deleted)
7feb8bc15000-7feb8bc16000 rw-s 00000000 00:01 6407                       /memfd:pipewire-memfd:flags=0x0000000f,type=2,size=2312 (deleted)
7feb8bc16000-7feb8bc1a000 ---p 00000000 00:00 0 
7feb8bc1a000-7feb8bd16000 rw-p 00000000 00:00 0 
7feb8bd16000-7feb8bd1a000 ---p 00000000 00:00 0 
7feb8bd1a000-7feb8be16000 rw-p 00000000 00:00 0 
7feb8be16000-7feb8be1a000 ---p 00000000 00:00 0 
7feb8be1a000-7feb8bf16000 rw-p 00000000 00:00 0 
7feb8bf16000-7feb8bf17000 rw-s 00000000 00:01 43521                      /memfd:pipewire-memfd:flags=0x0000000f,type=2,size=4096 (deleted)
7feb8bf17000-7feb8bf20000 rw-s 00000000 00:01 47300                      /memfd:pipewire-memfd:flags=0x0000000f,type=2,size=32832 (deleted)
7feb8bf20000-7feb8bf29000 rw-s 00000000 00:01 47299                      /memfd:pipewire-memfd:flags=0x0000000f,type=2,size=32832 (deleted)
7feb8bf29000-7feb8bf2a000 rw-s 00000000 00:01 6407                       /memfd:pipewire-memfd:flags=0x0000000f,type=2,size=2312 (deleted)
7feb8bf2a000-7feb8bf2b000 rw-s 00000000 00:01 42514                      /memfd:pipewire-memfd:flags=0x0000000f,type=2,size=2312 (deleted)
7feb8bf2b000-7feb8bf2c000 rw-s 00000000 00:01 47298                      /memfd:pipewire-memfd:flags=0x0000000f,type=2,size=2312 (deleted)
7feb8bf2c000-7feb8bf30000 ---p 00000000 00:00 0 
7feb8bf30000-7feb8c02c000 rw-p 00000000 00:00 0 
7feb8c02c000-7feb8c02d000 rw-s 00000000 00:01 47297                      /memfd:pipewire-memfd:flags=0x0000000f,type=2,size=4096 (deleted)
7feb8c02d000-7feb8c031000 ---p 00000000 00:00 0 
7feb8c031000-7feb8c12d000 rw-p 00000000 00:00 0 
7feb8c12d000-7feb8c131000 ---p 00000000 00:00 0 
7feb8c131000-7feb8c22d000 rw-p 00000000 00:00 0 
7feb8c22d000-7feb8c231000 ---p 00000000 00:00 0 
7feb8c231000-7feb8c32d000 rw-p 00000000 00:00 0 
7feb8c32d000-7feb8c52d000 rw-s 11faa5000 00:10 1059                      anon_inode:i915.gem
7feb8c52d000-7feb8c531000 ---p 00000000 00:00 0 
7feb8c531000-7feb8c62d000 rw-p 00000000 00:00 0 
7feb8c62d000-7feb8c631000 ---p 00000000 00:00 0 
7feb8c631000-7feb8c72d000 rw-p 00000000 00:00 0 
7feb8c72d000-7feb8c731000 ---p 00000000 00:00 0 
7feb8c731000-7feb8c82d000 rw-p 00000000 00:00 0 
7feb8c82d000-7feb8c831000 ---p 00000000 00:00 0 
7feb8c831000-7feb8c92d000 rw-p 00000000 00:00 0 
7feb8c92d000-7feb8cb2d000 rw-s 110de5000 00:10 1059                      anon_inode:i915.gem
7feb8cb2d000-7feb8cb31000 ---p 00000000 00:00 0 
7feb8cb31000-7feb8cc2d000 rw-p 00000000 00:00 0 
7feb8cc2d000-7feb8cc31000 ---p 00000000 00:00 0 
7feb8cc31000-7feb8cd2d000 rw-p 00000000 00:00 0 
7feb8cd2d000-7feb8cf2d000 rw-s 1043a7000 00:10 1059                      anon_inode:i915.gem
7feb8cf2d000-7feb8d92d000 rw-s 1101e5000 00:10 1059                      anon_inode:i915.gem
7feb8d92d000-7feb8dd2d000 rw-s 1303e5000 00:10 1059                      anon_inode:i915.gem
7feb8dd2d000-7feb8dd31000 ---p 00000000 00:00 0 
7feb8dd31000-7feb8de2d000 rw-p 00000000 00:00 0 
7feb8de2d000-7feb8de31000 ---p 00000000 00:00 0 
7feb8de31000-7feb8df2d000 rw-p 00000000 00:00 0 
7feb8df2d000-7feb8df31000 ---p 00000000 00:00 0 
7feb8df31000-7feb8e02d000 rw-p 00000000 00:00 0 
7feb8e02d000-7feb8e031000 ---p 00000000 00:00 0 
7feb8e031000-7feb8e12d000 rw-p 00000000 00:00 0 
7feb8e12d000-7feb8e131000 ---p 00000000 00:00 0 
7feb8e131000-7feb8e22d000 rw-p 00000000 00:00 0 
7feb8e22d000-7feb8e231000 ---p 00000000 00:00 0 
7feb8e231000-7feb8e32d000 rw-p 00000000 00:00 0 
7feb8e32d000-7feb8e331000 ---p 00000000 00:00 0 
7feb8e331000-7feb8e42d000 rw-p 00000000 00:00 0 
7feb8e42d000-7feb8e431000 ---p 00000000 00:00 0 
7feb8e431000-7feb8e52d000 rw-p 00000000 00:00 0 
7feb8e52d000-7feb8e92d000 rw-s 1047a7000 00:10 1059                      anon_inode:i915.gem
7feb8e92d000-7feb8eb2d000 rw-s 1041a7000 00:10 1059                      anon_inode:i915.gem
7feb8eb2d000-7feb8eb31000 ---p 00000000 00:00 0 
7feb8eb31000-7feb8ec2d000 rw-p 00000000 00:00 0 
7feb8ec2d000-7feb8ec31000 ---p 00000000 00:00 0 
7feb8ec31000-7feb8ed2d000 rw-p 00000000 00:00 0 
7feb8ed2d000-7feb8f52d000 rw-s 118bd5000 00:10 1059                      anon_inode:i915.gem
7feb8f52d000-7feb8f72d000 rw-s 1138d5000 00:10 1059                      anon_inode:i915.gem
7feb8f72d000-7feb8f92d000 rw-s 1136d5000 00:10 1059                      anon_inode:i915.gem
7feb8f92d000-7feb9112d000 rw-s 12e5db000 00:10 1059                      anon_inode:i915.gem
7feb9112d000-7feb91136000 rw-s 00000000 00:01 43520                      /memfd:pipewire-memfd:flags=0x0000000f,type=2,size=32832 (deleted)
7feb91136000-7feb9113f000 rw-s 00000000 00:01 43519                      /memfd:pipewire-memfd:flags=0x0000000f,type=2,size=32832 (deleted)
7feb9113f000-7feb91140000 rw-s 00000000 00:01 6407                       /memfd:pipewire-memfd:flags=0x0000000f,type=2,size=2312 (deleted)
7feb91140000-7feb91141000 rw-s 00000000 00:01 47296                      /memfd:pipewire-memfd:flags=0x0000000f,type=2,size=2312 (deleted)
7feb91141000-7feb91142000 rw-s 00000000 00:01 46283                      /memfd:pipewire-memfd:flags=0x0000000f,type=2,size=2312 (deleted)
7feb91142000-7feb91143000 rw-s 00000000 00:01 40642                      /memfd:pipewire-memfd:flags=0x0000000f,type=2,size=4096 (deleted)
7feb91143000-7feb9114c000 rw-s 00000000 00:01 40644                      /memfd:pipewire-memfd:flags=0x0000000f,type=2,size=32832 (deleted)
7feb9114c000-7feb91155000 rw-s 00000000 00:01 40643                      /memfd:pipewire-memfd:flags=0x0000000f,type=2,size=32832 (deleted)
7feb91155000-7feb91156000 rw-s 00000000 00:01 6407                       /memfd:pipewire-memfd:flags=0x0000000f,type=2,size=2312 (deleted)
7feb91156000-7feb91157000 rw-s 00000000 00:01 47295                      /memfd:pipewire-memfd:flags=0x0000000f,type=2,size=2312 (deleted)
7feb91157000-7feb91158000 rw-s 00000000 00:01 43518                      /memfd:pipewire-memfd:flags=0x0000000f,type=2,size=2312 (deleted)
7feb91158000-7feb91161000 rw-s 00000000 00:01 45328                      /memfd:pipewire-memfd:flags=0x0000000f,type=2,size=32832 (deleted)
7feb91161000-7feb9116a000 rw-s 00000000 00:01 45327                      /memfd:pipewire-memfd:flags=0x0000000f,type=2,size=32832 (deleted)
7feb9116a000-7feb91173000 rw-s 00000000 00:01 43517                      /memfd:pipewire-memfd:flags=0x0000000f,type=2,size=32832 (deleted)
7feb91173000-7feb9117c000 rw-s 00000000 00:01 43516                      /memfd:pipewire-memfd:flags=0x0000000f,type=2,size=32832 (deleted)
7feb9117c000-7feb9117d000 rw-s 00000000 00:01 47330                      /memfd:pipewire-memfd:flags=0x0000000f,type=2,size=2312 (deleted)
7feb9117d000-7feb9117e000 rw-s 00000000 00:01 46300                      /memfd:pipewire-memfd:flags=0x0000000f,type=2,size=4096 (deleted)
7feb9117e000-7feb9117f000 rw-s 00000000 00:01 6407                       /memfd:pipewire-memfd:flags=0x0000000f,type=2,size=2312 (deleted)
7feb9117f000-7feb91180000 rw-s 00000000 00:01 46299                      /memfd:pipewire-memfd:flags=0x0000000f,type=2,size=2312 (deleted)
7feb91180000-7feb91181000 rw-s 00000000 00:01 43544                      /memfd:pipewire-memfd:flags=0x0000000f,type=2,size=2312 (deleted)
7feb91181000-7feb91182000 rw-s 00000000 00:01 41678                      /memfd:pipewire-memfd:flags=0x0000000f,type=2,size=4096 (deleted)
7feb91182000-7feb9118b000 rw-s 00000000 00:01 47328                      /memfd:pipewire-memfd:flags=0x0000000f,type=2,size=32832 (deleted)
7feb9118b000-7feb9118c000 rw-s 00000000 00:01 6407                       /memfd:pipewire-memfd:flags=0x0000000f,type=2,size=2312 (deleted)
7feb9118c000-7feb9118d000 rw-s 00000000 00:01 41677                      /memfd:pipewire-memfd:flags=0x0000000f,type=2,size=2312 (deleted)
7feb9118d000-7feb9118e000 rw-s 00000000 00:01 40664                      /memfd:pipewire-memfd:flags=0x0000000f,type=2,size=2312 (deleted)
7feb9118e000-7feb9118f000 rw-s 00000000 00:01 47326                      /memfd:pipewire-memfd:flags=0x0000000f,type=2,size=4096 (deleted)
7feb9118f000-7feb91198000 rw-s 00000000 00:01 43543                      /memfd:pipewire-memfd:flags=0x0000000f,type=2,size=32832 (deleted)
7feb91198000-7feb911a1000 rw-s 00000000 00:01 43542                      /memfd:pipewire-memfd:flags=0x0000000f,type=2,size=32832 (deleted)
7feb911a1000-7feb911a2000 rw-s 00000000 00:01 6407                       /memfd:pipewire-memfd:flags=0x0000000f,type=2,size=2312 (deleted)
7feb911a2000-7feb911a3000 rw-s 00000000 00:01 47325                      /memfd:pipewire-memfd:flags=0x0000000f,type=2,size=2312 (deleted)
7feb911a3000-7feb911a4000 rw-s 00000000 00:01 46298                      /memfd:pipewire-memfd:flags=0x0000000f,type=2,size=2312 (deleted)
7feb911a4000-7feb911a5000 rw-s 00000000 00:01 47324                      /memfd:pipewire-memfd:flags=0x0000000f,type=2,size=4096 (deleted)
7feb911a5000-7feb911ae000 rw-s 00000000 00:01 46297                      /memfd:pipewire-memfd:flags=0x0000000f,type=2,size=32832 (deleted)
7feb911ae000-7feb911b7000 rw-s 00000000 00:01 46296                      /memfd:pipewire-memfd:flags=0x0000000f,type=2,size=32832 (deleted)
7feb911b7000-7feb911b8000 rw-s 00000000 00:01 6407                       /memfd:pipewire-memfd:flags=0x0000000f,type=2,size=2312 (deleted)
7feb911b8000-7feb911b9000 rw-s 00000000 00:01 47323                      /memfd:pipewire-memfd:flags=0x0000000f,type=2,size=2312 (deleted)
7feb911b9000-7feb911ba000 rw-s 00000000 00:01 47322                      /memfd:pipewire-memfd:flags=0x0000000f,type=2,size=2312 (deleted)
7feb911ba000-7feb911bb000 rw-s 00000000 00:01 46295                      /memfd:pipewire-memfd:flags=0x0000000f,type=2,size=4096 (deleted)
7feb911bb000-7feb911c4000 rw-s 00000000 00:01 43541                      /memfd:pipewire-memfd:flags=0x0000000f,type=2,size=32832 (deleted)
7feb911c4000-7feb911cd000 rw-s 00000000 00:01 43540                      /memfd:pipewire-memfd:flags=0x0000000f,type=2,size=32832 (deleted)
7feb911cd000-7feb911ce000 rw-s 00000000 00:01 6407                       /memfd:pipewire-memfd:flags=0x0000000f,type=2,size=2312 (deleted)
7feb911ce000-7feb911cf000 rw-s 00000000 00:01 46294                      /memfd:pipewire-memfd:flags=0x0000000f,type=2,size=2312 (deleted)
7feb911cf000-7feb911d0000 rw-s 00000000 00:01 43539                      /memfd:pipewire-memfd:flags=0x0000000f,type=2,size=2312 (deleted)
7feb911d0000-7feb911d1000 rw-s 00000000 00:01 44404                      /memfd:pipewire-memfd:flags=0x0000000f,type=2,size=4096 (deleted)
7feb911d1000-7feb911da000 rw-s 00000000 00:01 41676                      /memfd:pipewire-memfd:flags=0x0000000f,type=2,size=32832 (deleted)
7feb911da000-7feb911e3000 rw-s 00000000 00:01 41675                      /memfd:pipewire-memfd:flags=0x0000000f,type=2,size=32832 (deleted)
7feb911e3000-7feb911e4000 rw-s 00000000 00:01 6407                       /memfd:pipewire-memfd:flags=0x0000000f,type=2,size=2312 (deleted)
7feb911e4000-7feb911e5000 rw-s 00000000 00:01 44403                      /memfd:pipewire-memfd:flags=0x0000000f,type=2,size=2312 (deleted)
7feb911e5000-7feb911e6000 rw-s 00000000 00:01 42537                      /memfd:pipewire-memfd:flags=0x0000000f,type=2,size=2312 (deleted)
7feb911e6000-7feb911e7000 rw-s 00000000 00:01 46293                      /memfd:pipewire-memfd:flags=0x0000000f,type=2,size=4096 (deleted)
7feb911e7000-7feb911f0000 rw-s 00000000 00:01 47321                      /memfd:pipewire-memfd:flags=0x0000000f,type=2,size=32832 (deleted)
7feb911f0000-7feb911f9000 rw-s 00000000 00:01 47320                      /memfd:pipewire-memfd:flags=0x0000000f,type=2,size=32832 (deleted)
7feb911f9000-7feb911fa000 rw-s 00000000 00:01 6407                       /memfd:pipewire-memfd:flags=0x0000000f,type=2,size=2312 (deleted)
7feb911fa000-7feb911fb000 rw-s 00000000 00:01 46292                      /memfd:pipewire-memfd:flags=0x0000000f,type=2,size=2312 (deleted)
7feb911fb000-7feb911fc000 rw-s 00000000 00:01 43538                      /memfd:pipewire-memfd:flags=0x0000000f,type=2,size=2312 (deleted)
7feb911fc000-7feb911fd000 ---p 00000000 00:00 0 
7feb911fd000-7feb919fd000 rw-p 00000000 00:00 0 
7feb919fd000-7feb919fe000 ---p 00000000 00:00 0 
7feb919fe000-7feb921fe000 rw-p 00000000 00:00 0 
7feb921fe000-7feb921ff000 ---p 00000000 00:00 0 
7feb921ff000-7feb929ff000 rw-p 00000000 00:00 0 
7feb929ff000-7feb92a00000 ---p 00000000 00:00 0 
7feb92a00000-7feb93200000 rw-p 00000000 00:00 0 
7feb93200000-7feb93400000 rw-s 103da7000 00:10 1059                      anon_inode:i915.gem
7feb93400000-7feb93404000 ---p 00000000 00:00 0 
7feb93404000-7feb93500000 rw-p 00000000 00:00 0 
7feb93500000-7feb93504000 ---p 00000000 00:00 0 
7feb93504000-7feb93600000 rw-p 00000000 00:00 0 
7feb93600000-7feb93604000 ---p 00000000 00:00 0 
7feb93604000-7feb93700000 rw-p 00000000 00:00 0 
7feb93700000-7feb93704000 ---p 00000000 00:00 0 
7feb93704000-7feb93800000 rw-p 00000000 00:00 0 
7feb93800000-7feb93804000 ---p 00000000 00:00 0 
7feb93804000-7feb93900000 rw-p 00000000 00:00 0 
7feb93900000-7feb93904000 ---p 00000000 00:00 0 
7feb93904000-7feb93a00000 rw-p 00000000 00:00 0 
7feb93a00000-7feb93a04000 ---p 00000000 00:00 0 
7feb93a04000-7feb93b00000 rw-p 00000000 00:00 0 
7feb93b00000-7feb93b04000 ---p 00000000 00:00 0 
7feb93b04000-7feb93c00000 rw-p 00000000 00:00 0 
7feb93c00000-7feb94000000 rw-s 11dbd5000 00:10 1059                      anon_inode:i915.gem
7feb94000000-7feb94081000 rw-p 00000000 00:00 0 
7feb94081000-7feb98000000 ---p 00000000 00:00 0 
7feb98000000-7feb98001000 rw-s 00000000 00:01 41645                      /memfd:pipewire-memfd:flags=0x0000000f,type=2,size=4096 (deleted)
7feb98001000-7feb98002000 rw-s 00000000 00:01 6407                       /memfd:pipewire-memfd:flags=0x0000000f,type=2,size=2312 (deleted)
7feb98002000-7feb98003000 rw-s 00000000 00:01 41644                      /memfd:pipewire-memfd:flags=0x0000000f,type=2,size=2312 (deleted)
7feb98003000-7feb98004000 rw-s 00000000 00:01 42513                      /memfd:pipewire-memfd:flags=0x0000000f,type=2,size=2312 (deleted)
7feb98004000-7feb98005000 rw-s 00000000 00:01 44398                      /memfd:pipewire-memfd:flags=0x0000000f,type=2,size=4096 (deleted)
7feb98005000-7feb98006000 rw-s 00000000 00:01 6407                       /memfd:pipewire-memfd:flags=0x0000000f,type=2,size=2312 (deleted)
7feb98006000-7feb98007000 rw-s 00000000 00:01 46282                      /memfd:pipewire-memfd:flags=0x0000000f,type=2,size=2312 (deleted)
7feb98007000-7feb98008000 rw-s 00000000 00:01 43515                      /memfd:pipewire-memfd:flags=0x0000000f,type=2,size=2312 (deleted)
7feb98008000-7feb98009000 rw-s 00000000 00:01 47294                      /memfd:pipewire-memfd:flags=0x0000000f,type=2,size=4096 (deleted)
7feb98009000-7feb98012000 rw-s 00000000 00:01 41643                      /memfd:pipewire-memfd:flags=0x0000000f,type=2,size=32832 (deleted)
7feb98012000-7feb9801b000 rw-s 00000000 00:01 41642                      /memfd:pipewire-memfd:flags=0x0000000f,type=2,size=32832 (deleted)
7feb9801b000-7feb9801c000 rw-s 00000000 00:01 6407                       /memfd:pipewire-memfd:flags=0x0000000f,type=2,size=2312 (deleted)
7feb9801c000-7feb9801d000 rw-s 00000000 00:01 47293                      /memfd:pipewire-memfd:flags=0x0000000f,type=2,size=2312 (deleted)
7feb9801d000-7feb9801e000 rw-s 00000000 00:01 45326                      /memfd:pipewire-memfd:flags=0x0000000f,type=2,size=2312 (deleted)
7feb9801e000-7feb9801f000 rw-s 00000000 00:01 44397                      /memfd:pipewire-memfd:flags=0x0000000f,type=2,size=4096 (deleted)
7feb9801f000-7feb98028000 rw-s 00000000 00:01 41641                      /memfd:pipewire-memfd:flags=0x0000000f,type=2,size=32832 (deleted)
7feb98028000-7feb98031000 rw-s 00000000 00:01 41640                      /memfd:pipewire-memfd:flags=0x0000000f,type=2,size=32832 (deleted)
7feb98031000-7feb98032000 rw-s 00000000 00:01 6407                       /memfd:pipewire-memfd:flags=0x0000000f,type=2,size=2312 (deleted)
7feb98032000-7feb98033000 rw-s 00000000 00:01 44396                      /memfd:pipewire-memfd:flags=0x0000000f,type=2,size=2312 (deleted)
7feb98033000-7feb98034000 rw-s 00000000 00:01 42512                      /memfd:pipewire-memfd:flags=0x0000000f,type=2,size=2312 (deleted)
7feb98034000-7feb98035000 rw-s 00000000 00:01 43512                      /memfd:pipewire-memfd:flags=0x0000000f,type=2,size=4096 (deleted)
7feb98035000-7feb9803e000 rw-s 00000000 00:01 43514                      /memfd:pipewire-memfd:flags=0x0000000f,type=2,size=32832 (deleted)
7feb9803e000-7feb98047000 rw-s 00000000 00:01 43513                      /memfd:pipewire-memfd:flags=0x0000000f,type=2,size=32832 (deleted)
7feb98047000-7feb98048000 rw-s 00000000 00:01 6407                       /memfd:pipewire-memfd:flags=0x0000000f,type=2,size=2312 (deleted)
7feb98048000-7feb98049000 rw-s 00000000 00:01 43511                      /memfd:pipewire-memfd:flags=0x0000000f,type=2,size=2312 (deleted)
7feb98049000-7feb9804a000 rw-s 00000000 00:01 44395                      /memfd:pipewire-memfd:flags=0x0000000f,type=2,size=2312 (deleted)
7feb9804a000-7feb9804b000 rw-s 00000000 00:01 46280                      /memfd:pipewire-memfd:flags=0x0000000f,type=2,size=4096 (deleted)
7feb9804b000-7feb98054000 rw-s 00000000 00:01 44394                      /memfd:pipewire-memfd:flags=0x0000000f,type=2,size=32832 (deleted)
7feb98054000-7feb9805d000 rw-s 00000000 00:01 44393                      /memfd:pipewire-memfd:flags=0x0000000f,type=2,size=32832 (deleted)
7feb9805d000-7feb9805e000 rw-s 00000000 00:01 6407                       /memfd:pipewire-memfd:flags=0x0000000f,type=2,size=2312 (deleted)
7feb9805e000-7feb9805f000 rw-s 00000000 00:01 46279                      /memfd:pipewire-memfd:flags=0x0000000f,type=2,size=2312 (deleted)
7feb9805f000-7feb98060000 rw-s 00000000 00:01 40641                      /memfd:pipewire-memfd:flags=0x0000000f,type=2,size=2312 (deleted)
7feb98060000-7feb98061000 rw-s 00000000 00:01 44392                      /memfd:pipewire-memfd:flags=0x0000000f,type=2,size=4096 (deleted)
7feb98061000-7feb9806a000 rw-s 00000000 00:01 45325                      /memfd:pipewire-memfd:flags=0x0000000f,type=2,size=32832 (deleted)
7feb9806a000-7feb9806e000 ---p 00000000 00:00 0 
7feb9806e000-7feb9816a000 rw-p 00000000 00:00 0 
7feb9816a000-7feb9816e000 ---p 00000000 00:00 0 
7feb9816e000-7feb9826a000 rw-p 00000000 00:00 0 
7feb9826a000-7feb9846a000 rw-s 125f21000 00:10 1059                      anon_inode:i915.gem
7feb9846a000-7feb98473000 rw-s 00000000 00:01 45324                      /memfd:pipewire-memfd:flags=0x0000000f,type=2,size=32832 (deleted)
7feb98473000-7feb98474000 rw-s 00000000 00:01 6407                       /memfd:pipewire-memfd:flags=0x0000000f,type=2,size=2312 (deleted)
7feb98474000-7feb98475000 rw-s 00000000 00:01 44391                      /memfd:pipewire-memfd:flags=0x0000000f,type=2,size=2312 (deleted)
7feb98475000-7feb98479000 ---p 00000000 00:00 0 
7feb98479000-7feb98575000 rw-p 00000000 00:00 0 
7feb98575000-7feb98775000 rw-s 125d21000 00:10 1059                      anon_inode:i915.gem
7feb98775000-7feb98975000 rw-s 1071c7000 00:10 1059                      anon_inode:i915.gem
7feb98975000-7feb98976000 rw-s 00000000 00:01 40640                      /memfd:pipewire-memfd:flags=0x0000000f,type=2,size=2312 (deleted)
7feb98976000-7feb98977000 rw-s 00000000 00:01 44390                      /memfd:pipewire-memfd:flags=0x0000000f,type=2,size=4096 (deleted)
7feb98977000-7feb98980000 rw-s 00000000 00:01 45323                      /memfd:pipewire-memfd:flags=0x0000000f,type=2,size=32832 (deleted)
7feb98980000-7feb98984000 ---p 00000000 00:00 0 
7feb98984000-7feb98a80000 rw-p 00000000 00:00 0 
7feb98a80000-7feb98a84000 ---p 00000000 00:00 0 
7feb98a84000-7feb98b80000 rw-p 00000000 00:00 0 
7feb98b80000-7feb98b84000 ---p 00000000 00:00 0 
7feb98b84000-7feb98c80000 rw-p 00000000 00:00 0 
7feb98c80000-7feb98e80000 rw-s 1035a7000 00:10 1059                      anon_inode:i915.gem
7feb98e80000-7feb99080000 rw-s 1006c3000 00:10 1059                      anon_inode:i915.gem
7feb99080000-7feb99280000 rw-s 1004c3000 00:10 1059                      anon_inode:i915.gem
7feb99280000-7feb99680000 rw-s 120d15000 00:10 1059                      anon_inode:i915.gem
7feb99680000-7feb99880000 rw-s 122a85000 00:10 1059                      anon_inode:i915.gem
7feb99880000-7feb99a80000 rw-s 122885000 00:10 1059                      anon_inode:i915.gem
7feb99a80000-7feb99a89000 rw-s 00000000 00:01 45322                      /memfd:pipewire-memfd:flags=0x0000000f,type=2,size=32832 (deleted)
7feb99a89000-7feb99a8a000 rw-s 00000000 00:01 6407                       /memfd:pipewire-memfd:flags=0x0000000f,type=2,size=2312 (deleted)
7feb99a8a000-7feb99a8b000 rw-s 00000000 00:01 44389                      /memfd:pipewire-memfd:flags=0x0000000f,type=2,size=2312 (deleted)
7feb99a8b000-7feb99a94000 rw-s 00000000 00:01 47291                      /memfd:pipewire-memfd:flags=0x0000000f,type=2,size=32832 (deleted)
7feb99a94000-7feb99a9d000 rw-s 00000000 00:01 47290                      /memfd:pipewire-memfd:flags=0x0000000f,type=2,size=32832 (deleted)
7feb99a9d000-7feb99aa6000 rw-s 00000000 00:01 41639                      /memfd:pipewire-memfd:flags=0x0000000f,type=2,size=32832 (deleted)
7feb99aa6000-7feb99aaf000 rw-s 00000000 00:01 40637                      /memfd:pipewire-memfd:flags=0x0000000f,type=2,size=32832 (deleted)
7feb99aaf000-7feb99ab8000 rw-s 00000000 00:01 40636                      /memfd:pipewire-memfd:flags=0x0000000f,type=2,size=32832 (deleted)
7feb99ab8000-7feb99ab9000 rw-s 00000000 00:01 45337                      /memfd:pipewire-memfd:flags=0x0000000f,type=2,size=2312 (deleted)
7feb99ab9000-7feb99aba000 rw-s 00000000 00:01 46285                      /memfd:pipewire-memfd:flags=0x0000000f,type=2,size=2312 (deleted)
7feb99aba000-7feb99abb000 rw-s 00000000 00:01 43526                      /memfd:pipewire-memfd:flags=0x0000000f,type=2,size=4096 (deleted)
7feb99abb000-7feb99ac4000 rw-s 00000000 00:01 45336                      /memfd:pipewire-memfd:flags=0x0000000f,type=2,size=32832 (deleted)
7feb99ac4000-7feb99acd000 rw-s 00000000 00:01 45335                      /memfd:pipewire-memfd:flags=0x0000000f,type=2,size=32832 (deleted)
7feb99acd000-7feb99ace000 rw-s 00000000 00:01 6407                       /memfd:pipewire-memfd:flags=0x0000000f,type=2,size=2312 (deleted)
7feb99ace000-7feb99acf000 rw-s 00000000 00:01 43525                      /memfd:pipewire-memfd:flags=0x0000000f,type=2,size=2312 (deleted)
7feb99acf000-7feb99ad0000 rw-s 00000000 00:01 47306                      /memfd:pipewire-memfd:flags=0x0000000f,type=2,size=2312 (deleted)
7feb99ad0000-7feb99ad1000 rw-s 00000000 00:01 6407                       /memfd:pipewire-memfd:flags=0x0000000f,type=2,size=2312 (deleted)
7feb99ad1000-7feb99ad2000 rw-s 00000000 00:01 47375                      /memfd:pipewire-memfd:flags=0x0000000f,type=2,size=2312 (deleted)
7feb99ad2000-7feb99ad3000 rw-s 00000000 00:01 43580                      /memfd:pipewire-memfd:flags=0x0000000f,type=2,size=2312 (deleted)
7feb99ad3000-7feb99ad4000 rw-s 00000000 00:01 46353                      /memfd:pipewire-memfd:flags=0x0000000f,type=2,size=4096 (deleted)
7feb99ad4000-7feb99add000 rw-s 00000000 00:01 47373                      /memfd:pipewire-memfd:flags=0x0000000f,type=2,size=32832 (deleted)
7feb99add000-7feb99ade000 rw-s 00000000 00:01 6407                       /memfd:pipewire-memfd:flags=0x0000000f,type=2,size=2312 (deleted)
7feb99ade000-7feb99adf000 rw-s 00000000 00:01 46352                      /memfd:pipewire-memfd:flags=0x0000000f,type=2,size=2312 (deleted)
7feb99adf000-7feb99ae0000 rw-s 00000000 00:01 40679                      /memfd:pipewire-memfd:flags=0x0000000f,type=2,size=2312 (deleted)
7feb99ae0000-7feb99ae1000 rw-s 00000000 00:01 40647                      /memfd:pipewire-memfd:flags=0x0000000f,type=2,size=4096 (deleted)
7feb99ae1000-7feb99aea000 rw-s 00000000 00:01 47305                      /memfd:pipewire-memfd:flags=0x0000000f,type=2,size=32832 (deleted)
7feb99aea000-7feb99af3000 rw-s 00000000 00:01 47304                      /memfd:pipewire-memfd:flags=0x0000000f,type=2,size=32832 (deleted)
7feb99af3000-7feb99af4000 rw-s 00000000 00:01 6407                       /memfd:pipewire-memfd:flags=0x0000000f,type=2,size=2312 (deleted)
7feb99af4000-7feb99af5000 rw-s 00000000 00:01 40646                      /memfd:pipewire-memfd:flags=0x0000000f,type=2,size=2312 (deleted)
7feb99af5000-7feb99af6000 rw-s 00000000 00:01 43524                      /memfd:pipewire-memfd:flags=0x0000000f,type=2,size=2312 (deleted)
7feb99af6000-7feb99af7000 rw-s 00000000 00:01 47303                      /memfd:pipewire-memfd:flags=0x0000000f,type=2,size=4096 (deleted)
7feb99af7000-7feb99b00000 rw-s 00000000 00:01 44400                      /memfd:pipewire-memfd:flags=0x0000000f,type=2,size=32832 (deleted)
7feb99b00000-7feb99b09000 rw-s 00000000 00:01 44399                      /memfd:pipewire-memfd:flags=0x0000000f,type=2,size=32832 (deleted)
7feb99b09000-7feb99b0a000 rw-s 00000000 00:01 6407                       /memfd:pipewire-memfd:flags=0x0000000f,type=2,size=2312 (deleted)
7feb99b0a000-7feb99b0b000 rw-s 00000000 00:01 47302                      /memfd:pipewire-memfd:flags=0x0000000f,type=2,size=2312 (deleted)
7feb99b0b000-7feb99b0c000 rw-s 00000000 00:01 47301                      /memfd:pipewire-memfd:flags=0x0000000f,type=2,size=2312 (deleted)
7feb99b0c000-7feb99b0d000 rw-s 00000000 00:01 42516                      /memfd:pipewire-memfd:flags=0x0000000f,type=2,size=4096 (deleted)
7feb99b0d000-7feb99b16000 rw-s 00000000 00:01 45333                      /memfd:pipewire-memfd:flags=0x0000000f,type=2,size=32832 (deleted)
7feb99b16000-7feb99b1f000 rw-s 00000000 00:01 45332                      /memfd:pipewire-memfd:flags=0x0000000f,type=2,size=32832 (deleted)
7feb99b1f000-7feb99b20000 rw-s 00000000 00:01 6407                       /memfd:pipewire-memfd:flags=0x0000000f,type=2,size=2312 (deleted)
7feb99b20000-7feb99b21000 rw-s 00000000 00:01 42515                      /memfd:pipewire-memfd:flags=0x0000000f,type=2,size=2312 (deleted)
7feb99b21000-7feb99b22000 rw-s 00000000 00:01 45331                      /memfd:pipewire-memfd:flags=0x0000000f,type=2,size=2312 (deleted)
7feb99b22000-7feb99b23000 rw-s 00000000 00:01 43523                      /memfd:pipewire-memfd:flags=0x0000000f,type=2,size=4096 (deleted)
7feb99b23000-7feb99b2c000 rw-s 00000000 00:01 45330                      /memfd:pipewire-memfd:flags=0x0000000f,type=2,size=32832 (deleted)
7feb99b2c000-7feb99b35000 rw-s 00000000 00:01 45329                      /memfd:pipewire-memfd:flags=0x0000000f,type=2,size=32832 (deleted)
7feb99b35000-7feb99b36000 rw-s 00000000 00:01 6407                       /memfd:pipewire-memfd:flags=0x0000000f,type=2,size=2312 (deleted)
7feb99b36000-7feb99b37000 rw-s 00000000 00:01 43522                      /memfd:pipewire-memfd:flags=0x0000000f,type=2,size=2312 (deleted)
7feb99b37000-7feb99b38000 rw-s 00000000 00:01 40645                      /memfd:pipewire-memfd:flags=0x0000000f,type=2,size=2312 (deleted)
7feb99b38000-7feb99b47000 r--p 00000000 08:14 2895196                    /usr/lib/x86_64-linux-gnu/libgcrypt.so.20.4.3
7feb99b47000-7feb99c3b000 r-xp 0000f000 08:14 2895196                    /usr/lib/x86_64-linux-gnu/libgcrypt.so.20.4.3
7feb99c3b000-7feb99c76000 r--p 00103000 08:14 2895196                    /usr/lib/x86_64-linux-gnu/libgcrypt.so.20.4.3
7feb99c76000-7feb99c7b000 r--p 0013e000 08:14 2895196                    /usr/lib/x86_64-linux-gnu/libgcrypt.so.20.4.3
7feb99c7b000-7feb99c7f000 rw-p 00143000 08:14 2895196                    /usr/lib/x86_64-linux-gnu/libgcrypt.so.20.4.3
7feb99c7f000-7feb99c80000 rw-p 00000000 00:00 0 
7feb99c80000-7feb99e80000 rw-s 11427c000 00:10 1059                      anon_inode:i915.gem
7feb99e80000-7feb9a080000 rw-s 122f21000 00:10 1059                      anon_inode:i915.gem
7feb9a080000-7feb9a081000 rw-s 00000000 00:01 43506                      /memfd:pipewire-memfd:flags=0x0000000f,type=2,size=4096 (deleted)
7feb9a081000-7feb9a082000 rw-s 00000000 00:01 6407                       /memfd:pipewire-memfd:flags=0x0000000f,type=2,size=2312 (deleted)
7feb9a082000-7feb9a083000 rw-s 00000000 00:01 43505                      /memfd:pipewire-memfd:flags=0x0000000f,type=2,size=2312 (deleted)
7feb9a083000-7feb9a084000 rw-s 00000000 00:01 42508                      /memfd:pipewire-memfd:flags=0x0000000f,type=2,size=2312 (deleted)
7feb9a084000-7feb9a08d000 rw-s 00000000 00:01 46275                      /memfd:pipewire-memfd:flags=0x0000000f,type=2,size=32832 (deleted)
7feb9a08d000-7feb9a096000 rw-s 00000000 00:01 46274                      /memfd:pipewire-memfd:flags=0x0000000f,type=2,size=32832 (deleted)
7feb9a096000-7feb9a0a6000 rw-s 102c87000 00:10 1059                      anon_inode:i915.gem
7feb9a0a6000-7feb9a0af000 rw-s 00000000 00:01 41633                      /memfd:pipewire-memfd:flags=0x0000000f,type=2,size=32832 (deleted)
7feb9a0af000-7feb9a0b8000 rw-s 00000000 00:01 41632                      /memfd:pipewire-memfd:flags=0x0000000f,type=2,size=32832 (deleted)
7feb9a0b8000-7feb9a0c1000 rw-s 00000000 00:01 46273                      /memfd:pipewire-memfd:flags=0x0000000f,type=2,size=32832 (deleted)
7feb9a0c1000-7feb9a0ca000 rw-s 00000000 00:01 44384                      /memfd:pipewire-memfd:flags=0x0000000f,type=2,size=32832 (deleted)
7feb9a0ca000-7feb9a0d3000 rw-s 00000000 00:01 44383                      /memfd:pipewire-memfd:flags=0x0000000f,type=2,size=32832 (deleted)
7feb9a0d3000-7feb9a0dc000 rw-s 00000000 00:01 45318                      /memfd:pipewire-memfd:flags=0x0000000f,type=2,size=32832 (deleted)
7feb9a0dc000-7feb9a0e5000 rw-s 00000000 00:01 45317                      /memfd:pipewire-memfd:flags=0x0000000f,type=2,size=32832 (deleted)
7feb9a0e5000-7feb9a0ee000 rw-s 00000000 00:01 44382                      /memfd:pipewire-memfd:flags=0x0000000f,type=2,size=32832 (deleted)
7feb9a0ee000-7feb9a0f7000 rw-s 00000000 00:01 44381                      /memfd:pipewire-memfd:flags=0x0000000f,type=2,size=32832 (deleted)
7feb9a0f7000-7feb9a100000 rw-s 00000000 00:01 46264                      /memfd:pipewire-memfd:flags=0x0000000f,type=2,size=32832 (deleted)
7feb9a100000-7feb9a500000 rw-s 12d3b5000 00:10 1059                      anon_inode:i915.gem
7feb9a500000-7feb9a700000 rw-s 121fe5000 00:10 1059                      anon_inode:i915.gem
7feb9a700000-7feb9a900000 rw-s 121de5000 00:10 1059                      anon_inode:i915.gem
7feb9a900000-7feb9a901000 rw-s 00000000 00:01 45320                      /memfd:pipewire-memfd:flags=0x0000000f,type=2,size=4096 (deleted)
7feb9a901000-7feb9a902000 rw-s 00000000 00:01 6407                       /memfd:pipewire-memfd:flags=0x0000000f,type=2,size=2312 (deleted)
7feb9a902000-7feb9a903000 rw-s 00000000 00:01 45319                      /memfd:pipewire-memfd:flags=0x0000000f,type=2,size=2312 (deleted)
7feb9a903000-7feb9a904000 rw-s 00000000 00:01 44385                      /memfd:pipewire-memfd:flags=0x0000000f,type=2,size=2312 (deleted)
7feb9a904000-7feb9a905000 rw-s 00000000 00:01 40635                      /memfd:pipewire-memfd:flags=0x0000000f,type=2,size=4096 (deleted)
7feb9a905000-7feb9a90e000 rw-s 00000000 00:01 46263                      /memfd:pipewire-memfd:flags=0x0000000f,type=2,size=32832 (deleted)
7feb9a90e000-7feb9a917000 rw-s 00000000 00:01 42504                      /memfd:pipewire-memfd:flags=0x0000000f,type=2,size=32832 (deleted)
7feb9a917000-7feb9a920000 rw-s 00000000 00:01 42503                      /memfd:pipewire-memfd:flags=0x0000000f,type=2,size=32832 (deleted)
7feb9a920000-7feb9a936000 r--p 00000000 08:14 2894273                    /usr/lib/x86_64-linux-gnu/libsystemd.so.0.38.0
7feb9a936000-7feb9a9c5000 r-xp 00016000 08:14 2894273                    /usr/lib/x86_64-linux-gnu/libsystemd.so.0.38.0
7feb9a9c5000-7feb9a9f3000 r--p 000a5000 08:14 2894273                    /usr/lib/x86_64-linux-gnu/libsystemd.so.0.38.0
7feb9a9f3000-7feb9a9fe000 r--p 000d2000 08:14 2894273                    /usr/lib/x86_64-linux-gnu/libsystemd.so.0.38.0
7feb9a9fe000-7feb9a9ff000 rw-p 000dd000 08:14 2894273                    /usr/lib/x86_64-linux-gnu/libsystemd.so.0.38.0
7feb9a9ff000-7feb9aa00000 rw-p 00000000 00:00 0 
7feb9aa00000-7feb9ac00000 rw-s 12e07b000 00:10 1059                      anon_inode:i915.gem
7feb9ac00000-7feb9ac01000 rw-s 00000000 00:01 47292                      /memfd:pipewire-memfd:flags=0x0000000f,type=2,size=2312 (deleted)
7feb9ac01000-7feb9ac02000 rw-s 00000000 00:01 44388                      /memfd:pipewire-memfd:flags=0x0000000f,type=2,size=4096 (deleted)
7feb9ac02000-7feb9ac03000 rw-s 00000000 00:01 6407                       /memfd:pipewire-memfd:flags=0x0000000f,type=2,size=2312 (deleted)
7feb9ac03000-7feb9ac04000 rw-s 00000000 00:01 44387                      /memfd:pipewire-memfd:flags=0x0000000f,type=2,size=2312 (deleted)
7feb9ac04000-7feb9ac05000 rw-s 00000000 00:01 40639                      /memfd:pipewire-memfd:flags=0x0000000f,type=2,size=2312 (deleted)
7feb9ac05000-7feb9ac06000 rw-s 00000000 00:01 47289                      /memfd:pipewire-memfd:flags=0x0000000f,type=2,size=4096 (deleted)
7feb9ac06000-7feb9ac0f000 rw-s 00000000 00:01 41638                      /memfd:pipewire-memfd:flags=0x0000000f,type=2,size=32832 (deleted)
7feb9ac0f000-7feb9ac10000 rw-s 00000000 00:01 6407                       /memfd:pipewire-memfd:flags=0x0000000f,type=2,size=2312 (deleted)
7feb9ac10000-7feb9ac11000 rw-s 00000000 00:01 47288                      /memfd:pipewire-memfd:flags=0x0000000f,type=2,size=2312 (deleted)
7feb9ac11000-7feb9ac12000 rw-s 00000000 00:01 45321                      /memfd:pipewire-memfd:flags=0x0000000f,type=2,size=2312 (deleted)
7feb9ac12000-7feb9ac13000 rw-s 00000000 00:01 41637                      /memfd:pipewire-memfd:flags=0x0000000f,type=2,size=4096 (deleted)
7feb9ac13000-7feb9ac1c000 rw-s 00000000 00:01 47287                      /memfd:pipewire-memfd:flags=0x0000000f,type=2,size=32832 (deleted)
7feb9ac1c000-7feb9ac25000 rw-s 00000000 00:01 47286                      /memfd:pipewire-memfd:flags=0x0000000f,type=2,size=32832 (deleted)
7feb9ac25000-7feb9ac26000 rw-s 00000000 00:01 6407                       /memfd:pipewire-memfd:flags=0x0000000f,type=2,size=2312 (deleted)
7feb9ac26000-7feb9ac27000 rw-s 00000000 00:01 41636                      /memfd:pipewire-memfd:flags=0x0000000f,type=2,size=2312 (deleted)
7feb9ac27000-7feb9ac28000 rw-s 00000000 00:01 46278                      /memfd:pipewire-memfd:flags=0x0000000f,type=2,size=2312 (deleted)
7feb9ac28000-7feb9ac29000 rw-s 00000000 00:01 47283                      /memfd:pipewire-memfd:flags=0x0000000f,type=2,size=4096 (deleted)
7feb9ac29000-7feb9ac32000 rw-s 00000000 00:01 47285                      /memfd:pipewire-memfd:flags=0x0000000f,type=2,size=32832 (deleted)
7feb9ac32000-7feb9ac3b000 rw-s 00000000 00:01 47284                      /memfd:pipewire-memfd:flags=0x0000000f,type=2,size=32832 (deleted)
7feb9ac3b000-7feb9ac3c000 rw-s 00000000 00:01 6407                       /memfd:pipewire-memfd:flags=0x0000000f,type=2,size=2312 (deleted)
7feb9ac3c000-7feb9ac3d000 rw-s 00000000 00:01 47282                      /memfd:pipewire-memfd:flags=0x0000000f,type=2,size=2312 (deleted)
7feb9ac3d000-7feb9ac3e000 rw-s 00000000 00:01 43509                      /memfd:pipewire-memfd:flags=0x0000000f,type=2,size=2312 (deleted)
7feb9ac3e000-7feb9ac3f000 rw-s 00000000 00:01 47281                      /memfd:pipewire-memfd:flags=0x0000000f,type=2,size=4096 (deleted)
7feb9ac3f000-7feb9ac48000 rw-s 00000000 00:01 41635                      /memfd:pipewire-memfd:flags=0x0000000f,type=2,size=32832 (deleted)
7feb9ac48000-7feb9ac51000 rw-s 00000000 00:01 41634                      /memfd:pipewire-memfd:flags=0x0000000f,type=2,size=32832 (deleted)
7feb9ac51000-7feb9ac52000 rw-s 00000000 00:01 6407                       /memfd:pipewire-memfd:flags=0x0000000f,type=2,size=2312 (deleted)
7feb9ac52000-7feb9ac53000 rw-s 00000000 00:01 47280                      /memfd:pipewire-memfd:flags=0x0000000f,type=2,size=2312 (deleted)
7feb9ac53000-7feb9ac54000 rw-s 00000000 00:01 40638                      /memfd:pipewire-memfd:flags=0x0000000f,type=2,size=2312 (deleted)
7feb9ac54000-7feb9ac55000 rw-s 00000000 00:01 46277                      /memfd:pipewire-memfd:flags=0x0000000f,type=2,size=4096 (deleted)
7feb9ac55000-7feb9ac5e000 rw-s 00000000 00:01 42511                      /memfd:pipewire-memfd:flags=0x0000000f,type=2,size=32832 (deleted)
7feb9ac5e000-7feb9ac67000 rw-s 00000000 00:01 42510                      /memfd:pipewire-memfd:flags=0x0000000f,type=2,size=32832 (deleted)
7feb9ac67000-7feb9ac68000 rw-s 00000000 00:01 6407                       /memfd:pipewire-memfd:flags=0x0000000f,type=2,size=2312 (deleted)
7feb9ac68000-7feb9ac69000 rw-s 00000000 00:01 46276                      /memfd:pipewire-memfd:flags=0x0000000f,type=2,size=2312 (deleted)
7feb9ac69000-7feb9ac6a000 rw-s 00000000 00:01 42509                      /memfd:pipewire-memfd:flags=0x0000000f,type=2,size=2312 (deleted)
7feb9ac6a000-7feb9ac6b000 rw-s 00000000 00:01 43508                      /memfd:pipewire-memfd:flags=0x0000000f,type=2,size=4096 (deleted)
7feb9ac6b000-7feb9ac74000 rw-s 00000000 00:01 47279                      /memfd:pipewire-memfd:flags=0x0000000f,type=2,size=32832 (deleted)
7feb9ac74000-7feb9ac7d000 rw-s 00000000 00:01 47278                      /memfd:pipewire-memfd:flags=0x0000000f,type=2,size=32832 (deleted)
7feb9ac7d000-7feb9ac7e000 rw-s 00000000 00:01 6407                       /memfd:pipewire-memfd:flags=0x0000000f,type=2,size=2312 (deleted)
7feb9ac7e000-7feb9ac7f000 rw-s 00000000 00:01 43507                      /memfd:pipewire-memfd:flags=0x0000000f,type=2,size=2312 (deleted)
7feb9ac7f000-7feb9ac80000 rw-s 00000000 00:01 44386                      /memfd:pipewire-memfd:flags=0x0000000f,type=2,size=2312 (deleted)
7feb9ac80000-7feb9ae80000 rw-s 12de7b000 00:10 1059                      anon_inode:i915.gem
7feb9ae80000-7feb9b280000 rw-s 10d8e5000 00:10 1059                      anon_inode:i915.gem
7feb9b280000-7feb9b281000 rw-s 00000000 00:01 43503                      /memfd:pipewire-memfd:flags=0x0000000f,type=2,size=4096 (deleted)
7feb9b281000-7feb9b282000 rw-s 00000000 00:01 6407                       /memfd:pipewire-memfd:flags=0x0000000f,type=2,size=2312 (deleted)
7feb9b282000-7feb9b283000 rw-s 00000000 00:01 43502                      /memfd:pipewire-memfd:flags=0x0000000f,type=2,size=2312 (deleted)
7feb9b283000-7feb9b294000 r--p 00000000 08:14 2887420                    /usr/lib/x86_64-linux-gnu/spa-0.2/audioconvert/libspa-audioconvert.so
7feb9b294000-7feb9b2dc000 r-xp 00011000 08:14 2887420                    /usr/lib/x86_64-linux-gnu/spa-0.2/audioconvert/libspa-audioconvert.so
7feb9b2dc000-7feb9b2f0000 r--p 00059000 08:14 2887420                    /usr/lib/x86_64-linux-gnu/spa-0.2/audioconvert/libspa-audioconvert.so
7feb9b2f0000-7feb9b2fe000 r--p 0006c000 08:14 2887420                    /usr/lib/x86_64-linux-gnu/spa-0.2/audioconvert/libspa-audioconvert.so
7feb9b2fe000-7feb9b300000 rw-p 0007a000 08:14 2887420                    /usr/lib/x86_64-linux-gnu/spa-0.2/audioconvert/libspa-audioconvert.so
7feb9b300000-7feb9b700000 rw-s 12cf25000 00:10 1059                      anon_inode:i915.gem
7feb9b700000-7feb9b709000 rw-s 00000000 00:01 44372                      /memfd:pipewire-memfd:flags=0x0000000f,type=2,size=32832 (deleted)
7feb9b709000-7feb9b712000 rw-s 00000000 00:01 44371                      /memfd:pipewire-memfd:flags=0x0000000f,type=2,size=32832 (deleted)
7feb9b712000-7feb9b716000 r--p 00000000 08:14 2887460                    /usr/lib/x86_64-linux-gnu/pipewire-0.3/libpipewire-module-session-manager.so
7feb9b716000-7feb9b733000 r-xp 00004000 08:14 2887460                    /usr/lib/x86_64-linux-gnu/pipewire-0.3/libpipewire-module-session-manager.so
7feb9b733000-7feb9b738000 r--p 00021000 08:14 2887460                    /usr/lib/x86_64-linux-gnu/pipewire-0.3/libpipewire-module-session-manager.so
7feb9b738000-7feb9b73a000 r--p 00026000 08:14 2887460                    /usr/lib/x86_64-linux-gnu/pipewire-0.3/libpipewire-module-session-manager.so
7feb9b73a000-7feb9b73b000 rw-p 00028000 08:14 2887460                    /usr/lib/x86_64-linux-gnu/pipewire-0.3/libpipewire-module-session-manager.so
7feb9b73b000-7feb9b747000 r--p 00000000 08:14 2887401                    /usr/lib/x86_64-linux-gnu/pipewire-0.3/libpipewire-module-client-node.so
7feb9b747000-7feb9b768000 r-xp 0000c000 08:14 2887401                    /usr/lib/x86_64-linux-gnu/pipewire-0.3/libpipewire-module-client-node.so
7feb9b768000-7feb9b772000 r--p 0002d000 08:14 2887401                    /usr/lib/x86_64-linux-gnu/pipewire-0.3/libpipewire-module-client-node.so
7feb9b772000-7feb9b77c000 r--p 00037000 08:14 2887401                    /usr/lib/x86_64-linux-gnu/pipewire-0.3/libpipewire-module-client-node.so
7feb9b77c000-7feb9b77d000 rw-p 00041000 08:14 2887401                    /usr/lib/x86_64-linux-gnu/pipewire-0.3/libpipewire-module-client-node.so
7feb9b77d000-7feb9b781000 r--p 00000000 08:14 2895335                    /usr/lib/x86_64-linux-gnu/libjpeg.so.8.2.2
7feb9b781000-7feb9b7ce000 r-xp 00004000 08:14 2895335                    /usr/lib/x86_64-linux-gnu/libjpeg.so.8.2.2
7feb9b7ce000-7feb9b7fe000 r--p 00051000 08:14 2895335                    /usr/lib/x86_64-linux-gnu/libjpeg.so.8.2.2
7feb9b7fe000-7feb9b7ff000 r--p 00081000 08:14 2895335                    /usr/lib/x86_64-linux-gnu/libjpeg.so.8.2.2
7feb9b7ff000-7feb9b800000 rw-p 00082000 08:14 2895335                    /usr/lib/x86_64-linux-gnu/libjpeg.so.8.2.2
7feb9b800000-7feb9ba00000 rw-s 1033a7000 00:10 1059                      anon_inode:i915.gem
7feb9ba00000-7feb9be00000 rw-s 1055a7000 00:10 1059                      anon_inode:i915.gem
7feb9be00000-7feb9c000000 rw-s 1211c5000 00:10 1059                      anon_inode:i915.gem
7feb9c000000-7feb9c05c000 rw-p 00000000 00:00 0 
7feb9c05c000-7feba0000000 ---p 00000000 00:00 0 
7feba0000000-7feba0522000 rw-p 00000000 00:00 0 
7feba0522000-7feba4000000 ---p 00000000 00:00 0 
7feba4000000-7feba8000000 rw-p 00000000 00:00 0 
7feba8000000-7feba8021000 rw-p 00000000 00:00 0 
7feba8021000-7febac000000 ---p 00000000 00:00 0 
7febac000000-7febac05c000 rw-p 00000000 00:00 0 
7febac05c000-7febb0000000 ---p 00000000 00:00 0 
7febb0000000-7febb054c000 rw-p 00000000 00:00 0 
7febb054c000-7febb4000000 ---p 00000000 00:00 0 
7febb4000000-7febb4021000 rw-p 00000000 00:00 0 
7febb4021000-7febb8000000 ---p 00000000 00:00 0 
7febb8000000-7febb8021000 rw-p 00000000 00:00 0 
7febb8021000-7febbc000000 ---p 00000000 00:00 0 
7febbc000000-7febbc061000 rw-p 00000000 00:00 0 
7febbc061000-7febc0000000 ---p 00000000 00:00 0 
7febc0000000-7febc052c000 rw-p 00000000 00:00 0 
7febc052c000-7febc4000000 ---p 00000000 00:00 0 
7febc4000000-7febc4021000 rw-p 00000000 00:00 0 
7febc4021000-7febc8000000 ---p 00000000 00:00 0 
7febc8000000-7febc8021000 rw-p 00000000 00:00 0 
7febc8021000-7febcc000000 ---p 00000000 00:00 0 
7febcc000000-7febcc061000 rw-p 00000000 00:00 0 
7febcc061000-7febd0000000 ---p 00000000 00:00 0 
7febd0000000-7febd0537000 rw-p 00000000 00:00 0 
7febd0537000-7febd4000000 ---p 00000000 00:00 0 
7febd4000000-7febd4021000 rw-p 00000000 00:00 0 
7febd4021000-7febd8000000 ---p 00000000 00:00 0 
7febd8000000-7febd8021000 rw-p 00000000 00:00 0 
7febd8021000-7febdc000000 ---p 00000000 00:00 0 
7febdc000000-7febdc526000 rw-p 00000000 00:00 0 
7febdc526000-7febe0000000 ---p 00000000 00:00 0 
7febe0000000-7febe0001000 rw-s 00000000 00:01 47274                      /memfd:pipewire-memfd:flags=0x0000000f,type=2,size=2312 (deleted)
7febe0001000-7febe0002000 rw-s 00000000 00:01 45316                      /memfd:pipewire-memfd:flags=0x0000000f,type=2,size=4096 (deleted)
7febe0002000-7febe0003000 rw-s 00000000 00:01 6407                       /memfd:pipewire-memfd:flags=0x0000000f,type=2,size=2312 (deleted)
7febe0003000-7febe0004000 rw-s 00000000 00:01 45315                      /memfd:pipewire-memfd:flags=0x0000000f,type=2,size=2312 (deleted)
7febe0004000-7febe0005000 rw-s 00000000 00:01 47273                      /memfd:pipewire-memfd:flags=0x0000000f,type=2,size=2312 (deleted)
7febe0005000-7febe0006000 rw-s 00000000 00:01 6407                       /memfd:pipewire-memfd:flags=0x0000000f,type=2,size=2312 (deleted)
7febe0006000-7febe0007000 rw-s 00000000 00:01 46289                      /memfd:pipewire-memfd:flags=0x0000000f,type=2,size=2312 (deleted)
7febe0007000-7febe0008000 rw-s 00000000 00:01 46288                      /memfd:pipewire-memfd:flags=0x0000000f,type=2,size=2312 (deleted)
7febe0008000-7febe0009000 rw-s 00000000 00:01 42528                      /memfd:pipewire-memfd:flags=0x0000000f,type=2,size=4096 (deleted)
7febe0009000-7febe0012000 rw-s 00000000 00:01 41666                      /memfd:pipewire-memfd:flags=0x0000000f,type=2,size=32832 (deleted)
7febe0012000-7febe0013000 rw-s 00000000 00:01 6407                       /memfd:pipewire-memfd:flags=0x0000000f,type=2,size=2312 (deleted)
7febe0013000-7febe0014000 rw-s 00000000 00:01 42527                      /memfd:pipewire-memfd:flags=0x0000000f,type=2,size=2312 (deleted)
7febe0014000-7febe0015000 rw-s 00000000 00:01 47312                      /memfd:pipewire-memfd:flags=0x0000000f,type=2,size=2312 (deleted)
7febe0015000-7febe001b000 r--p 00000000 08:14 2895549                    /usr/lib/x86_64-linux-gnu/libselinux.so.1
7febe001b000-7febe0038000 r-xp 00006000 08:14 2895549                    /usr/lib/x86_64-linux-gnu/libselinux.so.1
7febe0038000-7febe003e000 r--p 00023000 08:14 2895549                    /usr/lib/x86_64-linux-gnu/libselinux.so.1
7febe003e000-7febe003f000 r--p 00029000 08:14 2895549                    /usr/lib/x86_64-linux-gnu/libselinux.so.1
7febe003f000-7febe0040000 rw-p 0002a000 08:14 2895549                    /usr/lib/x86_64-linux-gnu/libselinux.so.1
7febe0040000-7febe0042000 rw-p 00000000 00:00 0 
7febe0042000-7febe0055000 r--p 00000000 08:14 2887443                    /usr/lib/x86_64-linux-gnu/pipewire-0.3/libpipewire-module-protocol-native.so
7febe0055000-7febe0074000 r-xp 00013000 08:14 2887443                    /usr/lib/x86_64-linux-gnu/pipewire-0.3/libpipewire-module-protocol-native.so
7febe0074000-7febe007f000 r--p 00032000 08:14 2887443                    /usr/lib/x86_64-linux-gnu/pipewire-0.3/libpipewire-module-protocol-native.so
7febe007f000-7febe008f000 r--p 0003c000 08:14 2887443                    /usr/lib/x86_64-linux-gnu/pipewire-0.3/libpipewire-module-protocol-native.so
7febe008f000-7febe0090000 rw-p 0004c000 08:14 2887443                    /usr/lib/x86_64-linux-gnu/pipewire-0.3/libpipewire-module-protocol-native.so
7febe0090000-7febe00c3000 r--p 00000000 08:14 2883701                    /usr/lib/x86_64-linux-gnu/libpipewire-0.3.so.0.1005.0
7febe00c3000-7febe012a000 r-xp 00033000 08:14 2883701                    /usr/lib/x86_64-linux-gnu/libpipewire-0.3.so.0.1005.0
7febe012a000-7febe0143000 r--p 0009a000 08:14 2883701                    /usr/lib/x86_64-linux-gnu/libpipewire-0.3.so.0.1005.0
7febe0143000-7febe016e000 r--p 000b2000 08:14 2883701                    /usr/lib/x86_64-linux-gnu/libpipewire-0.3.so.0.1005.0
7febe016e000-7febe016f000 rw-p 000dd000 08:14 2883701                    /usr/lib/x86_64-linux-gnu/libpipewire-0.3.so.0.1005.0
7febe016f000-7febe0170000 rw-p 00000000 00:00 0 
7febe0170000-7febe019b000 r--p 00000000 08:14 2886140                    /usr/lib/x86_64-linux-gnu/libasound.so.2.0.0
7febe019b000-7febe023a000 r-xp 0002b000 08:14 2886140                    /usr/lib/x86_64-linux-gnu/libasound.so.2.0.0
7febe023a000-7febe0272000 r--p 000ca000 08:14 2886140                    /usr/lib/x86_64-linux-gnu/libasound.so.2.0.0
7febe0272000-7febe0279000 r--p 00101000 08:14 2886140                    /usr/lib/x86_64-linux-gnu/libasound.so.2.0.0
7febe0279000-7febe027a000 rw-p 00108000 08:14 2886140                    /usr/lib/x86_64-linux-gnu/libasound.so.2.0.0
7febe027a000-7febe047a000 rw-s 102fa7000 00:10 1059                      anon_inode:i915.gem
7febe047a000-7febe067a000 rw-s 102da7000 00:10 1059                      anon_inode:i915.gem
7febe067a000-7febe067b000 rw-s 00000000 00:01 46271                      /memfd:pipewire-memfd:flags=0x0000000f,type=2,size=4096 (deleted)
7febe067b000-7febe067c000 rw-s 00000000 00:01 6407                       /memfd:pipewire-memfd:flags=0x0000000f,type=2,size=2312 (deleted)
7febe067c000-7febe0685000 rw-s 00000000 00:01 42506                      /memfd:pipewire-memfd:flags=0x0000000f,type=2,size=32832 (deleted)
7febe0685000-7febe068e000 rw-s 00000000 00:01 42505                      /memfd:pipewire-memfd:flags=0x0000000f,type=2,size=32832 (deleted)
7febe068e000-7febe0697000 rw-s 00000000 00:01 43500                      /memfd:pipewire-memfd:flags=0x0000000f,type=2,size=32832 (deleted)
7febe0697000-7febe06a0000 rw-s 00000000 00:01 43499                      /memfd:pipewire-memfd:flags=0x0000000f,type=2,size=32832 (deleted)
7febe06a0000-7febe06a9000 rw-s 00000000 00:01 47270                      /memfd:pipewire-memfd:flags=0x0000000f,type=2,size=32832 (deleted)
7febe06a9000-7febe06b2000 rw-s 00000000 00:01 47269                      /memfd:pipewire-memfd:flags=0x0000000f,type=2,size=32832 (deleted)
7febe06b2000-7febe06bb000 rw-s 00000000 00:01 44376                      /memfd:pipewire-memfd:flags=0x0000000f,type=2,size=32832 (deleted)
7febe06bb000-7febe06c4000 rw-s 00000000 00:01 44375                      /memfd:pipewire-memfd:flags=0x0000000f,type=2,size=32832 (deleted)
7febe06c4000-7febe06cd000 rw-s 00000000 00:01 41629                      /memfd:pipewire-memfd:flags=0x0000000f,type=2,size=32832 (deleted)
7febe06cd000-7febe06d6000 rw-s 00000000 00:01 41628                      /memfd:pipewire-memfd:flags=0x0000000f,type=2,size=32832 (deleted)
7febe06d6000-7febe06df000 rw-s 00000000 00:01 47267                      /memfd:pipewire-memfd:flags=0x0000000f,type=2,size=32832 (deleted)
7febe06df000-7febe06e8000 rw-s 00000000 00:01 47266                      /memfd:pipewire-memfd:flags=0x0000000f,type=2,size=32832 (deleted)
7febe06e8000-7febe06f1000 rw-s 00000000 00:01 41627                      /memfd:pipewire-memfd:flags=0x0000000f,type=2,size=32832 (deleted)
7febe06f1000-7febe06fa000 rw-s 00000000 00:01 41626                      /memfd:pipewire-memfd:flags=0x0000000f,type=2,size=32832 (deleted)
7febe06fa000-7febe08fa000 rw-s 115925000 00:10 1059                      anon_inode:i915.gem
7febe08fa000-7febe0afa000 rw-s 1225e5000 00:10 1059                      anon_inode:i915.gem
7febe0afa000-7febe0cfa000 rw-s 107bb7000 00:10 1059                      anon_inode:i915.gem
7febe0cfa000-7febe0efa000 rw-s 116655000 00:10 1059                      anon_inode:i915.gem
7febe0efa000-7febe0efe000 ---p 00000000 00:00 0 
7febe0efe000-7febe0ffa000 rw-p 00000000 00:00 0 
7febe0ffa000-7febe0ffb000 ---p 00000000 00:00 0 
7febe0ffb000-7febe17fb000 rw-p 00000000 00:00 0 
7febe17fb000-7febe17fc000 ---p 00000000 00:00 0 
7febe17fc000-7febe1ffc000 rw-p 00000000 00:00 0 
7febe1ffc000-7febe1ffd000 ---p 00000000 00:00 0 
7febe1ffd000-7febe27fd000 rw-p 00000000 00:00 0 
7febe27fd000-7febe27fe000 ---p 00000000 00:00 0 
7febe27fe000-7febe2ffe000 rw-p 00000000 00:00 0 
7febe2ffe000-7febe2fff000 ---p 00000000 00:00 0 
7febe2fff000-7febe37ff000 rw-p 00000000 00:00 0 
7febe37ff000-7febe3800000 ---p 00000000 00:00 0 
7febe3800000-7febe4000000 rw-p 00000000 00:00 0 
7febe4000000-7febe4021000 rw-p 00000000 00:00 0 
7febe4021000-7febe8000000 ---p 00000000 00:00 0 
7febe8000000-7febe805c000 rw-p 00000000 00:00 0 
7febe805c000-7febec000000 ---p 00000000 00:00 0 
7febec000000-7febec511000 rw-p 00000000 00:00 0 
7febec511000-7febf0000000 ---p 00000000 00:00 0 
7febf0000000-7febf0001000 rw-s 00000000 00:01 46270                      /memfd:pipewire-memfd:flags=0x0000000f,type=2,size=2312 (deleted)
7febf0001000-7febf0002000 rw-s 00000000 00:01 43501                      /memfd:pipewire-memfd:flags=0x0000000f,type=2,size=2312 (deleted)
7febf0002000-7febf0003000 rw-s 00000000 00:01 44380                      /memfd:pipewire-memfd:flags=0x0000000f,type=2,size=4096 (deleted)
7febf0003000-7febf000d000 r--p 00000000 08:14 2884848                    /usr/lib/x86_64-linux-gnu/pipewire-0.3/libpipewire-module-adapter.so
7febf000d000-7febf0018000 r-xp 0000a000 08:14 2884848                    /usr/lib/x86_64-linux-gnu/pipewire-0.3/libpipewire-module-adapter.so
7febf0018000-7febf001e000 r--p 00015000 08:14 2884848                    /usr/lib/x86_64-linux-gnu/pipewire-0.3/libpipewire-module-adapter.so
7febf001e000-7febf0027000 r--p 0001b000 08:14 2884848                    /usr/lib/x86_64-linux-gnu/pipewire-0.3/libpipewire-module-adapter.so
7febf0027000-7febf0028000 rw-p 00024000 08:14 2884848                    /usr/lib/x86_64-linux-gnu/pipewire-0.3/libpipewire-module-adapter.so
7febf0028000-7febf0034000 r--p 00000000 08:14 2895096                    /usr/lib/x86_64-linux-gnu/libdbus-1.so.3.32.4
7febf0034000-7febf0064000 r-xp 0000c000 08:14 2895096                    /usr/lib/x86_64-linux-gnu/libdbus-1.so.3.32.4
7febf0064000-7febf0075000 r--p 0003c000 08:14 2895096                    /usr/lib/x86_64-linux-gnu/libdbus-1.so.3.32.4
7febf0075000-7febf0076000 r--p 0004c000 08:14 2895096                    /usr/lib/x86_64-linux-gnu/libdbus-1.so.3.32.4
7febf0076000-7febf0077000 rw-p 0004d000 08:14 2895096                    /usr/lib/x86_64-linux-gnu/libdbus-1.so.3.32.4
7febf0077000-7febf007b000 ---p 00000000 00:00 0 
7febf007b000-7febf0177000 rw-p 00000000 00:00 0 
7febf0177000-7febf017b000 ---p 00000000 00:00 0 
7febf017b000-7febf0277000 rw-p 00000000 00:00 0 
7febf0277000-7febf03b8000 rw-s 00000000 08:14 6160526                    /home/hazemzooma/.cache/mesa_shader_cache_db/index
7febf03b8000-7febf04f9000 rw-s 00000000 08:14 6160526                    /home/hazemzooma/.cache/mesa_shader_cache_db/index
7febf04f9000-7febf04fa000 ---p 00000000 00:00 0 
7febf04fa000-7febf05fa000 rw-p 00000000 00:00 0 
7febf05fa000-7febf05fb000 ---p 00000000 00:00 0 
7febf05fb000-7febf06fb000 rw-p 00000000 00:00 0 
7febf06fb000-7febf06fc000 ---p 00000000 00:00 0 
7febf06fc000-7febf07fc000 rw-p 00000000 00:00 0 
7febf07fc000-7febf07fd000 ---p 00000000 00:00 0 
7febf07fd000-7febf0ffd000 rw-p 00000000 00:00 0 
7febf0ffd000-7febf0ffe000 ---p 00000000 00:00 0 
7febf0ffe000-7febf17fe000 rw-p 00000000 00:00 0 
7febf17fe000-7febf17ff000 ---p 00000000 00:00 0 
7febf17ff000-7febf1fff000 rw-p 00000000 00:00 0 
7febf1fff000-7febf2000000 ---p 00000000 00:00 0 
7febf2000000-7febf2800000 rw-p 00000000 00:00 0 
7febf2800000-7febf2801000 r--p 00000000 08:14 2895303                    /usr/lib/x86_64-linux-gnu/libicudata.so.74.2
7febf2801000-7febf2802000 r-xp 00001000 08:14 2895303                    /usr/lib/x86_64-linux-gnu/libicudata.so.74.2
7febf2802000-7febf455e000 r--p 00002000 08:14 2895303                    /usr/lib/x86_64-linux-gnu/libicudata.so.74.2
7febf455e000-7febf455f000 r--p 01d5d000 08:14 2895303                    /usr/lib/x86_64-linux-gnu/libicudata.so.74.2
7febf455f000-7febf4560000 rw-p 01d5e000 08:14 2895303                    /usr/lib/x86_64-linux-gnu/libicudata.so.74.2
7febf4560000-7febf4561000 rw-s 00000000 00:01 6407                       /memfd:pipewire-memfd:flags=0x0000000f,type=2,size=2312 (deleted)
7febf4561000-7febf4562000 rw-s 00000000 00:01 44379                      /memfd:pipewire-memfd:flags=0x0000000f,type=2,size=2312 (deleted)
7febf4562000-7febf4563000 rw-s 00000000 00:01 47271                      /memfd:pipewire-memfd:flags=0x0000000f,type=2,size=2312 (deleted)
7febf4563000-7febf4564000 rw-s 00000000 00:01 44378                      /memfd:pipewire-memfd:flags=0x0000000f,type=2,size=4096 (deleted)
7febf4564000-7febf4565000 rw-s 00000000 00:01 6407                       /memfd:pipewire-memfd:flags=0x0000000f,type=2,size=2312 (deleted)
7febf4565000-7febf4566000 rw-s 00000000 00:01 44377                      /memfd:pipewire-memfd:flags=0x0000000f,type=2,size=2312 (deleted)
7febf4566000-7febf4567000 rw-s 00000000 00:01 41631                      /memfd:pipewire-memfd:flags=0x0000000f,type=2,size=2312 (deleted)
7febf4567000-7febf4577000 rw-s 116585000 00:10 1059                      anon_inode:i915.gem
7febf4577000-7febf4580000 rw-s 00000000 00:01 46260                      /memfd:pipewire-memfd:flags=0x0000000f,type=2,size=32832 (deleted)
7febf4580000-7febf45c0000 rw-s 102697000 00:10 1059                      anon_inode:i915.gem
7febf45c0000-7febf45c1000 rw-s 00000000 00:01 46269                      /memfd:pipewire-memfd:flags=0x0000000f,type=2,size=4096 (deleted)
7febf45c1000-7febf45c2000 rw-s 00000000 00:01 6407                       /memfd:pipewire-memfd:flags=0x0000000f,type=2,size=2312 (deleted)
7febf45c2000-7febf45c3000 rw-s 00000000 00:01 46268                      /memfd:pipewire-memfd:flags=0x0000000f,type=2,size=2312 (deleted)
7febf45c3000-7febf45c4000 rw-s 00000000 00:01 41630                      /memfd:pipewire-memfd:flags=0x0000000f,type=2,size=2312 (deleted)
7febf45c4000-7febf45c5000 rw-s 00000000 00:01 46267                      /memfd:pipewire-memfd:flags=0x0000000f,type=2,size=4096 (deleted)
7febf45c5000-7febf45ce000 rw-s 00000000 00:01 46259                      /memfd:pipewire-memfd:flags=0x0000000f,type=2,size=32832 (deleted)
7febf45ce000-7febf45d0000 r--p 00000000 08:14 2887437                    /usr/lib/x86_64-linux-gnu/pipewire-0.3/libpipewire-module-metadata.so
7febf45d0000-7febf45d8000 r-xp 00002000 08:14 2887437                    /usr/lib/x86_64-linux-gnu/pipewire-0.3/libpipewire-module-metadata.so
7febf45d8000-7febf45d9000 r--p 0000a000 08:14 2887437                    /usr/lib/x86_64-linux-gnu/pipewire-0.3/libpipewire-module-metadata.so
7febf45d9000-7febf45da000 r--p 0000b000 08:14 2887437                    /usr/lib/x86_64-linux-gnu/pipewire-0.3/libpipewire-module-metadata.so
7febf45da000-7febf45db000 rw-p 0000c000 08:14 2887437                    /usr/lib/x86_64-linux-gnu/pipewire-0.3/libpipewire-module-metadata.so
7febf45db000-7febf45df000 r--p 00000000 08:14 2895235                    /usr/lib/x86_64-linux-gnu/libgpg-error.so.0.34.0
7febf45df000-7febf45f5000 r-xp 00004000 08:14 2895235                    /usr/lib/x86_64-linux-gnu/libgpg-error.so.0.34.0
7febf45f5000-7febf45fe000 r--p 0001a000 08:14 2895235                    /usr/lib/x86_64-linux-gnu/libgpg-error.so.0.34.0
7febf45fe000-7febf45ff000 r--p 00023000 08:14 2895235                    /usr/lib/x86_64-linux-gnu/libgpg-error.so.0.34.0
7febf45ff000-7febf4600000 rw-p 00024000 08:14 2895235                    /usr/lib/x86_64-linux-gnu/libgpg-error.so.0.34.0
7febf4600000-7febfc808000 r-xp 00000000 08:14 2893076                    /usr/lib/x86_64-linux-gnu/libLLVM.so.20.1
7febfc808000-7febfc809000 ---p 08208000 08:14 2893076                    /usr/lib/x86_64-linux-gnu/libLLVM.so.20.1
7febfc809000-7febfce9e000 r--p 08208000 08:14 2893076                    /usr/lib/x86_64-linux-gnu/libLLVM.so.20.1
7febfce9e000-7febfcee6000 rw-p 0889d000 08:14 2893076                    /usr/lib/x86_64-linux-gnu/libLLVM.so.20.1
7febfcee6000-7febfcf8e000 rw-p 00000000 00:00 0 
7febfcf8e000-7febfcf8f000 rw-s 00000000 00:01 6407                       /memfd:pipewire-memfd:flags=0x0000000f,type=2,size=2312 (deleted)
7febfcf8f000-7febfcf92000 r--p 00000000 08:14 2895359                    /usr/lib/x86_64-linux-gnu/liblz4.so.1.9.4
7febfcf92000-7febfcfad000 r-xp 00003000 08:14 2895359                    /usr/lib/x86_64-linux-gnu/liblz4.so.1.9.4
7febfcfad000-7febfcfaf000 r--p 0001e000 08:14 2895359                    /usr/lib/x86_64-linux-gnu/liblz4.so.1.9.4
7febfcfaf000-7febfcfb0000 r--p 00020000 08:14 2895359                    /usr/lib/x86_64-linux-gnu/liblz4.so.1.9.4
7febfcfb0000-7febfcfb1000 rw-p 00021000 08:14 2895359                    /usr/lib/x86_64-linux-gnu/liblz4.so.1.9.4
7febfcfb1000-7febfcfb4000 r--p 00000000 08:14 2885534                    /usr/lib/x86_64-linux-gnu/libcap.so.2.66
7febfcfb4000-7febfcfba000 r-xp 00003000 08:14 2885534                    /usr/lib/x86_64-linux-gnu/libcap.so.2.66
7febfcfba000-7febfcfbc000 r--p 00009000 08:14 2885534                    /usr/lib/x86_64-linux-gnu/libcap.so.2.66
7febfcfbc000-7febfcfbd000 r--p 0000b000 08:14 2885534                    /usr/lib/x86_64-linux-gnu/libcap.so.2.66
7febfcfbd000-7febfcfbe000 rw-p 0000c000 08:14 2885534                    /usr/lib/x86_64-linux-gnu/libcap.so.2.66
7febfcfbe000-7febfcfbf000 rw-s 00000000 00:01 46266                      /memfd:pipewire-memfd:flags=0x0000000f,type=2,size=2312 (deleted)
7febfcfbf000-7febfcfc0000 rw-s 00000000 00:01 44374                      /memfd:pipewire-memfd:flags=0x0000000f,type=2,size=2312 (deleted)
7febfcfc0000-7febfcfc1000 rw-s 00000000 00:01 43495                      /memfd:pipewire-memfd:flags=0x0000000f,type=2,size=4096 (deleted)
7febfcfc1000-7febfcfc2000 rw-s 00000000 00:01 6407                       /memfd:pipewire-memfd:flags=0x0000000f,type=2,size=2312 (deleted)
7febfcfc2000-7febfcfc3000 rw-s 00000000 00:01 43494                      /memfd:pipewire-memfd:flags=0x0000000f,type=2,size=2312 (deleted)
7febfcfc3000-7febfcfc4000 rw-s 00000000 00:01 47268                      /memfd:pipewire-memfd:flags=0x0000000f,type=2,size=2312 (deleted)
7febfcfc4000-7febfcfc5000 rw-s 00000000 00:01 47265                      /memfd:pipewire-memfd:flags=0x0000000f,type=2,size=4096 (deleted)
7febfcfc5000-7febfcfc6000 rw-s 00000000 00:01 6407                       /memfd:pipewire-memfd:flags=0x0000000f,type=2,size=2312 (deleted)
7febfcfc6000-7febfcfc8000 r--p 00000000 08:14 2887400                    /usr/lib/x86_64-linux-gnu/pipewire-0.3/libpipewire-module-client-device.so
7febfcfc8000-7febfcfd1000 r-xp 00002000 08:14 2887400                    /usr/lib/x86_64-linux-gnu/pipewire-0.3/libpipewire-module-client-device.so
7febfcfd1000-7febfcfd2000 r--p 0000b000 08:14 2887400                    /usr/lib/x86_64-linux-gnu/pipewire-0.3/libpipewire-module-client-device.so
7febfcfd2000-7febfcfd3000 r--p 0000c000 08:14 2887400                    /usr/lib/x86_64-linux-gnu/pipewire-0.3/libpipewire-module-client-device.so
7febfcfd3000-7febfcfd4000 rw-p 0000d000 08:14 2887400                    /usr/lib/x86_64-linux-gnu/pipewire-0.3/libpipewire-module-client-device.so
7febfcfd4000-7febfcfd6000 r--p 00000000 08:14 2887451                    /usr/lib/x86_64-linux-gnu/pipewire-0.3/libpipewire-module-rt.so
7febfcfd6000-7febfcfda000 r-xp 00002000 08:14 2887451                    /usr/lib/x86_64-linux-gnu/pipewire-0.3/libpipewire-module-rt.so
7febfcfda000-7febfcfdc000 r--p 00006000 08:14 2887451                    /usr/lib/x86_64-linux-gnu/pipewire-0.3/libpipewire-module-rt.so
7febfcfdc000-7febfcfdd000 r--p 00007000 08:14 2887451                    /usr/lib/x86_64-linux-gnu/pipewire-0.3/libpipewire-module-rt.so
7febfcfdd000-7febfcfde000 rw-p 00008000 08:14 2887451                    /usr/lib/x86_64-linux-gnu/pipewire-0.3/libpipewire-module-rt.so
7febfcfde000-7febfcfe2000 r--p 00000000 08:14 2887427                    /usr/lib/x86_64-linux-gnu/spa-0.2/support/libspa-support.so
7febfcfe2000-7febfcff8000 r-xp 00004000 08:14 2887427                    /usr/lib/x86_64-linux-gnu/spa-0.2/support/libspa-support.so
7febfcff8000-7febfcffd000 r--p 0001a000 08:14 2887427                    /usr/lib/x86_64-linux-gnu/spa-0.2/support/libspa-support.so
7febfcffd000-7febfcfff000 r--p 0001f000 08:14 2887427                    /usr/lib/x86_64-linux-gnu/spa-0.2/support/libspa-support.so
7febfcfff000-7febfd000000 rw-p 00021000 08:14 2887427                    /usr/lib/x86_64-linux-gnu/spa-0.2/support/libspa-support.so
7febfd000000-7febfd0ca000 r--p 00000000 08:14 2894832                    /usr/lib/x86_64-linux-gnu/libgallium-25.0.7-0ubuntu0.24.04.2.so
7febfd0ca000-7febfe7fc000 r-xp 000ca000 08:14 2894832                    /usr/lib/x86_64-linux-gnu/libgallium-25.0.7-0ubuntu0.24.04.2.so
7febfe7fc000-7febff6ac000 r--p 017fc000 08:14 2894832                    /usr/lib/x86_64-linux-gnu/libgallium-25.0.7-0ubuntu0.24.04.2.so
7febff6ac000-7febff7b5000 r--p 026ab000 08:14 2894832                    /usr/lib/x86_64-linux-gnu/libgallium-25.0.7-0ubuntu0.24.04.2.so
7febff7b5000-7febff7ce000 rw-p 027b4000 08:14 2894832                    /usr/lib/x86_64-linux-gnu/libgallium-25.0.7-0ubuntu0.24.04.2.so
7febff7ce000-7febff990000 rw-p 00000000 00:00 0 
7febff990000-7febff991000 rw-s 00000000 00:01 47264                      /memfd:pipewire-memfd:flags=0x0000000f,type=2,size=2312 (deleted)
7febff991000-7febff992000 rw-s 00000000 00:01 47263                      /memfd:pipewire-memfd:flags=0x0000000f,type=2,size=2312 (deleted)
7febff992000-7febff993000 rw-s 00000000 00:01 41625                      /memfd:pipewire-memfd:flags=0x0000000f,type=2,size=4096 (deleted)
7febff993000-7febff994000 rw-s 00000000 00:01 6407                       /memfd:pipewire-memfd:flags=0x0000000f,type=2,size=2312 (deleted)
7febff994000-7febff996000 r--p 00000000 08:14 3409344                    /usr/lib/jvm/java-21-openjdk-amd64/lib/libjavajpeg.so
7febff996000-7febff99d000 r-xp 00002000 08:14 3409344                    /usr/lib/jvm/java-21-openjdk-amd64/lib/libjavajpeg.so
7febff99d000-7febff99e000 r--p 00009000 08:14 3409344                    /usr/lib/jvm/java-21-openjdk-amd64/lib/libjavajpeg.so
7febff99e000-7febff99f000 r--p 0000a000 08:14 3409344                    /usr/lib/jvm/java-21-openjdk-amd64/lib/libjavajpeg.so
7febff99f000-7febff9a0000 rw-p 0000b000 08:14 3409344                    /usr/lib/jvm/java-21-openjdk-amd64/lib/libjavajpeg.so
7febff9a0000-7febff9b0000 rw-s 107db7000 00:10 1059                      anon_inode:i915.gem
7febff9b0000-7febff9c0000 rw-s 107717000 00:10 1059                      anon_inode:i915.gem
7febff9c0000-7febffa00000 rw-s 113475000 00:10 1059                      anon_inode:i915.gem
7febffa00000-7febffcab000 r--p 00000000 08:14 2894287                    /usr/lib/x86_64-linux-gnu/libnvidia-gpucomp.so.580.95.05
7febffcab000-7fec02d98000 r-xp 002ab000 08:14 2894287                    /usr/lib/x86_64-linux-gnu/libnvidia-gpucomp.so.580.95.05
7fec02d98000-7fec03c08000 r--p 03398000 08:14 2894287                    /usr/lib/x86_64-linux-gnu/libnvidia-gpucomp.so.580.95.05
7fec03c08000-7fec03c09000 ---p 04208000 08:14 2894287                    /usr/lib/x86_64-linux-gnu/libnvidia-gpucomp.so.580.95.05
7fec03c09000-7fec03de0000 r--p 04208000 08:14 2894287                    /usr/lib/x86_64-linux-gnu/libnvidia-gpucomp.so.580.95.05
7fec03de0000-7fec03eeb000 rw-p 043df000 08:14 2894287                    /usr/lib/x86_64-linux-gnu/libnvidia-gpucomp.so.580.95.05
7fec03eeb000-7fec03f8b000 rw-p 00000000 00:00 0 
7fec03f8b000-7fec03f8c000 rw-s 00000000 00:01 41624                      /memfd:pipewire-memfd:flags=0x0000000f,type=2,size=2312 (deleted)
7fec03f8c000-7fec03f8d000 rw-s 00000000 00:01 46265                      /memfd:pipewire-memfd:flags=0x0000000f,type=2,size=2312 (deleted)
7fec03f8d000-7fec03f8e000 rw-s 00000000 00:01 40633                      /memfd:pipewire-memfd:flags=0x0000000f,type=2,size=4096 (deleted)
7fec03f8e000-7fec03f8f000 rw-s 00000000 00:01 6407                       /memfd:pipewire-memfd:flags=0x0000000f,type=2,size=2312 (deleted)
7fec03f8f000-7fec03f90000 r--p 00000000 08:14 2887425                    /usr/lib/x86_64-linux-gnu/spa-0.2/support/libspa-dbus.so
7fec03f90000-7fec03f93000 r-xp 00001000 08:14 2887425                    /usr/lib/x86_64-linux-gnu/spa-0.2/support/libspa-dbus.so
7fec03f93000-7fec03f94000 r--p 00004000 08:14 2887425                    /usr/lib/x86_64-linux-gnu/spa-0.2/support/libspa-dbus.so
7fec03f94000-7fec03f95000 r--p 00004000 08:14 2887425                    /usr/lib/x86_64-linux-gnu/spa-0.2/support/libspa-dbus.so
7fec03f95000-7fec03f96000 rw-p 00005000 08:14 2887425                    /usr/lib/x86_64-linux-gnu/spa-0.2/support/libspa-dbus.so
7fec03f96000-7fec03faf000 r--p 00000000 08:14 2893064                    /usr/lib/x86_64-linux-gnu/libGLX_mesa.so.0.0.0
7fec03faf000-7fec03fe8000 r-xp 00019000 08:14 2893064                    /usr/lib/x86_64-linux-gnu/libGLX_mesa.so.0.0.0
7fec03fe8000-7fec03ffa000 r--p 00052000 08:14 2893064                    /usr/lib/x86_64-linux-gnu/libGLX_mesa.so.0.0.0
7fec03ffa000-7fec03ffe000 r--p 00063000 08:14 2893064                    /usr/lib/x86_64-linux-gnu/libGLX_mesa.so.0.0.0
7fec03ffe000-7fec03fff000 rw-p 00067000 08:14 2893064                    /usr/lib/x86_64-linux-gnu/libGLX_mesa.so.0.0.0
7fec03fff000-7fec040df000 rw-p 00000000 00:00 0 
7fec040df000-7fec08000000 ---p 00000000 00:00 0 
7fec08000000-7fec08817000 rw-p 00000000 00:00 0 
7fec08817000-7fec0c000000 ---p 00000000 00:00 0 
7fec0c000000-7fec0c021000 rw-p 00000000 00:00 0 
7fec0c021000-7fec10000000 ---p 00000000 00:00 0 
7fec10000000-7fec10021000 rw-p 00000000 00:00 0 
7fec10021000-7fec14000000 ---p 00000000 00:00 0 
7fec14000000-7fec1405c000 rw-p 00000000 00:00 0 
7fec1405c000-7fec18000000 ---p 00000000 00:00 0 
7fec18000000-7fec1853d000 rw-p 00000000 00:00 0 
7fec1853d000-7fec1c000000 ---p 00000000 00:00 0 
7fec1c000000-7fec1c04b000 rw-p 00000000 00:00 0 
7fec1c04b000-7fec20000000 ---p 00000000 00:00 0 
7fec20000000-7fec20021000 rw-p 00000000 00:00 0 
7fec20021000-7fec24000000 ---p 00000000 00:00 0 
7fec24000000-7fec245e9000 rw-p 00000000 00:00 0 
7fec245e9000-7fec28000000 ---p 00000000 00:00 0 
7fec28000000-7fec28520000 rw-p 00000000 00:00 0 
7fec28520000-7fec2c000000 ---p 00000000 00:00 0 
7fec2c000000-7fec2c021000 rw-p 00000000 00:00 0 
7fec2c021000-7fec30000000 ---p 00000000 00:00 0 
7fec30000000-7fec322a0000 rw-p 00000000 00:00 0 
7fec322a0000-7fec34000000 ---p 00000000 00:00 0 
7fec34000000-7fec3405c000 rw-p 00000000 00:00 0 
7fec3405c000-7fec38000000 ---p 00000000 00:00 0 
7fec38000000-7fec3852d000 rw-p 00000000 00:00 0 
7fec3852d000-7fec3c000000 ---p 00000000 00:00 0 
7fec3c000000-7fec3c021000 rw-p 00000000 00:00 0 
7fec3c021000-7fec40000000 ---p 00000000 00:00 0 
7fec40000000-7fec40021000 rw-p 00000000 00:00 0 
7fec40021000-7fec44000000 ---p 00000000 00:00 0 
7fec44000000-7fec4455d000 rw-p 00000000 00:00 0 
7fec4455d000-7fec48000000 ---p 00000000 00:00 0 
7fec48000000-7fec48001000 rw-s 00000000 00:01 46262                      /memfd:pipewire-memfd:flags=0x0000000f,type=2,size=2312 (deleted)
7fec48001000-7fec48002000 rw-s 00000000 00:01 40632                      /memfd:pipewire-memfd:flags=0x0000000f,type=2,size=2312 (deleted)
7fec48002000-7fec48003000 rw-s 00000000 00:01 40631                      /memfd:pipewire-memfd:flags=0x0000000f,type=2,size=4096 (deleted)
7fec48003000-7fec48004000 r--p 00000000 08:14 2887426                    /usr/lib/x86_64-linux-gnu/spa-0.2/support/libspa-journal.so
7fec48004000-7fec48006000 r-xp 00001000 08:14 2887426                    /usr/lib/x86_64-linux-gnu/spa-0.2/support/libspa-journal.so
7fec48006000-7fec48007000 r--p 00003000 08:14 2887426                    /usr/lib/x86_64-linux-gnu/spa-0.2/support/libspa-journal.so
7fec48007000-7fec48008000 r--p 00003000 08:14 2887426                    /usr/lib/x86_64-linux-gnu/spa-0.2/support/libspa-journal.so
7fec48008000-7fec48009000 rw-p 00004000 08:14 2887426                    /usr/lib/x86_64-linux-gnu/spa-0.2/support/libspa-journal.so
7fec48009000-7fec48019000 rw-s 108647000 00:10 1059                      anon_inode:i915.gem
7fec48019000-7fec4801a000 rw-s 00000000 00:01 6407                       /memfd:pipewire-memfd:flags=0x0000000f,type=2,size=2312 (deleted)
7fec4801a000-7fec48021000 r--p 00000000 08:14 2887409                    /usr/lib/x86_64-linux-gnu/alsa-lib/libasound_module_pcm_pipewire.so
7fec48021000-7fec4802a000 r-xp 00007000 08:14 2887409                    /usr/lib/x86_64-linux-gnu/alsa-lib/libasound_module_pcm_pipewire.so
7fec4802a000-7fec48031000 r--p 00010000 08:14 2887409                    /usr/lib/x86_64-linux-gnu/alsa-lib/libasound_module_pcm_pipewire.so
7fec48031000-7fec48036000 r--p 00016000 08:14 2887409                    /usr/lib/x86_64-linux-gnu/alsa-lib/libasound_module_pcm_pipewire.so
7fec48036000-7fec48037000 rw-p 0001b000 08:14 2887409                    /usr/lib/x86_64-linux-gnu/alsa-lib/libasound_module_pcm_pipewire.so
7fec48037000-7fec4803b000 r--p 00000000 08:14 3409349                    /usr/lib/jvm/java-21-openjdk-amd64/lib/libjsound.so
7fec4803b000-7fec48044000 r-xp 00004000 08:14 3409349                    /usr/lib/jvm/java-21-openjdk-amd64/lib/libjsound.so
7fec48044000-7fec48047000 r--p 0000d000 08:14 3409349                    /usr/lib/jvm/java-21-openjdk-amd64/lib/libjsound.so
7fec48047000-7fec48048000 r--p 0000f000 08:14 3409349                    /usr/lib/jvm/java-21-openjdk-amd64/lib/libjsound.so
7fec48048000-7fec48049000 rw-p 00010000 08:14 3409349                    /usr/lib/jvm/java-21-openjdk-amd64/lib/libjsound.so
7fec48049000-7fec4804a000 rw-s 00000000 00:01 6407                       /memfd:pipewire-memfd:flags=0x0000000f,type=2,size=2312 (deleted)
7fec4804a000-7fec4804b000 rw-s 00000000 00:01 40634                      /memfd:pipewire-memfd:flags=0x0000000f,type=2,size=2312 (deleted)
7fec4804b000-7fec4804c000 rw-s 00000000 00:01 43504                      /memfd:pipewire-memfd:flags=0x0000000f,type=2,size=2312 (deleted)
7fec4804c000-7fec4804d000 rw-s 00000000 00:01 47276                      /memfd:pipewire-memfd:flags=0x0000000f,type=2,size=4096 (deleted)
7fec4804d000-7fec48056000 rw-s 00000000 00:01 46272                      /memfd:pipewire-memfd:flags=0x0000000f,type=2,size=32832 (deleted)
7fec48056000-7fec48057000 rw-s 00000000 00:01 6407                       /memfd:pipewire-memfd:flags=0x0000000f,type=2,size=2312 (deleted)
7fec48057000-7fec48058000 rw-s 00000000 00:01 47275                      /memfd:pipewire-memfd:flags=0x0000000f,type=2,size=2312 (deleted)
7fec48058000-7fec48059000 rw-s 00000000 00:01 42507                      /memfd:pipewire-memfd:flags=0x0000000f,type=2,size=2312 (deleted)
7fec48059000-7fec48069000 rw-s 116855000 00:10 1059                      anon_inode:i915.gem
7fec48069000-7fec48089000 rw-s 114884000 00:10 1059                      anon_inode:i915.gem
7fec48089000-7fec4808a000 ---p 00000000 00:00 0 
7fec4808a000-7fec4818a000 rw-p 00000000 00:00 0 
7fec4818a000-7fec4818b000 ---p 00000000 00:00 0 
7fec4818b000-7fec4828b000 rw-p 00000000 00:00 0 
7fec4828b000-7fec4828c000 ---p 00000000 00:00 0 
7fec4828c000-7fec4838c000 rw-p 00000000 00:00 0 
7fec4838c000-7fec4838d000 ---p 00000000 00:00 0 
7fec4838d000-7fec4848d000 rw-p 00000000 00:00 0 
7fec4848d000-7fec484ad000 rw-s 1076f7000 00:10 1059                      anon_inode:i915.gem
7fec484ad000-7fec484cd000 rw-s 1015a9000 00:10 1059                      anon_inode:i915.gem
7fec484cd000-7fec484ed000 rw-s 121115000 00:10 1059                      anon_inode:i915.gem
7fec484ed000-7fec484fd000 rw-s 100f15000 00:10 1059                      anon_inode:i915.gem
7fec484fd000-7fec4850d000 rw-s 100b33000 00:10 1059                      anon_inode:i915.gem
7fec4850d000-7fec4852d000 rw-s 100b13000 00:10 1059                      anon_inode:i915.gem
7fec4852d000-7fec4854d000 rw-s 100ef5000 00:10 1059                      anon_inode:i915.gem
7fec4854d000-7fec4868e000 rw-s 00000000 08:14 6160526                    /home/hazemzooma/.cache/mesa_shader_cache_db/index
7fec4868e000-7fec486ce000 rw-s 102737000 00:10 1059                      anon_inode:i915.gem
7fec486ce000-7fec486d2000 ---p 00000000 00:00 0 
7fec486d2000-7fec487ce000 rw-p 00000000 00:00 0 
7fec487ce000-7fec487d1000 r--p 00000000 08:14 2897572                    /usr/lib/x86_64-linux-gnu/liblzma.so.5.4.5
7fec487d1000-7fec487f3000 r-xp 00003000 08:14 2897572                    /usr/lib/x86_64-linux-gnu/liblzma.so.5.4.5
7fec487f3000-7fec487fe000 r--p 00025000 08:14 2897572                    /usr/lib/x86_64-linux-gnu/liblzma.so.5.4.5
7fec487fe000-7fec487ff000 r--p 00030000 08:14 2897572                    /usr/lib/x86_64-linux-gnu/liblzma.so.5.4.5
7fec487ff000-7fec48800000 rw-p 00031000 08:14 2897572                    /usr/lib/x86_64-linux-gnu/liblzma.so.5.4.5
7fec48800000-7fec48868000 r--p 00000000 08:14 2895308                    /usr/lib/x86_64-linux-gnu/libicuuc.so.74.2
7fec48868000-7fec4896d000 r-xp 00068000 08:14 2895308                    /usr/lib/x86_64-linux-gnu/libicuuc.so.74.2
7fec4896d000-7fec489f7000 r--p 0016d000 08:14 2895308                    /usr/lib/x86_64-linux-gnu/libicuuc.so.74.2
7fec489f7000-7fec48a0a000 r--p 001f7000 08:14 2895308                    /usr/lib/x86_64-linux-gnu/libicuuc.so.74.2
7fec48a0a000-7fec48a0b000 rw-p 0020a000 08:14 2895308                    /usr/lib/x86_64-linux-gnu/libicuuc.so.74.2
7fec48a0b000-7fec48a0d000 rw-p 00000000 00:00 0 
7fec48a0d000-7fec48a0e000 rw-s 00000000 00:01 40630                      /memfd:pipewire-memfd:flags=0x0000000f,type=2,size=2312 (deleted)
7fec48a0e000-7fec48a0f000 rw-s 00000000 00:01 44373                      /memfd:pipewire-memfd:flags=0x0000000f,type=2,size=2312 (deleted)
7fec48a0f000-7fec48a10000 rw-s 00000000 00:01 40629                      /memfd:pipewire-memfd:flags=0x0000000f,type=2,size=4096 (deleted)
7fec48a10000-7fec48a1b000 r--p 00000000 08:14 2895685                    /usr/lib/x86_64-linux-gnu/libxcb-glx.so.0.0.0
7fec48a1b000-7fec48a24000 r-xp 0000b000 08:14 2895685                    /usr/lib/x86_64-linux-gnu/libxcb-glx.so.0.0.0
7fec48a24000-7fec48a29000 r--p 00014000 08:14 2895685                    /usr/lib/x86_64-linux-gnu/libxcb-glx.so.0.0.0
7fec48a29000-7fec48a2b000 r--p 00019000 08:14 2895685                    /usr/lib/x86_64-linux-gnu/libxcb-glx.so.0.0.0
7fec48a2b000-7fec48a2c000 rw-p 0001b000 08:14 2895685                    /usr/lib/x86_64-linux-gnu/libxcb-glx.so.0.0.0
7fec48a2c000-7fec48a3a000 r--p 00000000 08:14 2895605                    /usr/lib/x86_64-linux-gnu/libtinfo.so.6.4
7fec48a3a000-7fec48a4d000 r-xp 0000e000 08:14 2895605                    /usr/lib/x86_64-linux-gnu/libtinfo.so.6.4
7fec48a4d000-7fec48a5b000 r--p 00021000 08:14 2895605                    /usr/lib/x86_64-linux-gnu/libtinfo.so.6.4
7fec48a5b000-7fec48a5f000 r--p 0002e000 08:14 2895605                    /usr/lib/x86_64-linux-gnu/libtinfo.so.6.4
7fec48a5f000-7fec48a60000 rw-p 00032000 08:14 2895605                    /usr/lib/x86_64-linux-gnu/libtinfo.so.6.4
7fec48a60000-7fec48a62000 r--p 00000000 08:14 2884484                    /usr/lib/x86_64-linux-gnu/libpciaccess.so.0.11.1
7fec48a62000-7fec48a67000 r-xp 00002000 08:14 2884484                    /usr/lib/x86_64-linux-gnu/libpciaccess.so.0.11.1
7fec48a67000-7fec48a69000 r--p 00007000 08:14 2884484                    /usr/lib/x86_64-linux-gnu/libpciaccess.so.0.11.1
7fec48a69000-7fec48a6a000 r--p 00008000 08:14 2884484                    /usr/lib/x86_64-linux-gnu/libpciaccess.so.0.11.1
7fec48a6a000-7fec48a6b000 rw-p 00009000 08:14 2884484                    /usr/lib/x86_64-linux-gnu/libpciaccess.so.0.11.1
7fec48a6b000-7fec48a9a000 r--p 00000000 08:14 2886231                    /usr/lib/x86_64-linux-gnu/libxml2.so.2.9.14
7fec48a9a000-7fec48c00000 r-xp 0002f000 08:14 2886231                    /usr/lib/x86_64-linux-gnu/libxml2.so.2.9.14
7fec48c00000-7fec48c42000 r--p 00195000 08:14 2886231                    /usr/lib/x86_64-linux-gnu/libxml2.so.2.9.14
7fec48c42000-7fec48c4b000 r--p 001d6000 08:14 2886231                    /usr/lib/x86_64-linux-gnu/libxml2.so.2.9.14
7fec48c4b000-7fec48c4c000 rw-p 001df000 08:14 2886231                    /usr/lib/x86_64-linux-gnu/libxml2.so.2.9.14
7fec48c4c000-7fec48c4d000 rw-p 00000000 00:00 0 
7fec48c4d000-7fec48c55000 r--p 00000000 08:14 2895137                    /usr/lib/x86_64-linux-gnu/libedit.so.2.0.72
7fec48c55000-7fec48c74000 r-xp 00008000 08:14 2895137                    /usr/lib/x86_64-linux-gnu/libedit.so.2.0.72
7fec48c74000-7fec48c80000 r--p 00027000 08:14 2895137                    /usr/lib/x86_64-linux-gnu/libedit.so.2.0.72
7fec48c80000-7fec48c82000 r--p 00033000 08:14 2895137                    /usr/lib/x86_64-linux-gnu/libedit.so.2.0.72
7fec48c82000-7fec48c83000 rw-p 00035000 08:14 2895137                    /usr/lib/x86_64-linux-gnu/libedit.so.2.0.72
7fec48c83000-7fec48c87000 rw-p 00000000 00:00 0 
7fec48c87000-7fec48c89000 r--p 00000000 08:14 2895161                    /usr/lib/x86_64-linux-gnu/libffi.so.8.1.4
7fec48c89000-7fec48c90000 r-xp 00002000 08:14 2895161                    /usr/lib/x86_64-linux-gnu/libffi.so.8.1.4
7fec48c90000-7fec48c91000 r--p 00009000 08:14 2895161                    /usr/lib/x86_64-linux-gnu/libffi.so.8.1.4
7fec48c91000-7fec48c92000 r--p 0000a000 08:14 2895161                    /usr/lib/x86_64-linux-gnu/libffi.so.8.1.4
7fec48c92000-7fec48c93000 rw-p 0000b000 08:14 2895161                    /usr/lib/x86_64-linux-gnu/libffi.so.8.1.4
7fec48c93000-7fec48c96000 r--p 00000000 08:14 2895120                    /usr/lib/x86_64-linux-gnu/libdrm_intel.so.1.0.0
7fec48c96000-7fec48cac000 r-xp 00003000 08:14 2895120                    /usr/lib/x86_64-linux-gnu/libdrm_intel.so.1.0.0
7fec48cac000-7fec48cb5000 r--p 00019000 08:14 2895120                    /usr/lib/x86_64-linux-gnu/libdrm_intel.so.1.0.0
7fec48cb5000-7fec48cb6000 r--p 00021000 08:14 2895120                    /usr/lib/x86_64-linux-gnu/libdrm_intel.so.1.0.0
7fec48cb6000-7fec48cb7000 rw-p 00022000 08:14 2895120                    /usr/lib/x86_64-linux-gnu/libdrm_intel.so.1.0.0
7fec48cb7000-7fec48cba000 r--p 00000000 08:14 2895119                    /usr/lib/x86_64-linux-gnu/libdrm_amdgpu.so.1.0.0
7fec48cba000-7fec48cc0000 r-xp 00003000 08:14 2895119                    /usr/lib/x86_64-linux-gnu/libdrm_amdgpu.so.1.0.0
7fec48cc0000-7fec48cc2000 r--p 00009000 08:14 2895119                    /usr/lib/x86_64-linux-gnu/libdrm_amdgpu.so.1.0.0
7fec48cc2000-7fec48cc3000 r--p 0000a000 08:14 2895119                    /usr/lib/x86_64-linux-gnu/libdrm_amdgpu.so.1.0.0
7fec48cc3000-7fec48cc4000 rw-p 0000b000 08:14 2895119                    /usr/lib/x86_64-linux-gnu/libdrm_amdgpu.so.1.0.0
7fec48cc4000-7fec48cc7000 r--p 00000000 08:14 2893039                    /usr/lib/x86_64-linux-gnu/libelf-0.190.so
7fec48cc7000-7fec48cdd000 r-xp 00003000 08:14 2893039                    /usr/lib/x86_64-linux-gnu/libelf-0.190.so
7fec48cdd000-7fec48ce1000 r--p 00019000 08:14 2893039                    /usr/lib/x86_64-linux-gnu/libelf-0.190.so
7fec48ce1000-7fec48ce2000 r--p 0001c000 08:14 2893039                    /usr/lib/x86_64-linux-gnu/libelf-0.190.so
7fec48ce2000-7fec48ce3000 rw-p 0001d000 08:14 2893039                    /usr/lib/x86_64-linux-gnu/libelf-0.190.so
7fec48ce3000-7fec48ce4000 r--p 00000000 08:14 2895710                    /usr/lib/x86_64-linux-gnu/libxshmfence.so.1.0.0
7fec48ce4000-7fec48ce5000 r-xp 00001000 08:14 2895710                    /usr/lib/x86_64-linux-gnu/libxshmfence.so.1.0.0
7fec48ce5000-7fec48ce6000 r--p 00002000 08:14 2895710                    /usr/lib/x86_64-linux-gnu/libxshmfence.so.1.0.0
7fec48ce6000-7fec48ce7000 r--p 00002000 08:14 2895710                    /usr/lib/x86_64-linux-gnu/libxshmfence.so.1.0.0
7fec48ce7000-7fec48ce8000 rw-p 00003000 08:14 2895710                    /usr/lib/x86_64-linux-gnu/libxshmfence.so.1.0.0
7fec48ce8000-7fec48ceb000 r--p 00000000 08:14 2895696                    /usr/lib/x86_64-linux-gnu/libxcb-sync.so.1.0.0
7fec48ceb000-7fec48cee000 r-xp 00003000 08:14 2895696                    /usr/lib/x86_64-linux-gnu/libxcb-sync.so.1.0.0
7fec48cee000-7fec48cef000 r--p 00006000 08:14 2895696                    /usr/lib/x86_64-linux-gnu/libxcb-sync.so.1.0.0
7fec48cef000-7fec48cf0000 r--p 00007000 08:14 2895696                    /usr/lib/x86_64-linux-gnu/libxcb-sync.so.1.0.0
7fec48cf0000-7fec48cf1000 rw-p 00008000 08:14 2895696                    /usr/lib/x86_64-linux-gnu/libxcb-sync.so.1.0.0
7fec48cf1000-7fec48cf3000 r--p 00000000 08:14 2895551                    /usr/lib/x86_64-linux-gnu/libsensors.so.5.0.0
7fec48cf3000-7fec48cfa000 r-xp 00002000 08:14 2895551                    /usr/lib/x86_64-linux-gnu/libsensors.so.5.0.0
7fec48cfa000-7fec48cfe000 r--p 00009000 08:14 2895551                    /usr/lib/x86_64-linux-gnu/libsensors.so.5.0.0
7fec48cfe000-7fec48cff000 r--p 0000d000 08:14 2895551                    /usr/lib/x86_64-linux-gnu/libsensors.so.5.0.0
7fec48cff000-7fec48d00000 rw-p 0000e000 08:14 2895551                    /usr/lib/x86_64-linux-gnu/libsensors.so.5.0.0
7fec48d00000-7fec48d04000 r--p 00000000 08:14 2895717                    /usr/lib/x86_64-linux-gnu/libzstd.so.1.5.5
7fec48d04000-7fec48dab000 r-xp 00004000 08:14 2895717                    /usr/lib/x86_64-linux-gnu/libzstd.so.1.5.5
7fec48dab000-7fec48db8000 r--p 000ab000 08:14 2895717                    /usr/lib/x86_64-linux-gnu/libzstd.so.1.5.5
7fec48db8000-7fec48db9000 r--p 000b7000 08:14 2895717                    /usr/lib/x86_64-linux-gnu/libzstd.so.1.5.5
7fec48db9000-7fec48dba000 rw-p 000b8000 08:14 2895717                    /usr/lib/x86_64-linux-gnu/libzstd.so.1.5.5
7fec48dba000-7fec48dc1000 r--p 00000000 08:14 2895662                    /usr/lib/x86_64-linux-gnu/libwayland-server.so.0.22.0
7fec48dc1000-7fec48dc9000 r-xp 00007000 08:14 2895662                    /usr/lib/x86_64-linux-gnu/libwayland-server.so.0.22.0
7fec48dc9000-7fec48dcd000 r--p 0000f000 08:14 2895662                    /usr/lib/x86_64-linux-gnu/libwayland-server.so.0.22.0
7fec48dcd000-7fec48dcf000 r--p 00012000 08:14 2895662                    /usr/lib/x86_64-linux-gnu/libwayland-server.so.0.22.0
7fec48dcf000-7fec48dd0000 rw-p 00014000 08:14 2895662                    /usr/lib/x86_64-linux-gnu/libwayland-server.so.0.22.0
7fec48dd0000-7fec48dd5000 r--p 00000000 08:14 2895659                    /usr/lib/x86_64-linux-gnu/libwayland-client.so.0.22.0
7fec48dd5000-7fec48ddb000 r-xp 00005000 08:14 2895659                    /usr/lib/x86_64-linux-gnu/libwayland-client.so.0.22.0
7fec48ddb000-7fec48ddd000 r--p 0000b000 08:14 2895659                    /usr/lib/x86_64-linux-gnu/libwayland-client.so.0.22.0
7fec48ddd000-7fec48ddf000 r--p 0000d000 08:14 2895659                    /usr/lib/x86_64-linux-gnu/libwayland-client.so.0.22.0
7fec48ddf000-7fec48de0000 rw-p 0000f000 08:14 2895659                    /usr/lib/x86_64-linux-gnu/libwayland-client.so.0.22.0
7fec48de0000-7fec48de1000 r--p 00000000 08:14 2895695                    /usr/lib/x86_64-linux-gnu/libxcb-shm.so.0.0.0
7fec48de1000-7fec48de2000 r-xp 00001000 08:14 2895695                    /usr/lib/x86_64-linux-gnu/libxcb-shm.so.0.0.0
7fec48de2000-7fec48de3000 r--p 00002000 08:14 2895695                    /usr/lib/x86_64-linux-gnu/libxcb-shm.so.0.0.0
7fec48de3000-7fec48de4000 r--p 00002000 08:14 2895695                    /usr/lib/x86_64-linux-gnu/libxcb-shm.so.0.0.0
7fec48de4000-7fec48de5000 rw-p 00003000 08:14 2895695                    /usr/lib/x86_64-linux-gnu/libxcb-shm.so.0.0.0
7fec48de5000-7fec48de8000 r--p 00000000 08:14 2895698                    /usr/lib/x86_64-linux-gnu/libxcb-xfixes.so.0.0.0
7fec48de8000-7fec48deb000 r-xp 00003000 08:14 2895698                    /usr/lib/x86_64-linux-gnu/libxcb-xfixes.so.0.0.0
7fec48deb000-7fec48ded000 r--p 00006000 08:14 2895698                    /usr/lib/x86_64-linux-gnu/libxcb-xfixes.so.0.0.0
7fec48ded000-7fec48dee000 r--p 00007000 08:14 2895698                    /usr/lib/x86_64-linux-gnu/libxcb-xfixes.so.0.0.0
7fec48dee000-7fec48def000 rw-p 00008000 08:14 2895698                    /usr/lib/x86_64-linux-gnu/libxcb-xfixes.so.0.0.0
7fec48def000-7fec48df6000 r--p 00000000 08:14 2895690                    /usr/lib/x86_64-linux-gnu/libxcb-randr.so.0.1.0
7fec48df6000-7fec48dfb000 r-xp 00007000 08:14 2895690                    /usr/lib/x86_64-linux-gnu/libxcb-randr.so.0.1.0
7fec48dfb000-7fec48dfe000 r--p 0000c000 08:14 2895690                    /usr/lib/x86_64-linux-gnu/libxcb-randr.so.0.1.0
7fec48dfe000-7fec48dff000 r--p 0000f000 08:14 2895690                    /usr/lib/x86_64-linux-gnu/libxcb-randr.so.0.1.0
7fec48dff000-7fec48e00000 rw-p 00010000 08:14 2895690                    /usr/lib/x86_64-linux-gnu/libxcb-randr.so.0.1.0
7fec48e00000-7fec49042000 r--p 00000000 08:14 2894283                    /usr/lib/x86_64-linux-gnu/libnvidia-eglcore.so.580.95.05
7fec49042000-7fec49d05000 r-xp 00242000 08:14 2894283                    /usr/lib/x86_64-linux-gnu/libnvidia-eglcore.so.580.95.05
7fec49d05000-7fec4ada7000 r--p 00f05000 08:14 2894283                    /usr/lib/x86_64-linux-gnu/libnvidia-eglcore.so.580.95.05
7fec4ada7000-7fec4af1f000 r--p 01fa6000 08:14 2894283                    /usr/lib/x86_64-linux-gnu/libnvidia-eglcore.so.580.95.05
7fec4af1f000-7fec4af73000 rw-p 0211e000 08:14 2894283                    /usr/lib/x86_64-linux-gnu/libnvidia-eglcore.so.580.95.05
7fec4af73000-7fec4af89000 rw-p 00000000 00:00 0 
7fec4af89000-7fec4af8a000 rw-s 00000000 00:01 6407                       /memfd:pipewire-memfd:flags=0x0000000f,type=2,size=2312 (deleted)
7fec4af8a000-7fec4af8b000 rw-s 00000000 00:01 40628                      /memfd:pipewire-memfd:flags=0x0000000f,type=2,size=2312 (deleted)
7fec4af8b000-7fec4af8c000 rw-s 00000000 00:01 43492                      /memfd:pipewire-memfd:flags=0x0000000f,type=2,size=2312 (deleted)
7fec4af8c000-7fec4af9c000 r--p 00000000 08:14 2893043                    /usr/lib/x86_64-linux-gnu/libEGL_mesa.so.0.0.0
7fec4af9c000-7fec4afc6000 r-xp 00010000 08:14 2893043                    /usr/lib/x86_64-linux-gnu/libEGL_mesa.so.0.0.0
7fec4afc6000-7fec4afd9000 r--p 0003a000 08:14 2893043                    /usr/lib/x86_64-linux-gnu/libEGL_mesa.so.0.0.0
7fec4afd9000-7fec4afe6000 r--p 0004d000 08:14 2893043                    /usr/lib/x86_64-linux-gnu/libEGL_mesa.so.0.0.0
7fec4afe6000-7fec4afe7000 rw-p 0005a000 08:14 2893043                    /usr/lib/x86_64-linux-gnu/libEGL_mesa.so.0.0.0
7fec4afe7000-7fec4afe8000 rw-p 00000000 00:00 0 
7fec4afe8000-7fec4afe9000 r--p 00000000 08:14 2894903                    /usr/lib/x86_64-linux-gnu/libX11-xcb.so.1.0.0
7fec4afe9000-7fec4afea000 r-xp 00001000 08:14 2894903                    /usr/lib/x86_64-linux-gnu/libX11-xcb.so.1.0.0
7fec4afea000-7fec4afeb000 r--p 00002000 08:14 2894903                    /usr/lib/x86_64-linux-gnu/libX11-xcb.so.1.0.0
7fec4afeb000-7fec4afec000 r--p 00002000 08:14 2894903                    /usr/lib/x86_64-linux-gnu/libX11-xcb.so.1.0.0
7fec4afec000-7fec4afed000 rw-p 00003000 08:14 2894903                    /usr/lib/x86_64-linux-gnu/libX11-xcb.so.1.0.0
7fec4afed000-7fec4aff0000 r--p 00000000 08:14 2894282                    /usr/lib/x86_64-linux-gnu/libnvidia-egl-xlib.so.1.0.3
7fec4aff0000-7fec4affa000 r-xp 00003000 08:14 2894282                    /usr/lib/x86_64-linux-gnu/libnvidia-egl-xlib.so.1.0.3
7fec4affa000-7fec4affe000 r--p 0000d000 08:14 2894282                    /usr/lib/x86_64-linux-gnu/libnvidia-egl-xlib.so.1.0.3
7fec4affe000-7fec4afff000 r--p 00010000 08:14 2894282                    /usr/lib/x86_64-linux-gnu/libnvidia-egl-xlib.so.1.0.3
7fec4afff000-7fec4b000000 rw-p 00011000 08:14 2894282                    /usr/lib/x86_64-linux-gnu/libnvidia-egl-xlib.so.1.0.3
7fec4b000000-7fec4b400000 rw-p 00000000 00:00 0 
7fec4b400000-7fec4b4c0000 rw-p 00000000 00:00 0 
7fec4b4c0000-7fec4b500000 rw-p 00000000 00:00 0 
7fec4b500000-7fec4b700000 rw-p 00000000 00:00 0 
7fec4b700000-7fec4b980000 rw-p 00000000 00:00 0 
7fec4b980000-7fec4bba0000 rw-p 00000000 00:00 0 
7fec4bba0000-7fec4bbc0000 rw-p 00000000 00:00 0 
7fec4bbc0000-7fec4bd00000 rw-p 00000000 00:00 0 
7fec4bd00000-7fec4bd40000 rw-p 00000000 00:00 0 
7fec4bd40000-7fec4bd80000 rw-p 00000000 00:00 0 
7fec4bd80000-7fec4bf00000 rw-p 00000000 00:00 0 
7fec4bf00000-7fec4bf80000 rw-p 00000000 00:00 0 
7fec4bf80000-7fec4c010000 rw-p 00000000 00:00 0 
7fec4c010000-7fec4c100000 ---p 00000000 00:00 0 
7fec4c100000-7fec4c110000 rw-p 00000000 00:00 0 
7fec4c110000-7fec4f000000 ---p 00000000 00:00 0 
7fec4f000000-7fec4fca0000 rw-p 00001000 08:14 3409367                    /usr/lib/jvm/java-21-openjdk-amd64/lib/server/classes.jsa
7fec4fca0000-7fec50000000 ---p 00000000 00:00 0 
7fec50000000-7fec50040000 rw-p 00000000 00:00 0 
7fec50040000-7fec500c0000 rw-p 00000000 00:00 0 
7fec500c0000-7fec50140000 rw-p 00000000 00:00 0 
7fec50140000-7fec50190000 rw-p 00000000 00:00 0 
7fec50190000-7fec90000000 ---p 00000000 00:00 0 
7fec90000000-7fec90021000 rw-p 00000000 00:00 0 
7fec90021000-7fec94000000 ---p 00000000 00:00 0 
7fec94000000-7fec9405c000 rw-p 00000000 00:00 0 
7fec9405c000-7fec98000000 ---p 00000000 00:00 0 
7fec98000000-7fec98021000 rw-p 00000000 00:00 0 
7fec98021000-7fec9c000000 ---p 00000000 00:00 0 
7fec9c000000-7fec9c001000 rw-s 00000000 00:01 47258                      /memfd:pipewire-memfd:flags=0x0000000f,type=2,size=4096 (deleted)
7fec9c001000-7fec9c002000 rw-s 00000000 00:01 6407                       /memfd:pipewire-memfd:flags=0x0000000f,type=2,size=2312 (deleted)
7fec9c002000-7fec9c003000 rw-s 00000000 00:01 47257                      /memfd:pipewire-memfd:flags=0x0000000f,type=2,size=2312 (deleted)
7fec9c003000-7fec9c004000 r--p 00000000 08:14 2895689                    /usr/lib/x86_64-linux-gnu/libxcb-present.so.0.0.0
7fec9c004000-7fec9c005000 r-xp 00001000 08:14 2895689                    /usr/lib/x86_64-linux-gnu/libxcb-present.so.0.0.0
7fec9c005000-7fec9c006000 r--p 00002000 08:14 2895689                    /usr/lib/x86_64-linux-gnu/libxcb-present.so.0.0.0
7fec9c006000-7fec9c007000 r--p 00002000 08:14 2895689                    /usr/lib/x86_64-linux-gnu/libxcb-present.so.0.0.0
7fec9c007000-7fec9c008000 rw-p 00003000 08:14 2895689                    /usr/lib/x86_64-linux-gnu/libxcb-present.so.0.0.0
7fec9c008000-7fec9c00a000 r--p 00000000 08:14 2895684                    /usr/lib/x86_64-linux-gnu/libxcb-dri3.so.0.1.0
7fec9c00a000-7fec9c00c000 r-xp 00002000 08:14 2895684                    /usr/lib/x86_64-linux-gnu/libxcb-dri3.so.0.1.0
7fec9c00c000-7fec9c00d000 r--p 00004000 08:14 2895684                    /usr/lib/x86_64-linux-gnu/libxcb-dri3.so.0.1.0
7fec9c00d000-7fec9c00e000 r--p 00004000 08:14 2895684                    /usr/lib/x86_64-linux-gnu/libxcb-dri3.so.0.1.0
7fec9c00e000-7fec9c00f000 rw-p 00005000 08:14 2895684                    /usr/lib/x86_64-linux-gnu/libxcb-dri3.so.0.1.0
7fec9c00f000-7fec9c012000 r--p 00000000 08:14 2894281                    /usr/lib/x86_64-linux-gnu/libnvidia-egl-xcb.so.1.0.3
7fec9c012000-7fec9c01c000 r-xp 00003000 08:14 2894281                    /usr/lib/x86_64-linux-gnu/libnvidia-egl-xcb.so.1.0.3
7fec9c01c000-7fec9c020000 r--p 0000d000 08:14 2894281                    /usr/lib/x86_64-linux-gnu/libnvidia-egl-xcb.so.1.0.3
7fec9c020000-7fec9c021000 r--p 00010000 08:14 2894281                    /usr/lib/x86_64-linux-gnu/libnvidia-egl-xcb.so.1.0.3
7fec9c021000-7fec9c022000 rw-p 00011000 08:14 2894281                    /usr/lib/x86_64-linux-gnu/libnvidia-egl-xcb.so.1.0.3
7fec9c022000-7fec9c026000 r--p 00000000 08:14 2897229                    /usr/lib/x86_64-linux-gnu/libexpat.so.1.9.1
7fec9c026000-7fec9c043000 r-xp 00004000 08:14 2897229                    /usr/lib/x86_64-linux-gnu/libexpat.so.1.9.1
7fec9c043000-7fec9c04b000 r--p 00021000 08:14 2897229                    /usr/lib/x86_64-linux-gnu/libexpat.so.1.9.1
7fec9c04b000-7fec9c04d000 r--p 00028000 08:14 2897229                    /usr/lib/x86_64-linux-gnu/libexpat.so.1.9.1
7fec9c04d000-7fec9c04e000 rw-p 0002a000 08:14 2897229                    /usr/lib/x86_64-linux-gnu/libexpat.so.1.9.1
7fec9c04e000-7fec9c053000 r--p 00000000 08:14 2895118                    /usr/lib/x86_64-linux-gnu/libdrm.so.2.4.0
7fec9c053000-7fec9c05f000 r-xp 00005000 08:14 2895118                    /usr/lib/x86_64-linux-gnu/libdrm.so.2.4.0
7fec9c05f000-7fec9c063000 r--p 00011000 08:14 2895118                    /usr/lib/x86_64-linux-gnu/libdrm.so.2.4.0
7fec9c063000-7fec9c064000 r--p 00014000 08:14 2895118                    /usr/lib/x86_64-linux-gnu/libdrm.so.2.4.0
7fec9c064000-7fec9c065000 rw-p 00015000 08:14 2895118                    /usr/lib/x86_64-linux-gnu/libdrm.so.2.4.0
7fec9c065000-7fec9c075000 r--p 00000000 08:14 2894285                    /usr/lib/x86_64-linux-gnu/libnvidia-glsi.so.580.95.05
7fec9c075000-7fec9c0d5000 r-xp 00010000 08:14 2894285                    /usr/lib/x86_64-linux-gnu/libnvidia-glsi.so.580.95.05
7fec9c0d5000-7fec9c0f2000 r--p 00070000 08:14 2894285                    /usr/lib/x86_64-linux-gnu/libnvidia-glsi.so.580.95.05
7fec9c0f2000-7fec9c0f8000 r--p 0008c000 08:14 2894285                    /usr/lib/x86_64-linux-gnu/libnvidia-glsi.so.580.95.05
7fec9c0f8000-7fec9c0f9000 rw-p 00092000 08:14 2894285                    /usr/lib/x86_64-linux-gnu/libnvidia-glsi.so.580.95.05
7fec9c0f9000-7fec9c101000 rw-p 00000000 00:00 0 
7fec9c101000-7fec9c135000 r--p 00000000 08:14 2894275                    /usr/lib/x86_64-linux-gnu/libEGL_nvidia.so.580.95.05
7fec9c135000-7fec9c1cc000 r-xp 00034000 08:14 2894275                    /usr/lib/x86_64-linux-gnu/libEGL_nvidia.so.580.95.05
7fec9c1cc000-7fec9c220000 r--p 000cb000 08:14 2894275                    /usr/lib/x86_64-linux-gnu/libEGL_nvidia.so.580.95.05
7fec9c220000-7fec9c221000 ---p 0011f000 08:14 2894275                    /usr/lib/x86_64-linux-gnu/libEGL_nvidia.so.580.95.05
7fec9c221000-7fec9c229000 r--p 0011f000 08:14 2894275                    /usr/lib/x86_64-linux-gnu/libEGL_nvidia.so.580.95.05
7fec9c229000-7fec9c23f000 rw-p 00127000 08:14 2894275                    /usr/lib/x86_64-linux-gnu/libEGL_nvidia.so.580.95.05
7fec9c23f000-7fec9c244000 rw-p 00000000 00:00 0 
7fec9c244000-7fec9c254000 rw-s 102c77000 00:10 1059                      anon_inode:i915.gem
7fec9c254000-7fec9c264000 rw-s 107987000 00:10 1059                      anon_inode:i915.gem
7fec9c264000-7fec9c285000 r--p 00000000 08:14 524365                     /tmp/jogamp_0000/file_cache/jln8656790016572035723/jln6975260917394702879/natives/linux-amd64/libjogl_mobile.so
7fec9c285000-7fec9c2c2000 r-xp 00021000 08:14 524365                     /tmp/jogamp_0000/file_cache/jln8656790016572035723/jln6975260917394702879/natives/linux-amd64/libjogl_mobile.so
7fec9c2c2000-7fec9c2d3000 r--p 0005e000 08:14 524365                     /tmp/jogamp_0000/file_cache/jln8656790016572035723/jln6975260917394702879/natives/linux-amd64/libjogl_mobile.so
7fec9c2d3000-7fec9c2d4000 r--p 0006e000 08:14 524365                     /tmp/jogamp_0000/file_cache/jln8656790016572035723/jln6975260917394702879/natives/linux-amd64/libjogl_mobile.so
7fec9c2d4000-7fec9c2d5000 rw-p 0006f000 08:14 524365                     /tmp/jogamp_0000/file_cache/jln8656790016572035723/jln6975260917394702879/natives/linux-amd64/libjogl_mobile.so
7fec9c2d5000-7fec9c2d8000 r--p 00000000 08:14 2894878                    /usr/lib/x86_64-linux-gnu/libEGL.so.1.1.0
7fec9c2d8000-7fec9c2e2000 r-xp 00003000 08:14 2894878                    /usr/lib/x86_64-linux-gnu/libEGL.so.1.1.0
7fec9c2e2000-7fec9c2e5000 r--p 0000d000 08:14 2894878                    /usr/lib/x86_64-linux-gnu/libEGL.so.1.1.0
7fec9c2e5000-7fec9c2e6000 r--p 00010000 08:14 2894878                    /usr/lib/x86_64-linux-gnu/libEGL.so.1.1.0
7fec9c2e6000-7fec9c2e7000 rw-p 00011000 08:14 2894878                    /usr/lib/x86_64-linux-gnu/libEGL.so.1.1.0
7fec9c2e7000-7fec9c2ef000 r--p 00000000 08:14 2894888                    /usr/lib/x86_64-linux-gnu/libGLESv2.so.2.1.0
7fec9c2ef000-7fec9c2f4000 r-xp 00008000 08:14 2894888                    /usr/lib/x86_64-linux-gnu/libGLESv2.so.2.1.0
7fec9c2f4000-7fec9c2f6000 r--p 0000d000 08:14 2894888                    /usr/lib/x86_64-linux-gnu/libGLESv2.so.2.1.0
7fec9c2f6000-7fec9c2f8000 r--p 0000f000 08:14 2894888                    /usr/lib/x86_64-linux-gnu/libGLESv2.so.2.1.0
7fec9c2f8000-7fec9c2f9000 rw-p 00011000 08:14 2894888                    /usr/lib/x86_64-linux-gnu/libGLESv2.so.2.1.0
7fec9c2f9000-7fec9c2fd000 ---p 00000000 00:00 0 
7fec9c2fd000-7fec9c3f9000 rw-p 00000000 00:00 0 
7fec9c3f9000-7fec9c43b000 r--p 00000000 08:14 524364                     /tmp/jogamp_0000/file_cache/jln8656790016572035723/jln6975260917394702879/natives/linux-amd64/libjogl_desktop.so
7fec9c43b000-7fec9c4a6000 r-xp 00042000 08:14 524364                     /tmp/jogamp_0000/file_cache/jln8656790016572035723/jln6975260917394702879/natives/linux-amd64/libjogl_desktop.so
7fec9c4a6000-7fec9c4c2000 r--p 000ad000 08:14 524364                     /tmp/jogamp_0000/file_cache/jln8656790016572035723/jln6975260917394702879/natives/linux-amd64/libjogl_desktop.so
7fec9c4c2000-7fec9c4c3000 r--p 000c9000 08:14 524364                     /tmp/jogamp_0000/file_cache/jln8656790016572035723/jln6975260917394702879/natives/linux-amd64/libjogl_desktop.so
7fec9c4c3000-7fec9c4c4000 rw-p 000ca000 08:14 524364                     /tmp/jogamp_0000/file_cache/jln8656790016572035723/jln6975260917394702879/natives/linux-amd64/libjogl_desktop.so
7fec9c4c4000-7fec9c4c7000 r--p 00000000 08:14 2894890                    /usr/lib/x86_64-linux-gnu/libGLX.so.0.0.0
7fec9c4c7000-7fec9c4e2000 r-xp 00003000 08:14 2894890                    /usr/lib/x86_64-linux-gnu/libGLX.so.0.0.0
7fec9c4e2000-7fec9c4e5000 r--p 0001e000 08:14 2894890                    /usr/lib/x86_64-linux-gnu/libGLX.so.0.0.0
7fec9c4e5000-7fec9c4e6000 r--p 00020000 08:14 2894890                    /usr/lib/x86_64-linux-gnu/libGLX.so.0.0.0
7fec9c4e6000-7fec9c4e7000 rw-p 00021000 08:14 2894890                    /usr/lib/x86_64-linux-gnu/libGLX.so.0.0.0
7fec9c4e7000-7fec9c4f7000 rw-p 00000000 00:00 0 
7fec9c4f7000-7fec9c538000 r--p 00000000 08:14 2894892                    /usr/lib/x86_64-linux-gnu/libGLdispatch.so.0.0.0
7fec9c538000-7fec9c577000 r-xp 00041000 08:14 2894892                    /usr/lib/x86_64-linux-gnu/libGLdispatch.so.0.0.0
7fec9c577000-7fec9c58a000 r--p 00080000 08:14 2894892                    /usr/lib/x86_64-linux-gnu/libGLdispatch.so.0.0.0
7fec9c58a000-7fec9c5a6000 r--p 00093000 08:14 2894892                    /usr/lib/x86_64-linux-gnu/libGLdispatch.so.0.0.0
7fec9c5a6000-7fec9c5a7000 rw-p 000af000 08:14 2894892                    /usr/lib/x86_64-linux-gnu/libGLdispatch.so.0.0.0
7fec9c5a7000-7fec9c5af000 rw-p 00000000 00:00 0 
7fec9c5af000-7fec9c5f2000 r--p 00000000 08:14 2894887                    /usr/lib/x86_64-linux-gnu/libGL.so.1.7.0
7fec9c5f2000-7fec9c612000 r-xp 00043000 08:14 2894887                    /usr/lib/x86_64-linux-gnu/libGL.so.1.7.0
7fec9c612000-7fec9c626000 r--p 00063000 08:14 2894887                    /usr/lib/x86_64-linux-gnu/libGL.so.1.7.0
7fec9c626000-7fec9c634000 r--p 00077000 08:14 2894887                    /usr/lib/x86_64-linux-gnu/libGL.so.1.7.0
7fec9c634000-7fec9c635000 rw-p 00085000 08:14 2894887                    /usr/lib/x86_64-linux-gnu/libGL.so.1.7.0
7fec9c635000-7fec9c636000 rw-p 00000000 00:00 0 
7fec9c636000-7fec9c637000 r--p 00000000 08:14 2894930                    /usr/lib/x86_64-linux-gnu/libXxf86vm.so.1.0.0
7fec9c637000-7fec9c63a000 r-xp 00001000 08:14 2894930                    /usr/lib/x86_64-linux-gnu/libXxf86vm.so.1.0.0
7fec9c63a000-7fec9c63b000 r--p 00004000 08:14 2894930                    /usr/lib/x86_64-linux-gnu/libXxf86vm.so.1.0.0
7fec9c63b000-7fec9c63c000 r--p 00004000 08:14 2894930                    /usr/lib/x86_64-linux-gnu/libXxf86vm.so.1.0.0
7fec9c63c000-7fec9c63d000 rw-p 00005000 08:14 2894930                    /usr/lib/x86_64-linux-gnu/libXxf86vm.so.1.0.0
7fec9c63d000-7fec9c63e000 rw-s 00000000 00:01 43491                      /memfd:pipewire-memfd:flags=0x0000000f,type=2,size=2312 (deleted)
7fec9c63e000-7fec9c640000 r--p 00000000 08:14 2893134                    /usr/lib/x86_64-linux-gnu/libgbm.so.1.0.0
7fec9c640000-7fec9c642000 r-xp 00002000 08:14 2893134                    /usr/lib/x86_64-linux-gnu/libgbm.so.1.0.0
7fec9c642000-7fec9c643000 r--p 00004000 08:14 2893134                    /usr/lib/x86_64-linux-gnu/libgbm.so.1.0.0
7fec9c643000-7fec9c644000 r--p 00004000 08:14 2893134                    /usr/lib/x86_64-linux-gnu/libgbm.so.1.0.0
7fec9c644000-7fec9c645000 rw-p 00005000 08:14 2893134                    /usr/lib/x86_64-linux-gnu/libgbm.so.1.0.0
7fec9c645000-7fec9c646000 r--p 00000000 08:14 2894280                    /usr/lib/x86_64-linux-gnu/libnvidia-egl-gbm.so.1.1.2
7fec9c646000-7fec9c649000 r-xp 00001000 08:14 2894280                    /usr/lib/x86_64-linux-gnu/libnvidia-egl-gbm.so.1.1.2
7fec9c649000-7fec9c64a000 r--p 00004000 08:14 2894280                    /usr/lib/x86_64-linux-gnu/libnvidia-egl-gbm.so.1.1.2
7fec9c64a000-7fec9c64b000 r--p 00004000 08:14 2894280                    /usr/lib/x86_64-linux-gnu/libnvidia-egl-gbm.so.1.1.2
7fec9c64b000-7fec9c64c000 rw-p 00005000 08:14 2894280                    /usr/lib/x86_64-linux-gnu/libnvidia-egl-gbm.so.1.1.2
7fec9c64c000-7fec9c64d000 r--p 00000000 08:14 2920875                    /usr/lib/x86_64-linux-gnu/libdl.so.2
7fec9c64d000-7fec9c64e000 r-xp 00001000 08:14 2920875                    /usr/lib/x86_64-linux-gnu/libdl.so.2
7fec9c64e000-7fec9c64f000 r--p 00002000 08:14 2920875                    /usr/lib/x86_64-linux-gnu/libdl.so.2
7fec9c64f000-7fec9c650000 r--p 00002000 08:14 2920875                    /usr/lib/x86_64-linux-gnu/libdl.so.2
7fec9c650000-7fec9c651000 rw-p 00003000 08:14 2920875                    /usr/lib/x86_64-linux-gnu/libdl.so.2
7fec9c651000-7fec9c652000 r--p 00000000 08:14 2920888                    /usr/lib/x86_64-linux-gnu/librt.so.1
7fec9c652000-7fec9c653000 r-xp 00001000 08:14 2920888                    /usr/lib/x86_64-linux-gnu/librt.so.1
7fec9c653000-7fec9c654000 r--p 00002000 08:14 2920888                    /usr/lib/x86_64-linux-gnu/librt.so.1
7fec9c654000-7fec9c655000 r--p 00002000 08:14 2920888                    /usr/lib/x86_64-linux-gnu/librt.so.1
7fec9c655000-7fec9c656000 rw-p 00003000 08:14 2920888                    /usr/lib/x86_64-linux-gnu/librt.so.1
7fec9c656000-7fec9c65d000 r--s 00000000 08:14 2920861                    /usr/lib/x86_64-linux-gnu/gconv/gconv-modules.cache
7fec9c65d000-7fec9c661000 ---p 00000000 00:00 0 
7fec9c661000-7fec9c75d000 rw-p 00000000 00:00 0 
7fec9c75d000-7fec9c761000 ---p 00000000 00:00 0 
7fec9c761000-7fec9c85d000 rw-p 00000000 00:00 0 
7fec9c85d000-7fec9c861000 ---p 00000000 00:00 0 
7fec9c861000-7fec9c87f000 rw-p 00000000 00:00 0 
7fec9c87f000-7fec9c883000 ---p 00000000 00:00 0 
7fec9c883000-7fec9c97f000 rw-p 00000000 00:00 0 
7fec9c97f000-7fec9c981000 r--p 00000000 08:14 2894913                    /usr/lib/x86_64-linux-gnu/libXfixes.so.3.1.0
7fec9c981000-7fec9c984000 r-xp 00002000 08:14 2894913                    /usr/lib/x86_64-linux-gnu/libXfixes.so.3.1.0
7fec9c984000-7fec9c985000 r--p 00005000 08:14 2894913                    /usr/lib/x86_64-linux-gnu/libXfixes.so.3.1.0
7fec9c985000-7fec9c986000 r--p 00005000 08:14 2894913                    /usr/lib/x86_64-linux-gnu/libXfixes.so.3.1.0
7fec9c986000-7fec9c987000 rw-p 00006000 08:14 2894913                    /usr/lib/x86_64-linux-gnu/libXfixes.so.3.1.0
7fec9c987000-7fec9c989000 r--p 00000000 08:14 2894909                    /usr/lib/x86_64-linux-gnu/libXcursor.so.1.0.2
7fec9c989000-7fec9c98f000 r-xp 00002000 08:14 2894909                    /usr/lib/x86_64-linux-gnu/libXcursor.so.1.0.2
7fec9c98f000-7fec9c991000 r--p 00008000 08:14 2894909                    /usr/lib/x86_64-linux-gnu/libXcursor.so.1.0.2
7fec9c991000-7fec9c992000 r--p 00009000 08:14 2894909                    /usr/lib/x86_64-linux-gnu/libXcursor.so.1.0.2
7fec9c992000-7fec9c993000 rw-p 0000a000 08:14 2894909                    /usr/lib/x86_64-linux-gnu/libXcursor.so.1.0.2
7fec9c993000-7fec9c994000 r--p 00000000 08:14 2895050                    /usr/lib/x86_64-linux-gnu/libbrotlicommon.so.1.1.0
7fec9c994000-7fec9c995000 r-xp 00001000 08:14 2895050                    /usr/lib/x86_64-linux-gnu/libbrotlicommon.so.1.1.0
7fec9c995000-7fec9c9b4000 r--p 00002000 08:14 2895050                    /usr/lib/x86_64-linux-gnu/libbrotlicommon.so.1.1.0
7fec9c9b4000-7fec9c9b5000 r--p 00021000 08:14 2895050                    /usr/lib/x86_64-linux-gnu/libbrotlicommon.so.1.1.0
7fec9c9b5000-7fec9c9b6000 rw-p 00022000 08:14 2895050                    /usr/lib/x86_64-linux-gnu/libbrotlicommon.so.1.1.0
7fec9c9b6000-7fec9c9b8000 r--p 00000000 08:14 2895478                    /usr/lib/x86_64-linux-gnu/libpcre2-8.so.0.11.2
7fec9c9b8000-7fec9ca26000 r-xp 00002000 08:14 2895478                    /usr/lib/x86_64-linux-gnu/libpcre2-8.so.0.11.2
7fec9ca26000-7fec9ca4e000 r--p 00070000 08:14 2895478                    /usr/lib/x86_64-linux-gnu/libpcre2-8.so.0.11.2
7fec9ca4e000-7fec9ca4f000 r--p 00097000 08:14 2895478                    /usr/lib/x86_64-linux-gnu/libpcre2-8.so.0.11.2
7fec9ca4f000-7fec9ca50000 rw-p 00098000 08:14 2895478                    /usr/lib/x86_64-linux-gnu/libpcre2-8.so.0.11.2
7fec9ca50000-7fec9ca55000 r--p 00000000 08:14 2895496                    /usr/lib/x86_64-linux-gnu/libpng16.so.16.43.0
7fec9ca55000-7fec9ca7d000 r-xp 00005000 08:14 2895496                    /usr/lib/x86_64-linux-gnu/libpng16.so.16.43.0
7fec9ca7d000-7fec9ca86000 r--p 0002d000 08:14 2895496                    /usr/lib/x86_64-linux-gnu/libpng16.so.16.43.0
7fec9ca86000-7fec9ca87000 r--p 00035000 08:14 2895496                    /usr/lib/x86_64-linux-gnu/libpng16.so.16.43.0
7fec9ca87000-7fec9ca88000 rw-p 00036000 08:14 2895496                    /usr/lib/x86_64-linux-gnu/libpng16.so.16.43.0
7fec9ca88000-7fec9ca8b000 r--p 00000000 08:14 2895241                    /usr/lib/x86_64-linux-gnu/libgraphite2.so.3.2.1
7fec9ca8b000-7fec9caa8000 r-xp 00003000 08:14 2895241                    /usr/lib/x86_64-linux-gnu/libgraphite2.so.3.2.1
7fec9caa8000-7fec9caab000 r--p 00020000 08:14 2895241                    /usr/lib/x86_64-linux-gnu/libgraphite2.so.3.2.1
7fec9caab000-7fec9caad000 r--p 00022000 08:14 2895241                    /usr/lib/x86_64-linux-gnu/libgraphite2.so.3.2.1
7fec9caad000-7fec9caae000 rw-p 00024000 08:14 2895241                    /usr/lib/x86_64-linux-gnu/libgraphite2.so.3.2.1
7fec9caae000-7fec9cacc000 r--p 00000000 08:14 2884464                    /usr/lib/x86_64-linux-gnu/libglib-2.0.so.0.8000.0
7fec9cacc000-7fec9cb6c000 r-xp 0001e000 08:14 2884464                    /usr/lib/x86_64-linux-gnu/libglib-2.0.so.0.8000.0
7fec9cb6c000-7fec9cbf4000 r--p 000be000 08:14 2884464                    /usr/lib/x86_64-linux-gnu/libglib-2.0.so.0.8000.0
7fec9cbf4000-7fec9cbf5000 r--p 00146000 08:14 2884464                    /usr/lib/x86_64-linux-gnu/libglib-2.0.so.0.8000.0
7fec9cbf5000-7fec9cbf6000 rw-p 00147000 08:14 2884464                    /usr/lib/x86_64-linux-gnu/libglib-2.0.so.0.8000.0
7fec9cbf6000-7fec9cbf7000 rw-p 00000000 00:00 0 
7fec9cbf7000-7fec9cc04000 r--p 00000000 08:14 2895180                    /usr/lib/x86_64-linux-gnu/libfreetype.so.6.20.1
7fec9cc04000-7fec9cc95000 r-xp 0000d000 08:14 2895180                    /usr/lib/x86_64-linux-gnu/libfreetype.so.6.20.1
7fec9cc95000-7fec9ccbb000 r--p 0009e000 08:14 2895180                    /usr/lib/x86_64-linux-gnu/libfreetype.so.6.20.1
7fec9ccbb000-7fec9ccc2000 r--p 000c4000 08:14 2895180                    /usr/lib/x86_64-linux-gnu/libfreetype.so.6.20.1
7fec9ccc2000-7fec9ccc3000 rw-p 000cb000 08:14 2895180                    /usr/lib/x86_64-linux-gnu/libfreetype.so.6.20.1
7fec9ccc3000-7fec9ccce000 r--p 00000000 08:14 2895285                    /usr/lib/x86_64-linux-gnu/libharfbuzz.so.0.60830.0
7fec9ccce000-7fec9cd9c000 r-xp 0000b000 08:14 2895285                    /usr/lib/x86_64-linux-gnu/libharfbuzz.so.0.60830.0
7fec9cd9c000-7fec9cdce000 r--p 000d9000 08:14 2895285                    /usr/lib/x86_64-linux-gnu/libharfbuzz.so.0.60830.0
7fec9cdce000-7fec9cdcf000 r--p 0010b000 08:14 2895285                    /usr/lib/x86_64-linux-gnu/libharfbuzz.so.0.60830.0
7fec9cdcf000-7fec9cdd0000 rw-p 0010c000 08:14 2895285                    /usr/lib/x86_64-linux-gnu/libharfbuzz.so.0.60830.0
7fec9cdd0000-7fec9cde9000 r--p 00000000 08:14 2894904                    /usr/lib/x86_64-linux-gnu/libX11.so.6.4.0
7fec9cde9000-7fec9ce79000 r-xp 00019000 08:14 2894904                    /usr/lib/x86_64-linux-gnu/libX11.so.6.4.0
7fec9ce79000-7fec9cf08000 r--p 000a9000 08:14 2894904                    /usr/lib/x86_64-linux-gnu/libX11.so.6.4.0
7fec9cf08000-7fec9cf09000 r--p 00138000 08:14 2894904                    /usr/lib/x86_64-linux-gnu/libX11.so.6.4.0
7fec9cf09000-7fec9cf0d000 rw-p 00139000 08:14 2894904                    /usr/lib/x86_64-linux-gnu/libX11.so.6.4.0
7fec9cf0d000-7fec9cf2b000 r--p 00000000 08:14 3409333                    /usr/lib/jvm/java-21-openjdk-amd64/lib/libawt.so
7fec9cf2b000-7fec9cfc2000 r-xp 0001e000 08:14 3409333                    /usr/lib/jvm/java-21-openjdk-amd64/lib/libawt.so
7fec9cfc2000-7fec9cfcf000 r--p 000b5000 08:14 3409333                    /usr/lib/jvm/java-21-openjdk-amd64/lib/libawt.so
7fec9cfcf000-7fec9cfd0000 r--p 000c1000 08:14 3409333                    /usr/lib/jvm/java-21-openjdk-amd64/lib/libawt.so
7fec9cfd0000-7fec9cfdb000 rw-p 000c2000 08:14 3409333                    /usr/lib/jvm/java-21-openjdk-amd64/lib/libawt.so
7fec9cfdb000-7fec9d000000 rw-p 00000000 00:00 0 
7fec9d000000-7fec9d004000 ---p 00000000 00:00 0 
7fec9d004000-7fec9d100000 rw-p 00000000 00:00 0 
7fec9d100000-7fec9d104000 ---p 00000000 00:00 0 
7fec9d104000-7fec9d200000 rw-p 00000000 00:00 0 
7fec9d200000-7fec9d204000 ---p 00000000 00:00 0 
7fec9d204000-7fec9d300000 rw-p 00000000 00:00 0 
7fec9d300000-7fec9d304000 ---p 00000000 00:00 0 
7fec9d304000-7fec9d400000 rw-p 00000000 00:00 0 
7fec9d400000-7fec9d404000 ---p 00000000 00:00 0 
7fec9d404000-7fec9d500000 rw-p 00000000 00:00 0 
7fec9d500000-7fec9d504000 ---p 00000000 00:00 0 
7fec9d504000-7fec9d600000 rw-p 00000000 00:00 0 
7fec9d600000-7fec9d604000 ---p 00000000 00:00 0 
7fec9d604000-7fec9d700000 rw-p 00000000 00:00 0 
7fec9d700000-7fec9d704000 ---p 00000000 00:00 0 
7fec9d704000-7fec9d800000 rw-p 00000000 00:00 0 
7fec9d800000-7fec9d804000 ---p 00000000 00:00 0 
7fec9d804000-7fec9d900000 rw-p 00000000 00:00 0 
7fec9d900000-7fec9d904000 ---p 00000000 00:00 0 
7fec9d904000-7fec9da00000 rw-p 00000000 00:00 0 
7fec9da00000-7fec9df75000 r--p 00000000 08:14 2883664                    /usr/lib/locale/locale-archive
7fec9df75000-7fec9df76000 rw-s 00000000 00:01 44369                      /memfd:xshmfence (deleted)
7fec9df76000-7fec9df78000 r--p 00000000 08:14 2895055                    /usr/lib/x86_64-linux-gnu/libbz2.so.1.0.4
7fec9df78000-7fec9df86000 r-xp 00002000 08:14 2895055                    /usr/lib/x86_64-linux-gnu/libbz2.so.1.0.4
7fec9df86000-7fec9df88000 r--p 00010000 08:14 2895055                    /usr/lib/x86_64-linux-gnu/libbz2.so.1.0.4
7fec9df88000-7fec9df89000 r--p 00011000 08:14 2895055                    /usr/lib/x86_64-linux-gnu/libbz2.so.1.0.4
7fec9df89000-7fec9df8a000 rw-p 00012000 08:14 2895055                    /usr/lib/x86_64-linux-gnu/libbz2.so.1.0.4
7fec9df8a000-7fec9df8b000 r--p 00000000 08:14 2920886                    /usr/lib/x86_64-linux-gnu/libpthread.so.0
7fec9df8b000-7fec9df8c000 r-xp 00001000 08:14 2920886                    /usr/lib/x86_64-linux-gnu/libpthread.so.0
7fec9df8c000-7fec9df8d000 r--p 00002000 08:14 2920886                    /usr/lib/x86_64-linux-gnu/libpthread.so.0
7fec9df8d000-7fec9df8e000 r--p 00002000 08:14 2920886                    /usr/lib/x86_64-linux-gnu/libpthread.so.0
7fec9df8e000-7fec9df8f000 rw-p 00003000 08:14 2920886                    /usr/lib/x86_64-linux-gnu/libpthread.so.0
7fec9df8f000-7fec9df92000 r--p 00000000 08:14 524371                     /tmp/jogamp_0000/file_cache/jln8656790016572035723/jln6975260917394702879/natives/linux-amd64/libnativewindow_x11.so
7fec9df92000-7fec9df96000 r-xp 00003000 08:14 524371                     /tmp/jogamp_0000/file_cache/jln8656790016572035723/jln6975260917394702879/natives/linux-amd64/libnativewindow_x11.so
7fec9df96000-7fec9df98000 r--p 00007000 08:14 524371                     /tmp/jogamp_0000/file_cache/jln8656790016572035723/jln6975260917394702879/natives/linux-amd64/libnativewindow_x11.so
7fec9df98000-7fec9df99000 r--p 00008000 08:14 524371                     /tmp/jogamp_0000/file_cache/jln8656790016572035723/jln6975260917394702879/natives/linux-amd64/libnativewindow_x11.so
7fec9df99000-7fec9df9a000 rw-p 00009000 08:14 524371                     /tmp/jogamp_0000/file_cache/jln8656790016572035723/jln6975260917394702879/natives/linux-amd64/libnativewindow_x11.so
7fec9df9a000-7fec9df9b000 r--p 00000000 08:14 524367                     /tmp/jogamp_0000/file_cache/jln8656790016572035723/jln6975260917394702879/natives/linux-amd64/libnativewindow_awt.so
7fec9df9b000-7fec9df9c000 r-xp 00001000 08:14 524367                     /tmp/jogamp_0000/file_cache/jln8656790016572035723/jln6975260917394702879/natives/linux-amd64/libnativewindow_awt.so
7fec9df9c000-7fec9df9d000 r--p 00002000 08:14 524367                     /tmp/jogamp_0000/file_cache/jln8656790016572035723/jln6975260917394702879/natives/linux-amd64/libnativewindow_awt.so
7fec9df9d000-7fec9df9e000 r--p 00002000 08:14 524367                     /tmp/jogamp_0000/file_cache/jln8656790016572035723/jln6975260917394702879/natives/linux-amd64/libnativewindow_awt.so
7fec9df9e000-7fec9df9f000 rw-p 00003000 08:14 524367                     /tmp/jogamp_0000/file_cache/jln8656790016572035723/jln6975260917394702879/natives/linux-amd64/libnativewindow_awt.so
7fec9df9f000-7fec9dfa0000 r--p 00000000 08:14 3409281                    /usr/lib/jvm/java-21-openjdk-amd64/lib/libjawt.so
7fec9dfa0000-7fec9dfa1000 r-xp 00001000 08:14 3409281                    /usr/lib/jvm/java-21-openjdk-amd64/lib/libjawt.so
7fec9dfa1000-7fec9dfa2000 r--p 00002000 08:14 3409281                    /usr/lib/jvm/java-21-openjdk-amd64/lib/libjawt.so
7fec9dfa2000-7fec9dfa3000 r--p 00002000 08:14 3409281                    /usr/lib/jvm/java-21-openjdk-amd64/lib/libjawt.so
7fec9dfa3000-7fec9dfa4000 rw-p 00003000 08:14 3409281                    /usr/lib/jvm/java-21-openjdk-amd64/lib/libjawt.so
7fec9dfa4000-7fec9dfa6000 r--p 00000000 08:14 524363                     /tmp/jogamp_0000/file_cache/jln8656790016572035723/jln6975260917394702879/natives/linux-amd64/libgluegen_rt.so
7fec9dfa6000-7fec9dfa7000 r-xp 00002000 08:14 524363                     /tmp/jogamp_0000/file_cache/jln8656790016572035723/jln6975260917394702879/natives/linux-amd64/libgluegen_rt.so
7fec9dfa7000-7fec9dfa8000 r--p 00003000 08:14 524363                     /tmp/jogamp_0000/file_cache/jln8656790016572035723/jln6975260917394702879/natives/linux-amd64/libgluegen_rt.so
7fec9dfa8000-7fec9dfa9000 r--p 00003000 08:14 524363                     /tmp/jogamp_0000/file_cache/jln8656790016572035723/jln6975260917394702879/natives/linux-amd64/libgluegen_rt.so
7fec9dfa9000-7fec9dfaa000 rw-p 00004000 08:14 524363                     /tmp/jogamp_0000/file_cache/jln8656790016572035723/jln6975260917394702879/natives/linux-amd64/libgluegen_rt.so
7fec9dfaa000-7fec9dfac000 r--p 00000000 08:14 2895374                    /usr/lib/x86_64-linux-gnu/libmd.so.0.1.0
7fec9dfac000-7fec9dfb5000 r-xp 00002000 08:14 2895374                    /usr/lib/x86_64-linux-gnu/libmd.so.0.1.0
7fec9dfb5000-7fec9dfb7000 r--p 0000b000 08:14 2895374                    /usr/lib/x86_64-linux-gnu/libmd.so.0.1.0
7fec9dfb7000-7fec9dfb8000 r--p 0000c000 08:14 2895374                    /usr/lib/x86_64-linux-gnu/libmd.so.0.1.0
7fec9dfb8000-7fec9dfb9000 rw-p 0000d000 08:14 2895374                    /usr/lib/x86_64-linux-gnu/libmd.so.0.1.0
7fec9dfb9000-7fec9dfbd000 r--p 00000000 08:14 2895053                    /usr/lib/x86_64-linux-gnu/libbsd.so.0.12.1
7fec9dfbd000-7fec9dfc9000 r-xp 00004000 08:14 2895053                    /usr/lib/x86_64-linux-gnu/libbsd.so.0.12.1
7fec9dfc9000-7fec9dfcc000 r--p 00010000 08:14 2895053                    /usr/lib/x86_64-linux-gnu/libbsd.so.0.12.1
7fec9dfcc000-7fec9dfcd000 r--p 00012000 08:14 2895053                    /usr/lib/x86_64-linux-gnu/libbsd.so.0.12.1
7fec9dfcd000-7fec9dfce000 rw-p 00013000 08:14 2895053                    /usr/lib/x86_64-linux-gnu/libbsd.so.0.12.1
7fec9dfce000-7fec9dfcf000 rw-p 00000000 00:00 0 
7fec9dfcf000-7fec9dfd1000 r--p 00000000 08:14 2894911                    /usr/lib/x86_64-linux-gnu/libXdmcp.so.6.0.0
7fec9dfd1000-7fec9dfd3000 r-xp 00002000 08:14 2894911                    /usr/lib/x86_64-linux-gnu/libXdmcp.so.6.0.0
7fec9dfd3000-7fec9dfd5000 r--p 00004000 08:14 2894911                    /usr/lib/x86_64-linux-gnu/libXdmcp.so.6.0.0
7fec9dfd5000-7fec9dfd6000 r--p 00005000 08:14 2894911                    /usr/lib/x86_64-linux-gnu/libXdmcp.so.6.0.0
7fec9dfd6000-7fec9dfd7000 rw-p 00006000 08:14 2894911                    /usr/lib/x86_64-linux-gnu/libXdmcp.so.6.0.0
7fec9dfd7000-7fec9dfe2000 r--p 00000000 08:14 2895701                    /usr/lib/x86_64-linux-gnu/libxcb.so.1.1.0
7fec9dfe2000-7fec9dff5000 r-xp 0000b000 08:14 2895701                    /usr/lib/x86_64-linux-gnu/libxcb.so.1.1.0
7fec9dff5000-7fec9dffe000 r--p 0001e000 08:14 2895701                    /usr/lib/x86_64-linux-gnu/libxcb.so.1.1.0
7fec9dffe000-7fec9dfff000 r--p 00026000 08:14 2895701                    /usr/lib/x86_64-linux-gnu/libxcb.so.1.1.0
7fec9dfff000-7fec9e000000 rw-p 00027000 08:14 2895701                    /usr/lib/x86_64-linux-gnu/libxcb.so.1.1.0
7fec9e000000-7feca005c000 rw-p 00000000 00:00 0 
7feca005c000-7feca4000000 ---p 00000000 00:00 0 
7feca4000000-7feca4526000 rw-p 00000000 00:00 0 
7feca4526000-7feca8000000 ---p 00000000 00:00 0 
7feca8000000-7feca8021000 rw-p 00000000 00:00 0 
7feca8021000-7fecac000000 ---p 00000000 00:00 0 
7fecac000000-7fecac001000 rw-s 00000000 00:01 40587                      /memfd:xshmfence (deleted)
7fecac001000-7fecac002000 rw-s 100938000 00:10 1059                      anon_inode:i915.gem
7fecac002000-7fecac003000 r--p 00000000 08:14 2894917                    /usr/lib/x86_64-linux-gnu/libXinerama.so.1.0.0
7fecac003000-7fecac004000 r-xp 00001000 08:14 2894917                    /usr/lib/x86_64-linux-gnu/libXinerama.so.1.0.0
7fecac004000-7fecac005000 r--p 00002000 08:14 2894917                    /usr/lib/x86_64-linux-gnu/libXinerama.so.1.0.0
7fecac005000-7fecac006000 r--p 00002000 08:14 2894917                    /usr/lib/x86_64-linux-gnu/libXinerama.so.1.0.0
7fecac006000-7fecac007000 rw-p 00003000 08:14 2894917                    /usr/lib/x86_64-linux-gnu/libXinerama.so.1.0.0
7fecac007000-7fecac008000 r--p 00000000 08:14 2894906                    /usr/lib/x86_64-linux-gnu/libXau.so.6.0.0
7fecac008000-7fecac00a000 r-xp 00001000 08:14 2894906                    /usr/lib/x86_64-linux-gnu/libXau.so.6.0.0
7fecac00a000-7fecac00b000 r--p 00003000 08:14 2894906                    /usr/lib/x86_64-linux-gnu/libXau.so.6.0.0
7fecac00b000-7fecac00c000 r--p 00003000 08:14 2894906                    /usr/lib/x86_64-linux-gnu/libXau.so.6.0.0
7fecac00c000-7fecac00d000 rw-p 00004000 08:14 2894906                    /usr/lib/x86_64-linux-gnu/libXau.so.6.0.0
7fecac00d000-7fecac010000 r--p 00000000 08:14 2894916                    /usr/lib/x86_64-linux-gnu/libXi.so.6.1.0
7fecac010000-7fecac01c000 r-xp 00003000 08:14 2894916                    /usr/lib/x86_64-linux-gnu/libXi.so.6.1.0
7fecac01c000-7fecac01e000 r--p 0000f000 08:14 2894916                    /usr/lib/x86_64-linux-gnu/libXi.so.6.1.0
7fecac01e000-7fecac01f000 r--p 00011000 08:14 2894916                    /usr/lib/x86_64-linux-gnu/libXi.so.6.1.0
7fecac01f000-7fecac020000 rw-p 00012000 08:14 2894916                    /usr/lib/x86_64-linux-gnu/libXi.so.6.1.0
7fecac020000-7fecac022000 r--p 00000000 08:14 2894925                    /usr/lib/x86_64-linux-gnu/libXtst.so.6.1.0
7fecac022000-7fecac025000 r-xp 00002000 08:14 2894925                    /usr/lib/x86_64-linux-gnu/libXtst.so.6.1.0
7fecac025000-7fecac026000 r--p 00005000 08:14 2894925                    /usr/lib/x86_64-linux-gnu/libXtst.so.6.1.0
7fecac026000-7fecac027000 r--p 00005000 08:14 2894925                    /usr/lib/x86_64-linux-gnu/libXtst.so.6.1.0
7fecac027000-7fecac028000 rw-p 00006000 08:14 2894925                    /usr/lib/x86_64-linux-gnu/libXtst.so.6.1.0
7fecac028000-7fecac02a000 r--p 00000000 08:14 2894922                    /usr/lib/x86_64-linux-gnu/libXrender.so.1.3.0
7fecac02a000-7fecac031000 r-xp 00002000 08:14 2894922                    /usr/lib/x86_64-linux-gnu/libXrender.so.1.3.0
7fecac031000-7fecac032000 r--p 00009000 08:14 2894922                    /usr/lib/x86_64-linux-gnu/libXrender.so.1.3.0
7fecac032000-7fecac033000 r--p 00009000 08:14 2894922                    /usr/lib/x86_64-linux-gnu/libXrender.so.1.3.0
7fecac033000-7fecac034000 rw-p 0000a000 08:14 2894922                    /usr/lib/x86_64-linux-gnu/libXrender.so.1.3.0
7fecac034000-7fecac038000 r--p 00000000 08:14 2894912                    /usr/lib/x86_64-linux-gnu/libXext.so.6.4.0
7fecac038000-7fecac043000 r-xp 00004000 08:14 2894912                    /usr/lib/x86_64-linux-gnu/libXext.so.6.4.0
7fecac043000-7fecac046000 r--p 0000f000 08:14 2894912                    /usr/lib/x86_64-linux-gnu/libXext.so.6.4.0
7fecac046000-7fecac047000 r--p 00011000 08:14 2894912                    /usr/lib/x86_64-linux-gnu/libXext.so.6.4.0
7fecac047000-7fecac048000 rw-p 00012000 08:14 2894912                    /usr/lib/x86_64-linux-gnu/libXext.so.6.4.0
7fecac048000-7fecac049000 rw-s 00000000 00:01 45302                      /memfd:xshmfence (deleted)
7fecac049000-7fecac04a000 rw-s 1004aa000 00:10 1059                      anon_inode:i915.gem
7fecac04a000-7fecac04b000 r--p 00000000 08:14 2895051                    /usr/lib/x86_64-linux-gnu/libbrotlidec.so.1.1.0
7fecac04b000-7fecac053000 r-xp 00001000 08:14 2895051                    /usr/lib/x86_64-linux-gnu/libbrotlidec.so.1.1.0
7fecac053000-7fecac056000 r--p 00009000 08:14 2895051                    /usr/lib/x86_64-linux-gnu/libbrotlidec.so.1.1.0
7fecac056000-7fecac057000 r--p 0000b000 08:14 2895051                    /usr/lib/x86_64-linux-gnu/libbrotlidec.so.1.1.0
7fecac057000-7fecac058000 rw-p 0000c000 08:14 2895051                    /usr/lib/x86_64-linux-gnu/libbrotlidec.so.1.1.0
7fecac058000-7fecac05b000 r--p 00000000 08:14 3409337                    /usr/lib/jvm/java-21-openjdk-amd64/lib/libfontmanager.so
7fecac05b000-7fecac064000 r-xp 00003000 08:14 3409337                    /usr/lib/jvm/java-21-openjdk-amd64/lib/libfontmanager.so
7fecac064000-7fecac066000 r--p 0000c000 08:14 3409337                    /usr/lib/jvm/java-21-openjdk-amd64/lib/libfontmanager.so
7fecac066000-7fecac067000 r--p 0000d000 08:14 3409337                    /usr/lib/jvm/java-21-openjdk-amd64/lib/libfontmanager.so
7fecac067000-7fecac068000 rw-p 0000e000 08:14 3409337                    /usr/lib/jvm/java-21-openjdk-amd64/lib/libfontmanager.so
7fecac068000-7fecac07b000 r--p 00000000 08:14 3409280                    /usr/lib/jvm/java-21-openjdk-amd64/lib/libawt_xawt.so
7fecac07b000-7fecac0c2000 r-xp 00013000 08:14 3409280                    /usr/lib/jvm/java-21-openjdk-amd64/lib/libawt_xawt.so
7fecac0c2000-7fecac0da000 r--p 0005a000 08:14 3409280                    /usr/lib/jvm/java-21-openjdk-amd64/lib/libawt_xawt.so
7fecac0da000-7fecac0e0000 r--p 00071000 08:14 3409280                    /usr/lib/jvm/java-21-openjdk-amd64/lib/libawt_xawt.so
7fecac0e0000-7fecac0e2000 rw-p 00077000 08:14 3409280                    /usr/lib/jvm/java-21-openjdk-amd64/lib/libawt_xawt.so
7fecac0e2000-7fecac0e4000 rw-p 00000000 00:00 0 
7fecac0e4000-7fecac0eb000 r--p 00000000 08:14 3409358                    /usr/lib/jvm/java-21-openjdk-amd64/lib/libnio.so
7fecac0eb000-7fecac0f4000 r-xp 00007000 08:14 3409358                    /usr/lib/jvm/java-21-openjdk-amd64/lib/libnio.so
7fecac0f4000-7fecac0f8000 r--p 00010000 08:14 3409358                    /usr/lib/jvm/java-21-openjdk-amd64/lib/libnio.so
7fecac0f8000-7fecac0f9000 r--p 00014000 08:14 3409358                    /usr/lib/jvm/java-21-openjdk-amd64/lib/libnio.so
7fecac0f9000-7fecac0fa000 rw-p 00015000 08:14 3409358                    /usr/lib/jvm/java-21-openjdk-amd64/lib/libnio.so
7fecac0fa000-7fecac0fe000 ---p 00000000 00:00 0 
7fecac0fe000-7fecac1fa000 rw-p 00000000 00:00 0 
7fecac1fa000-7fecac1fb000 ---p 00000000 00:00 0 
7fecac1fb000-7fecac2fb000 rw-p 00000000 00:00 0 
7fecac2fb000-7fecac2fc000 ---p 00000000 00:00 0 
7fecac2fc000-7fecac3fc000 rw-p 00000000 00:00 0 
7fecac3fc000-7fecac3fd000 ---p 00000000 00:00 0 
7fecac3fd000-7fecac4fd000 rw-p 00000000 00:00 0 
7fecac4fd000-7fecac4fe000 ---p 00000000 00:00 0 
7fecac4fe000-7fecac5fe000 rw-p 00000000 00:00 0 
7fecac5fe000-7fecac800000 rw-p 00000000 00:00 0 
7fecac800000-7fecacd60000 rwxp 00000000 00:00 0 
7fecacd60000-7fecb3d37000 ---p 00000000 00:00 0 
7fecb3d37000-7fecb3fa7000 rwxp 00000000 00:00 0 
7fecb3fa7000-7fecb42c9000 ---p 00000000 00:00 0 
7fecb42c9000-7fecb4539000 rwxp 00000000 00:00 0 
7fecb4539000-7fecbb800000 ---p 00000000 00:00 0 
7fecbb800000-7fecc3e2a000 r--s 00000000 08:14 3409366                    /usr/lib/jvm/java-21-openjdk-amd64/lib/modules
7fecc3e2a000-7fecc3e2b000 rw-s 105cf1000 00:10 1059                      anon_inode:i915.gem
7fecc3e2b000-7fecc3e2c000 rw-s 105cf0000 00:10 1059                      anon_inode:i915.gem
7fecc3e2c000-7fecc3e2d000 rw-s 105cef000 00:10 1059                      anon_inode:i915.gem
7fecc3e2d000-7fecc3e2e000 rw-s 100bed000 00:10 1059                      anon_inode:i915.gem
7fecc3e2e000-7fecc3e33000 r--p 00000000 08:14 3409350                    /usr/lib/jvm/java-21-openjdk-amd64/lib/libjsvml.so
7fecc3e33000-7fecc3e74000 r-xp 00005000 08:14 3409350                    /usr/lib/jvm/java-21-openjdk-amd64/lib/libjsvml.so
7fecc3e74000-7fecc3efd000 r--p 00046000 08:14 3409350                    /usr/lib/jvm/java-21-openjdk-amd64/lib/libjsvml.so
7fecc3efd000-7fecc3efe000 r--p 000ce000 08:14 3409350                    /usr/lib/jvm/java-21-openjdk-amd64/lib/libjsvml.so
7fecc3efe000-7fecc3eff000 rw-p 000cf000 08:14 3409350                    /usr/lib/jvm/java-21-openjdk-amd64/lib/libjsvml.so
7fecc3eff000-7fecc4746000 rw-p 00000000 00:00 0 
7fecc4746000-7fecc8000000 ---p 00000000 00:00 0 
7fecc8000000-7fecc85e1000 rw-p 00000000 00:00 0 
7fecc85e1000-7fecc85e2000 ---p 00000000 00:00 0 
7fecc85e2000-7fecc86e2000 rw-p 00000000 00:00 0 
7fecc86e2000-7fecc86e3000 ---p 00000000 00:00 0 
7fecc86e3000-7fecc87e3000 rw-p 00000000 00:00 0 
7fecc87e3000-7fecc87e4000 ---p 00000000 00:00 0 
7fecc87e4000-7fecc88e4000 rw-p 00000000 00:00 0 
7fecc88e4000-7fecc8b48000 rw-p 00000000 00:00 0 
7fecc8b48000-7fecca768000 ---p 00000000 00:00 0 
7fecca768000-7fecca7c9000 rw-p 00000000 00:00 0 
7fecca7c9000-7feccab4c000 ---p 00000000 00:00 0 
7feccab4c000-7feccab9c000 rw-p 00000000 00:00 0 
7feccab9c000-7feccaf1f000 ---p 00000000 00:00 0 
7feccaf1f000-7feccb72f000 rw-p 00000000 00:00 0 
7feccb72f000-7feccb815000 ---p 00000000 00:00 0 
7feccb815000-7feccb820000 rw-p 00000000 00:00 0 
7feccb820000-7feccb900000 ---p 00000000 00:00 0 
7feccb900000-7feccb904000 ---p 00000000 00:00 0 
7feccb904000-7feccba00000 rw-p 00000000 00:00 0 
7feccba00000-7feccba9d000 r--p 00000000 08:14 2895584                    /usr/lib/x86_64-linux-gnu/libstdc++.so.6.0.33
7feccba9d000-7feccbbe5000 r-xp 0009d000 08:14 2895584                    /usr/lib/x86_64-linux-gnu/libstdc++.so.6.0.33
7feccbbe5000-7feccbc6c000 r--p 001e5000 08:14 2895584                    /usr/lib/x86_64-linux-gnu/libstdc++.so.6.0.33
7feccbc6c000-7feccbc77000 r--p 0026b000 08:14 2895584                    /usr/lib/x86_64-linux-gnu/libstdc++.so.6.0.33
7feccbc77000-7feccbc7a000 rw-p 00276000 08:14 2895584                    /usr/lib/x86_64-linux-gnu/libstdc++.so.6.0.33
7feccbc7a000-7feccbc7e000 rw-p 00000000 00:00 0 
7feccbc7e000-7feccbc81000 r--p 00000000 08:14 3409357                    /usr/lib/jvm/java-21-openjdk-amd64/lib/libnet.so
7feccbc81000-7feccbc89000 r-xp 00003000 08:14 3409357                    /usr/lib/jvm/java-21-openjdk-amd64/lib/libnet.so
7feccbc89000-7feccbc8b000 r--p 0000b000 08:14 3409357                    /usr/lib/jvm/java-21-openjdk-amd64/lib/libnet.so
7feccbc8b000-7feccbc8c000 r--p 0000c000 08:14 3409357                    /usr/lib/jvm/java-21-openjdk-amd64/lib/libnet.so
7feccbc8c000-7feccbc8d000 rw-p 0000d000 08:14 3409357                    /usr/lib/jvm/java-21-openjdk-amd64/lib/libnet.so
7feccbc8d000-7feccbc8f000 r--p 00000000 08:14 3409365                    /usr/lib/jvm/java-21-openjdk-amd64/lib/libzip.so
7feccbc8f000-7feccbc94000 r-xp 00002000 08:14 3409365                    /usr/lib/jvm/java-21-openjdk-amd64/lib/libzip.so
7feccbc94000-7feccbc96000 r--p 00007000 08:14 3409365                    /usr/lib/jvm/java-21-openjdk-amd64/lib/libzip.so
7feccbc96000-7feccbc97000 r--p 00008000 08:14 3409365                    /usr/lib/jvm/java-21-openjdk-amd64/lib/libzip.so
7feccbc97000-7feccbc98000 rw-p 00009000 08:14 3409365                    /usr/lib/jvm/java-21-openjdk-amd64/lib/libzip.so
7feccbc98000-7feccbd17000 rw-p 00000000 00:00 0 
7feccbd17000-7feccbd27000 r--p 00000000 08:14 2920876                    /usr/lib/x86_64-linux-gnu/libm.so.6
7feccbd27000-7feccbda6000 r-xp 00010000 08:14 2920876                    /usr/lib/x86_64-linux-gnu/libm.so.6
7feccbda6000-7feccbdfe000 r--p 0008f000 08:14 2920876                    /usr/lib/x86_64-linux-gnu/libm.so.6
7feccbdfe000-7feccbdff000 r--p 000e7000 08:14 2920876                    /usr/lib/x86_64-linux-gnu/libm.so.6
7feccbdff000-7feccbe00000 rw-p 000e8000 08:14 2920876                    /usr/lib/x86_64-linux-gnu/libm.so.6
7feccbe00000-7feccc0a2000 r--p 00000000 08:14 3409370                    /usr/lib/jvm/java-21-openjdk-amd64/lib/server/libjvm.so
7feccc0a2000-7fecccf17000 r-xp 002a2000 08:14 3409370                    /usr/lib/jvm/java-21-openjdk-amd64/lib/server/libjvm.so
7fecccf17000-7feccd1f1000 r--p 01117000 08:14 3409370                    /usr/lib/jvm/java-21-openjdk-amd64/lib/server/libjvm.so
7feccd1f1000-7feccd2c5000 r--p 013f0000 08:14 3409370                    /usr/lib/jvm/java-21-openjdk-amd64/lib/server/libjvm.so
7feccd2c5000-7feccd2f5000 rw-p 014c4000 08:14 3409370                    /usr/lib/jvm/java-21-openjdk-amd64/lib/server/libjvm.so
7feccd2f5000-7feccd35b000 rw-p 00000000 00:00 0 
7feccd35b000-7feccd35c000 rw-s 100bec000 00:10 1059                      anon_inode:i915.gem
7feccd35c000-7feccd35d000 r--p 00000000 08:14 3409336                    /usr/lib/jvm/java-21-openjdk-amd64/lib/libextnet.so
7feccd35d000-7feccd35e000 r-xp 00001000 08:14 3409336                    /usr/lib/jvm/java-21-openjdk-amd64/lib/libextnet.so
7feccd35e000-7feccd35f000 r--p 00002000 08:14 3409336                    /usr/lib/jvm/java-21-openjdk-amd64/lib/libextnet.so
7feccd35f000-7feccd360000 r--p 00002000 08:14 3409336                    /usr/lib/jvm/java-21-openjdk-amd64/lib/libextnet.so
7feccd360000-7feccd361000 rw-p 00003000 08:14 3409336                    /usr/lib/jvm/java-21-openjdk-amd64/lib/libextnet.so
7feccd361000-7feccd3a7000 rw-p 00000000 00:00 0 
7feccd3a7000-7feccd3ae000 ---p 00000000 00:00 0 
7feccd3ae000-7feccd3bb000 r--p 00000000 08:14 3409343                    /usr/lib/jvm/java-21-openjdk-amd64/lib/libjava.so
7feccd3bb000-7feccd3ca000 r-xp 0000d000 08:14 3409343                    /usr/lib/jvm/java-21-openjdk-amd64/lib/libjava.so
7feccd3ca000-7feccd3cf000 r--p 0001c000 08:14 3409343                    /usr/lib/jvm/java-21-openjdk-amd64/lib/libjava.so
7feccd3cf000-7feccd3d0000 r--p 00021000 08:14 3409343                    /usr/lib/jvm/java-21-openjdk-amd64/lib/libjava.so
7feccd3d0000-7feccd3d1000 rw-p 00022000 08:14 3409343                    /usr/lib/jvm/java-21-openjdk-amd64/lib/libjava.so
7feccd3d1000-7feccd3d2000 rw-p 00000000 00:00 0 
7feccd3d2000-7feccd3d6000 r--p 00000000 08:14 2895190                    /usr/lib/x86_64-linux-gnu/libgcc_s.so.1
7feccd3d6000-7feccd3fa000 r-xp 00004000 08:14 2895190                    /usr/lib/x86_64-linux-gnu/libgcc_s.so.1
7feccd3fa000-7feccd3fe000 r--p 00028000 08:14 2895190                    /usr/lib/x86_64-linux-gnu/libgcc_s.so.1
7feccd3fe000-7feccd3ff000 r--p 0002b000 08:14 2895190                    /usr/lib/x86_64-linux-gnu/libgcc_s.so.1
7feccd3ff000-7feccd400000 rw-p 0002c000 08:14 2895190                    /usr/lib/x86_64-linux-gnu/libgcc_s.so.1
7feccd400000-7feccd428000 r--p 00000000 08:14 2920873                    /usr/lib/x86_64-linux-gnu/libc.so.6
7feccd428000-7feccd5b0000 r-xp 00028000 08:14 2920873                    /usr/lib/x86_64-linux-gnu/libc.so.6
7feccd5b0000-7feccd5ff000 r--p 001b0000 08:14 2920873                    /usr/lib/x86_64-linux-gnu/libc.so.6
7feccd5ff000-7feccd603000 r--p 001fe000 08:14 2920873                    /usr/lib/x86_64-linux-gnu/libc.so.6
7feccd603000-7feccd605000 rw-p 00202000 08:14 2920873                    /usr/lib/x86_64-linux-gnu/libc.so.6
7feccd605000-7feccd612000 rw-p 00000000 00:00 0 
7feccd612000-7feccd613000 r--p 00000000 00:00 0 
7feccd613000-7feccd615000 rw-p 00000000 00:00 0 
7feccd615000-7feccd617000 r--p 00000000 08:14 3409347                    /usr/lib/jvm/java-21-openjdk-amd64/lib/libjli.so
7feccd617000-7feccd621000 r-xp 00002000 08:14 3409347                    /usr/lib/jvm/java-21-openjdk-amd64/lib/libjli.so
7feccd621000-7feccd624000 r--p 0000c000 08:14 3409347                    /usr/lib/jvm/java-21-openjdk-amd64/lib/libjli.so
7feccd624000-7feccd625000 r--p 0000f000 08:14 3409347                    /usr/lib/jvm/java-21-openjdk-amd64/lib/libjli.so
7feccd625000-7feccd626000 rw-p 00010000 08:14 3409347                    /usr/lib/jvm/java-21-openjdk-amd64/lib/libjli.so
7feccd626000-7feccd628000 r--p 00000000 08:14 2895716                    /usr/lib/x86_64-linux-gnu/libz.so.1.3
7feccd628000-7feccd63a000 r-xp 00002000 08:14 2895716                    /usr/lib/x86_64-linux-gnu/libz.so.1.3
7feccd63a000-7feccd640000 r--p 00014000 08:14 2895716                    /usr/lib/x86_64-linux-gnu/libz.so.1.3
7feccd640000-7feccd641000 r--p 0001a000 08:14 2895716                    /usr/lib/x86_64-linux-gnu/libz.so.1.3
7feccd641000-7feccd642000 rw-p 0001b000 08:14 2895716                    /usr/lib/x86_64-linux-gnu/libz.so.1.3
7feccd642000-7feccd64a000 rw-s 00000000 08:14 526327                     /tmp/hsperfdata_hazemzooma/50388
7feccd64a000-7feccd64c000 r--p 00000000 08:14 3409338                    /usr/lib/jvm/java-21-openjdk-amd64/lib/libinstrument.so
7feccd64c000-7feccd652000 r-xp 00002000 08:14 3409338                    /usr/lib/jvm/java-21-openjdk-amd64/lib/libinstrument.so
7feccd652000-7feccd655000 r--p 00008000 08:14 3409338                    /usr/lib/jvm/java-21-openjdk-amd64/lib/libinstrument.so
7feccd655000-7feccd656000 r--p 0000a000 08:14 3409338                    /usr/lib/jvm/java-21-openjdk-amd64/lib/libinstrument.so
7feccd656000-7feccd657000 rw-p 0000b000 08:14 3409338                    /usr/lib/jvm/java-21-openjdk-amd64/lib/libinstrument.so
7feccd657000-7feccd658000 ---p 00000000 00:00 0 
7feccd658000-7feccd659000 r--p 00000000 00:00 0 
7feccd659000-7feccd65a000 ---p 00000000 00:00 0 
7feccd65a000-7feccd65c000 r--p 00000000 08:14 3409346                    /usr/lib/jvm/java-21-openjdk-amd64/lib/libjimage.so
7feccd65c000-7feccd65f000 r-xp 00002000 08:14 3409346                    /usr/lib/jvm/java-21-openjdk-amd64/lib/libjimage.so
7feccd65f000-7feccd660000 r--p 00005000 08:14 3409346                    /usr/lib/jvm/java-21-openjdk-amd64/lib/libjimage.so
7feccd660000-7feccd661000 r--p 00006000 08:14 3409346                    /usr/lib/jvm/java-21-openjdk-amd64/lib/libjimage.so
7feccd661000-7feccd662000 rw-p 00007000 08:14 3409346                    /usr/lib/jvm/java-21-openjdk-amd64/lib/libjimage.so
7feccd662000-7feccd664000 rw-p 00000000 00:00 0 
7feccd664000-7feccd666000 r--p 00000000 00:00 0                          [vvar]
7feccd666000-7feccd668000 r--p 00000000 00:00 0                          [vvar_vclock]
7feccd668000-7feccd66a000 r-xp 00000000 00:00 0                          [vdso]
7feccd66a000-7feccd66b000 r--p 00000000 08:14 2920870                    /usr/lib/x86_64-linux-gnu/ld-linux-x86-64.so.2
7feccd66b000-7feccd696000 r-xp 00001000 08:14 2920870                    /usr/lib/x86_64-linux-gnu/ld-linux-x86-64.so.2
7feccd696000-7feccd6a0000 r--p 0002c000 08:14 2920870                    /usr/lib/x86_64-linux-gnu/ld-linux-x86-64.so.2
7feccd6a0000-7feccd6a2000 r--p 00036000 08:14 2920870                    /usr/lib/x86_64-linux-gnu/ld-linux-x86-64.so.2
7feccd6a2000-7feccd6a4000 rw-p 00038000 08:14 2920870                    /usr/lib/x86_64-linux-gnu/ld-linux-x86-64.so.2
7ffec78af000-7ffec78d0000 rw-p 00000000 00:00 0                          [stack]
ffffffffff600000-ffffffffff601000 --xp 00000000 00:00 0                  [vsyscall]
Total number of mappings: 2914

JVMTI agents:
/snap/intellij-idea-ultimate/682/lib/idea_rt.jar path:none, loaded, initialized, instrumentlib options:37229


VM Arguments:
jvm_args: -javaagent:/snap/intellij-idea-ultimate/682/lib/idea_rt.jar=37229 -Dfile.encoding=UTF-8 -Dsun.stdout.encoding=UTF-8 -Dsun.stderr.encoding=UTF-8 
java_command: chickenEggs.chickenEggsGame
java_class_path (initial): /mnt/storage/Downloads/chickenEgg1/out/production/team project:/mnt/storage/Downloads/Jogl-2.6.0/gluegen-rt-natives-linux-amd64.jar:/mnt/storage/Downloads/Jogl-2.6.0/gluegen-rt.jar:/mnt/storage/Downloads/Jogl-2.6.0/jogl-all-natives-linux-amd64.jar:/mnt/storage/Downloads/Jogl-2.6.0/jogl-all.jar
Launcher Type: SUN_STANDARD

[Global flags]
     intx CICompilerCount                          = 4                                         {product} {ergonomic}
     uint ConcGCThreads                            = 2                                         {product} {ergonomic}
     uint G1ConcRefinementThreads                  = 8                                         {product} {ergonomic}
   size_t G1HeapRegionSize                         = 1048576                                   {product} {ergonomic}
    uintx GCDrainStackTargetSize                   = 64                                        {product} {ergonomic}
   size_t InitialHeapSize                          = 130023424                                 {product} {ergonomic}
   size_t MarkStackSize                            = 4194304                                   {product} {ergonomic}
   size_t MaxHeapSize                              = 2053111808                                {product} {ergonomic}
   size_t MaxNewSize                               = 1231028224                                {product} {ergonomic}
   size_t MinHeapDeltaBytes                        = 1048576                                   {product} {ergonomic}
   size_t MinHeapSize                              = 8388608                                   {product} {ergonomic}
    uintx NonNMethodCodeHeapSize                   = 5839372                                {pd product} {ergonomic}
    uintx NonProfiledCodeHeapSize                  = 122909434                              {pd product} {ergonomic}
    uintx ProfiledCodeHeapSize                     = 122909434                              {pd product} {ergonomic}
    uintx ReservedCodeCacheSize                    = 251658240                              {pd product} {ergonomic}
     bool SegmentedCodeCache                       = true                                      {product} {ergonomic}
   size_t SoftMaxHeapSize                          = 2053111808                             {manageable} {ergonomic}
     bool UseCompressedOops                        = true                           {product lp64_product} {ergonomic}
     bool UseG1GC                                  = true                                      {product} {ergonomic}

Logging:
Log output configuration:
 #0: stdout all=warning uptime,level,tags foldmultilines=false
 #1: stderr all=off uptime,level,tags foldmultilines=false

Environment Variables:
PATH=/usr/local/sbin:/usr/local/bin:/usr/sbin:/usr/bin:/sbin:/bin:/usr/games:/usr/local/games:/snap/bin:/snap/bin
USERNAME=hazemzooma
SHELL=/bin/bash
DISPLAY=:1
LANG=en_US.UTF-8

Active Locale:
LC_ALL=en_US.UTF-8
LC_COLLATE=en_US.UTF-8
LC_CTYPE=en_US.UTF-8
LC_MESSAGES=en_US.UTF-8
LC_MONETARY=en_US.UTF-8
LC_NUMERIC=en_US.UTF-8
LC_TIME=en_US.UTF-8

Signal Handlers:
   SIGSEGV: crash_handler in libjvm.so, mask=11100100010111111101111111111110, flags=SA_RESTART|SA_SIGINFO, unblocked
    SIGBUS: crash_handler in libjvm.so, mask=11100100010111111101111111111110, flags=SA_RESTART|SA_SIGINFO, unblocked
    SIGFPE: crash_handler in libjvm.so, mask=11100100010111111101111111111110, flags=SA_RESTART|SA_SIGINFO, unblocked
   SIGPIPE: javaSignalHandler in libjvm.so, mask=11100100010111111101111111111110, flags=SA_RESTART|SA_SIGINFO, blocked
   SIGXFSZ: javaSignalHandler in libjvm.so, mask=11100100010111111101111111111110, flags=SA_RESTART|SA_SIGINFO, blocked
    SIGILL: crash_handler in libjvm.so, mask=11100100010111111101111111111110, flags=SA_RESTART|SA_SIGINFO, unblocked
   SIGUSR2: SR_handler in libjvm.so, mask=00000000000000000000000000000000, flags=SA_RESTART|SA_SIGINFO, blocked
    SIGHUP: UserHandler in libjvm.so, mask=11100100010111111101111111111110, flags=SA_RESTART|SA_SIGINFO, blocked
    SIGINT: UserHandler in libjvm.so, mask=11100100010111111101111111111110, flags=SA_RESTART|SA_SIGINFO, blocked
   SIGTERM: UserHandler in libjvm.so, mask=11100100010111111101111111111110, flags=SA_RESTART|SA_SIGINFO, blocked
   SIGQUIT: UserHandler in libjvm.so, mask=11100100010111111101111111111110, flags=SA_RESTART|SA_SIGINFO, blocked
   SIGTRAP: crash_handler in libjvm.so, mask=11100100010111111101111111111110, flags=SA_RESTART|SA_SIGINFO, unblocked


Periodic native trim disabled

---------------  S Y S T E M  ---------------

OS:
DISTRIB_ID=Ubuntu
DISTRIB_RELEASE=24.04
DISTRIB_CODENAME=noble
DISTRIB_DESCRIPTION="Ubuntu 24.04.3 LTS"
uname: Linux 6.14.0-33-generic #33~24.04.1-Ubuntu SMP PREEMPT_DYNAMIC Fri Sep 19 17:02:30 UTC 2 x86_64
OS uptime: 0 days 2:38 hours
libc: glibc 2.39 NPTL 2.39 
rlimit (soft/hard): STACK 8192k/infinity , CORE 0k/infinity , NPROC 30535/30535 , NOFILE 1048576/1048576 , AS infinity/infinity , CPU infinity/infinity , DATA infinity/infinity , FSIZE infinity/infinity , MEMLOCK 1002228k/1002228k
load average: 10.57 5.42 4.81

/proc/meminfo:
MemTotal:        8017836 kB
MemFree:          473520 kB
MemAvailable:    1936256 kB
Buffers:           67912 kB
Cached:          2290136 kB
SwapCached:       158784 kB
Active:          4418336 kB
Inactive:        1609256 kB
Active(anon):    3468976 kB
Inactive(anon):   928764 kB
Active(file):     949360 kB
Inactive(file):   680492 kB
Unevictable:      641956 kB
Mlocked:            9896 kB
SwapTotal:       8696828 kB
SwapFree:        6727280 kB
Zswap:                 0 kB
Zswapped:              0 kB
Dirty:              2352 kB
Writeback:             0 kB
AnonPages:       4293872 kB
Mapped:           789128 kB
Shmem:            728176 kB
KReclaimable:     139268 kB
Slab:             466336 kB
SReclaimable:     139268 kB
SUnreclaim:       327068 kB
KernelStack:       29188 kB
PageTables:        61972 kB
SecPageTables:      2880 kB
NFS_Unstable:          0 kB
Bounce:                0 kB
WritebackTmp:          0 kB
CommitLimit:    12705744 kB
Committed_AS:   21125456 kB
VmallocTotal:   34359738367 kB
VmallocUsed:      224000 kB
VmallocChunk:          0 kB
Percpu:             8480 kB
HardwareCorrupted:     0 kB
AnonHugePages:         0 kB
ShmemHugePages:        0 kB
ShmemPmdMapped:        0 kB
FileHugePages:         0 kB
FilePmdMapped:         0 kB
Unaccepted:            0 kB
HugePages_Total:       0
HugePages_Free:        0
HugePages_Rsvd:        0
HugePages_Surp:        0
Hugepagesize:       2048 kB
Hugetlb:               0 kB
DirectMap4k:      542304 kB
DirectMap2M:     7735296 kB
DirectMap1G:           0 kB

/sys/kernel/mm/transparent_hugepage/enabled: always [madvise] never
/sys/kernel/mm/transparent_hugepage/hpage_pmd_size: 2097152
/sys/kernel/mm/transparent_hugepage/defrag (defrag/compaction efforts parameter): always defer defer+madvise [madvise] never

Process Memory:
Virtual Size: 12117480K (peak: 12117484K)
Resident Set Size: 543520K (peak: 543520K) (anon: 421124K, file: 110620K, shmem: 11776K)
Swapped out: 0K
C-Heap outstanding allocations: 216743K, retained: 51948K
glibc malloc tunables: (default)

/proc/sys/kernel/threads-max (system-wide limit on the number of threads): 61071
/proc/sys/vm/max_map_count (maximum number of memory map areas a process may have): 1048576
/proc/sys/vm/swappiness (control to define how aggressively the kernel swaps out anonymous memory): 60
/proc/sys/kernel/pid_max (system-wide limit on number of process identifiers): 4194304

container information not found.
Steal ticks since vm start: 0
Steal ticks percentage since vm start:  0.000

CPU: total 8 (initial active 8) (4 cores per cpu, 2 threads per core) family 6 model 142 stepping 10 microcode 0xf6, cx8, cmov, fxsr, ht, mmx, 3dnowpref, sse, sse2, sse3, ssse3, sse4.1, sse4.2, popcnt, lzcnt, tsc, tscinvbit, avx, avx2, aes, erms, clmul, bmi1, bmi2, adx, fma, vzeroupper, clflush, clflushopt, rdtscp, f16c
CPU Model and flags from /proc/cpuinfo:
model name	: Intel(R) Core(TM) i5-8250U CPU @ 1.60GHz
flags		: fpu vme de pse tsc msr pae mce cx8 apic sep mtrr pge mca cmov pat pse36 clflush dts acpi mmx fxsr sse sse2 ss ht tm pbe syscall nx pdpe1gb rdtscp lm constant_tsc art arch_perfmon pebs bts rep_good nopl xtopology nonstop_tsc cpuid aperfmperf pni pclmulqdq dtes64 monitor ds_cpl vmx est tm2 ssse3 sdbg fma cx16 xtpr pdcm pcid sse4_1 sse4_2 x2apic movbe popcnt tsc_deadline_timer aes xsave avx f16c rdrand lahf_lm abm 3dnowprefetch cpuid_fault epb pti ssbd ibrs ibpb stibp tpr_shadow flexpriority ept vpid ept_ad fsgsbase tsc_adjust bmi1 avx2 smep bmi2 erms invpcid mpx rdseed adx smap clflushopt intel_pt xsaveopt xsavec xgetbv1 xsaves dtherm ida arat pln pts hwp hwp_notify hwp_act_window hwp_epp vnmi md_clear flush_l1d arch_capabilities

Online cpus: 0-7
Offline cpus: 
BIOS frequency limitation: <Not Available>
Frequency switch latency (ns): 0
Available cpu frequencies: <Not Available>
Current governor: powersave
Core performance/turbo boost: <Not Available>

Memory: 4k page, physical 8017836k(1936256k free), swap 8696828k(6727280k free)
Page Sizes: 4k

vm_info: OpenJDK 64-Bit Server VM (21.0.8+9-Ubuntu-0ubuntu124.04.1) for linux-amd64 JRE (21.0.8+9-Ubuntu-0ubuntu124.04.1), built on 2025-07-16T21:55:59Z by "buildd" with gcc 13.3.0

END.
