#
# A fatal error has been detected by the Java Runtime Environment:
#
#  SIGSEGV (0xb) at pc=0x000077894f6e40db, pid=45065, tid=49340
#
# JRE version: OpenJDK Runtime Environment (21.0.8+9) (build 21.0.8+9-Ubuntu-0ubuntu124.04.1)
# Java VM: OpenJDK 64-Bit Server VM (21.0.8+9-Ubuntu-0ubuntu124.04.1, mixed mode, sharing, tiered, compressed oops, compressed class ptrs, g1 gc, linux-amd64)
# Problematic frame:
# C  [libpipewire-0.3.so.0+0x470db]
#
# Core dump will be written. Default location: Core dumps may be processed with "/usr/share/apport/apport -p%p -s%s -c%c -d%d -P%P -u%u -g%g -F%F -- %E" (or dumping to /mnt/storage/Downloads/chickenEgg1/core.45065)
#
# If you would like to submit a bug report, please visit:
#   https://bugs.launchpad.net/ubuntu/+source/openjdk-21
#

---------------  S U M M A R Y ------------

Command Line: -javaagent:/snap/intellij-idea-ultimate/682/lib/idea_rt.jar=42417 -Dfile.encoding=UTF-8 -Dsun.stdout.encoding=UTF-8 -Dsun.stderr.encoding=UTF-8 chickenEggs.chickenEggsGame

Host: Intel(R) Core(TM) i5-8250U CPU @ 1.60GHz, 8 cores, 7G, Ubuntu 24.04.3 LTS
Time: Wed Oct 29 15:32:55 2025 EEST elapsed time: 57.584253 seconds (0d 0h 0m 57s)

---------------  T H R E A D  ---------------

Current thread is native thread

Stack: [0x0000778817ed7000,0x00007788186d7000],  sp=0x00007788186d5a40,  free space=8186k
Native frames: (J=compiled Java code, j=interpreted, Vv=VM code, C=native code)
C  [libpipewire-0.3.so.0+0x470db]
C  [libpipewire-module-protocol-native.so+0x1fd32]
C  [libpipewire-module-protocol-native.so+0x15ee1]
C  [libpipewire-module-protocol-native.so+0x166c8]
C  [libspa-support.so+0x8d16]
C  [libpipewire-0.3.so.0+0x91c67]
C  [libc.so.6+0x9caa4]

siginfo: si_signo: 11 (SIGSEGV), si_code: 1 (SEGV_MAPERR), si_addr: 0x0000000000000008

Registers:
RAX=0x0000000000000000, RBX=0x0000000000000003, RCX=0x00000000ffffffff, RDX=0x0000000000000000
RSP=0x00007788186d5a40, RBP=0x00007788186d5a70, RSI=0x0000000000000000, RDI=0x00007788a3733290
R8 =0x0000000000000003, R9 =0x000077894f6e4080, R10=0x0000000000000048, R11=0x0000000000000007
R12=0x00007788a3739530, R13=0x0000000000000000, R14=0x00000000ffffffff, R15=0x0000000000000002
RIP=0x000077894f6e40db, EFLAGS=0x0000000000010246, CSGSFS=0x002b000000000033, ERR=0x0000000000000004
  TRAPNO=0x000000000000000e

XMM[0]=0x0000000000000000 0x0000000000000000
XMM[1]=0x0000000000000000 0x0000000000000000
XMM[2]=0x00007788a374bbb8 0x0000000600000000
XMM[3]=0x00007788a373a518 0x0000000000000048
XMM[4]=0x0000000000000000 0x0000778914000090
XMM[5]=0xffffffffffffffff 0xffffffffffffffff
XMM[6]=0x0000000000000000 0x0000000000000000
XMM[7]=0x6e3c203d20656d61 0x6e2e617461646174
XMM[8]=0x616e652e6c617472 0x6f70747220282029
XMM[9]=0x00007788a3717fd0 0x00007788a3717fd0
XMM[10]=0x00007788a3717fc0 0x00007788a3717fc0
XMM[11]=0x00007788a3717fb0 0x00007788a3717fb0
XMM[12]=0x00007788a3717fa0 0x00007788a3717fa0
XMM[13]=0x00007788a3717f90 0x00007788a3717f90
XMM[14]=0x00007788a3717f80 0x00007788a3717f80
XMM[15]=0x0000000000000000 0x0000000000000000
  MXCSR=0x00001fa2


Top of Stack: (sp=0x00007788186d5a40)
0x00007788186d5a40:   00007788a373a420 00000000ffffffff
0x00007788186d5a50:   00007788a3739588 0000000000000001
0x00007788186d5a60:   00007788a373a420 0000000000000001
0x00007788186d5a70:   00007788186d5b20 000077894ed47d32
0x00007788186d5a80:   00007788186d5b20 000000034ed46dce
0x00007788186d5a90:   0000000000000002 ffffffffffffffff
0x00007788186d5aa0:   00007788a374bbb8 0000000000000048
0x00007788186d5ab0:   0000000000000048 0000000000000000
0x00007788186d5ac0:   00007788a370f6d8 00007788a37395d0
0x00007788186d5ad0:   0000000000000000 0000000000000000
0x00007788186d5ae0:   0000000000000000 0000000000000000
0x00007788186d5af0:   0000000000000000 9382a7c6b8397b00
0x00007788186d5b00:   00007788a373a4e0 00007788a3739530
0x00007788186d5b10:   00007788a373a4e0 00007788a3739530
0x00007788186d5b20:   00007788186d5b80 000077894ed3dee1
0x00007788186d5b30:   0000000000000000 00007788186d5b40
0x00007788186d5b40:   00007788a37332f8 9382a7c6b8397b00
0x00007788186d5b50:   00007788a37446a0 00007788a3739530
0x00007788186d5b60:   00007788a3719f20 00007788a373a420
0x00007788186d5b70:   0000000000000d94 0000000000000001
0x00007788186d5b80:   00007788186d5c20 000077894ed3e6c8
0x00007788186d5b90:   0000000000000000 00007788a373a4e0
0x00007788186d5ba0:   0000000000000000 0000000000000008
0x00007788186d5bb0:   0000778800000004 0000000000000008
0x00007788186d5bc0:   00007788186d5bd0 00007788a3717cb0
0x00007788186d5bd0:   00007788186d5c20 00007789af9a5437
0x00007788186d5be0:   0000000000000000 9382a7c6b8397b00
0x00007788186d5bf0:   0000000000000001 00007788186d5c58
0x00007788186d5c00:   00007788186d5c58 00007788186d5c68
0x00007788186d5c10:   0000000000000001 00007788a370faf0
0x00007788186d5c20:   00007788186d5e90 00007789af9a6d16
0x00007788186d5c30:   0000000000000000 0000000000000000 

Instructions: (pc=0x000077894f6e40db)
0x000077894f6e3fdb:   49 8b 84 24 08 01 00 00 89 de 48 c1 e8 03 48 39
0x000077894f6e3feb:   c6 73 32 49 8b 84 24 00 01 00 00 48 8b 3c f0 40
0x000077894f6e3ffb:   f6 c7 01 75 20 48 85 ff 74 1b 48 8d 65 e8 44 89
0x000077894f6e400b:   ee 5b 41 5c 41 5d 5d e9 99 55 03 00 66 0f 1f 84
0x000077894f6e401b:   00 00 00 00 00 48 8d 65 e8 5b 41 5c 41 5d 5d c3
0x000077894f6e402b:   0f 1f 44 00 00 48 8b 05 81 6f 09 00 83 38 03 76
0x000077894f6e403b:   9f 48 83 ec 08 4c 8d 0d 7f 39 05 00 31 c0 b9 47
0x000077894f6e404b:   00 00 00 41 55 4c 8d 05 b9 fa 05 00 48 8d 15 26
0x000077894f6e405b:   39 05 00 bf 04 00 00 00 53 48 8d 35 e5 6f 09 00
0x000077894f6e406b:   41 54 e8 fe bf 01 00 48 83 c4 20 e9 60 ff ff ff
0x000077894f6e407b:   0f 1f 44 00 00 f3 0f 1e fa 55 48 89 e5 41 57 41
0x000077894f6e408b:   89 d7 41 56 41 89 ce 41 55 41 89 f5 41 54 49 89
0x000077894f6e409b:   fc 53 44 89 c3 48 83 ec 08 80 3d b9 6f 09 00 00
0x000077894f6e40ab:   0f 84 9f 00 00 00 31 c0 83 3d a6 6f 09 00 03 0f
0x000077894f6e40bb:   97 c0 48 85 c0 0f 85 b1 00 00 00 49 8b bc 24 98
0x000077894f6e40cb:   00 00 00 89 de 44 89 f1 44 89 fa e8 95 d9 01 00
0x000077894f6e40db:   44 8b 40 08 48 89 c3 45 39 e8 74 59 80 3d 76 6f
0x000077894f6e40eb:   09 00 00 75 78 48 8b 05 c1 6e 09 00 8b 00 85 c0
0x000077894f6e40fb:   0f 95 c0 0f b6 c0 48 85 c0 0f 85 b0 00 00 00 31
0x000077894f6e410b:   c0 44 89 e9 48 8d 15 5a 9f 05 00 4c 89 e7 be ea
0x000077894f6e411b:   ff ff ff e8 6d 2b 03 00 83 6b 0c 01 75 17 48 8d
0x000077894f6e412b:   65 d8 48 89 df 5b 41 5c 41 5d 41 5e 41 5f 5d e9
0x000077894f6e413b:   21 de 01 00 90 48 8d 65 d8 5b 41 5c 41 5d 41 5e
0x000077894f6e414b:   41 5f 5d c3 90 48 8b 05 61 6e 09 00 83 38 03 0f
0x000077894f6e415b:   97 c0 0f b6 c0 e9 58 ff ff ff 0f 1f 00 8b 15 f2
0x000077894f6e416b:   6e 09 00 31 c0 85 d2 0f 95 c0 eb 8a 48 83 ec 08
0x000077894f6e417b:   4c 8d 0d 96 9e 05 00 31 c0 b9 51 00 00 00 53 4c
0x000077894f6e418b:   8d 05 5f f9 05 00 48 8d 15 ec 37 05 00 bf 04 00
0x000077894f6e419b:   00 00 41 56 48 8d 35 aa 6e 09 00 41 57 41 55 41
0x000077894f6e41ab:   54 e8 bf be 01 00 48 83 c4 30 e9 0c ff ff ff 41
0x000077894f6e41bb:   50 4c 8d 0d 7d 9e 05 00 b9 55 00 00 00 31 c0 41
0x000077894f6e41cb:   56 4c 8d 05 1d f9 05 00 48 8d 15 aa 37 05 00 bf 



---------------  P R O C E S S  ---------------

VM state: not at safepoint (normal execution)

VM Mutex/Monitor currently owned by a thread: None

Heap address: 0x0000000085a00000, size: 1958 MB, Compressed Oops mode: 32-bit

CDS archive(s) mapped at: [0x0000778a07000000-0x0000778a07ca0000-0x0000778a07ca0000), size 13238272, SharedBaseAddress: 0x0000778a07000000, ArchiveRelocationMode: 1.
Compressed class space mapped at: 0x0000778a08000000-0x0000778a48000000, reserved size: 1073741824
Narrow klass base: 0x0000778a07000000, Narrow klass shift: 0, Narrow klass range: 0x100000000

GC Precious Log:
<Skipped>

Heap:
 garbage-first heap   total 131072K, used 67305K [0x0000000085a00000, 0x0000000100000000)
  region size 1024K, 35 young (35840K), 10 survivors (10240K)
 Metaspace       used 17770K, committed 18048K, reserved 1114112K
  class space    used 1482K, committed 1600K, reserved 1048576K

Heap Regions: E=young(eden), S=young(survivor), O=old, HS=humongous(starts), HC=humongous(continues), CS=collection set, F=free, TAMS=top-at-mark-start, PB=parsable bottom
|   0|0x0000000085a00000, 0x0000000085b00000, 0x0000000085b00000|100%|HS|  |TAMS 0x0000000085a00000| PB 0x0000000085a00000| Complete 
|   1|0x0000000085b00000, 0x0000000085c00000, 0x0000000085c00000|100%| O|  |TAMS 0x0000000085b00000| PB 0x0000000085b00000| Untracked 
|   2|0x0000000085c00000, 0x0000000085d00000, 0x0000000085d00000|100%| O|  |TAMS 0x0000000085c00000| PB 0x0000000085c00000| Untracked 
|   3|0x0000000085d00000, 0x0000000085e00000, 0x0000000085e00000|100%| O|  |TAMS 0x0000000085d00000| PB 0x0000000085d00000| Untracked 
|   4|0x0000000085e00000, 0x0000000085f00000, 0x0000000085f00000|100%| O|  |TAMS 0x0000000085e00000| PB 0x0000000085e00000| Untracked 
|   5|0x0000000085f00000, 0x0000000086000000, 0x0000000086000000|100%| O|  |TAMS 0x0000000085f00000| PB 0x0000000085f00000| Untracked 
|   6|0x0000000086000000, 0x0000000086100000, 0x0000000086100000|100%|HS|  |TAMS 0x0000000086000000| PB 0x0000000086000000| Complete 
|   7|0x0000000086100000, 0x0000000086200000, 0x0000000086200000|100%|HC|  |TAMS 0x0000000086100000| PB 0x0000000086100000| Complete 
|   8|0x0000000086200000, 0x0000000086300000, 0x0000000086300000|100%| O|  |TAMS 0x0000000086200000| PB 0x0000000086200000| Untracked 
|   9|0x0000000086300000, 0x0000000086400000, 0x0000000086400000|100%| O|  |TAMS 0x0000000086300000| PB 0x0000000086300000| Untracked 
|  10|0x0000000086400000, 0x0000000086500000, 0x0000000086500000|100%| O|  |TAMS 0x0000000086400000| PB 0x0000000086400000| Untracked 
|  11|0x0000000086500000, 0x0000000086600000, 0x0000000086600000|100%| O|  |TAMS 0x0000000086500000| PB 0x0000000086500000| Untracked 
|  12|0x0000000086600000, 0x0000000086700000, 0x0000000086700000|100%| O|  |TAMS 0x0000000086600000| PB 0x0000000086600000| Untracked 
|  13|0x0000000086700000, 0x0000000086800000, 0x0000000086800000|100%| O|  |TAMS 0x0000000086700000| PB 0x0000000086700000| Untracked 
|  14|0x0000000086800000, 0x0000000086900000, 0x0000000086900000|100%| O|  |TAMS 0x0000000086800000| PB 0x0000000086800000| Untracked 
|  15|0x0000000086900000, 0x0000000086a00000, 0x0000000086a00000|100%| O|  |TAMS 0x0000000086900000| PB 0x0000000086900000| Untracked 
|  16|0x0000000086a00000, 0x0000000086b00000, 0x0000000086b00000|100%| O|  |TAMS 0x0000000086a00000| PB 0x0000000086a00000| Untracked 
|  17|0x0000000086b00000, 0x0000000086c00000, 0x0000000086c00000|100%| O|  |TAMS 0x0000000086b00000| PB 0x0000000086b00000| Untracked 
|  18|0x0000000086c00000, 0x0000000086d00000, 0x0000000086d00000|100%| O|  |TAMS 0x0000000086c00000| PB 0x0000000086c00000| Untracked 
|  19|0x0000000086d00000, 0x0000000086e00000, 0x0000000086e00000|100%| O|  |TAMS 0x0000000086d00000| PB 0x0000000086d00000| Untracked 
|  20|0x0000000086e00000, 0x0000000086f00000, 0x0000000086f00000|100%| O|  |TAMS 0x0000000086e00000| PB 0x0000000086e00000| Untracked 
|  21|0x0000000086f00000, 0x0000000087000000, 0x0000000087000000|100%| O|  |TAMS 0x0000000086f00000| PB 0x0000000086f00000| Untracked 
|  22|0x0000000087000000, 0x0000000087100000, 0x0000000087100000|100%| O|  |TAMS 0x0000000087000000| PB 0x0000000087000000| Untracked 
|  23|0x0000000087100000, 0x0000000087200000, 0x0000000087200000|100%| O|  |TAMS 0x0000000087100000| PB 0x0000000087100000| Untracked 
|  24|0x0000000087200000, 0x0000000087300000, 0x0000000087300000|100%| O|  |TAMS 0x0000000087200000| PB 0x0000000087200000| Untracked 
|  25|0x0000000087300000, 0x0000000087400000, 0x0000000087400000|100%| O|  |TAMS 0x0000000087300000| PB 0x0000000087300000| Untracked 
|  26|0x0000000087400000, 0x0000000087500000, 0x0000000087500000|100%| O|  |TAMS 0x0000000087400000| PB 0x0000000087400000| Untracked 
|  27|0x0000000087500000, 0x0000000087600000, 0x0000000087600000|100%| O|  |TAMS 0x0000000087500000| PB 0x0000000087500000| Untracked 
|  28|0x0000000087600000, 0x0000000087700000, 0x0000000087700000|100%| O|  |TAMS 0x0000000087600000| PB 0x0000000087600000| Untracked 
|  29|0x0000000087700000, 0x0000000087800000, 0x0000000087800000|100%| O|  |TAMS 0x0000000087700000| PB 0x0000000087700000| Untracked 
|  30|0x0000000087800000, 0x0000000087804080, 0x0000000087900000|  1%| O|  |TAMS 0x0000000087800000| PB 0x0000000087800000| Untracked 
|  31|0x0000000087900000, 0x0000000087900000, 0x0000000087a00000|  0%| F|  |TAMS 0x0000000087900000| PB 0x0000000087900000| Untracked 
|  32|0x0000000087a00000, 0x0000000087a00000, 0x0000000087b00000|  0%| F|  |TAMS 0x0000000087a00000| PB 0x0000000087a00000| Untracked 
|  33|0x0000000087b00000, 0x0000000087b00000, 0x0000000087c00000|  0%| F|  |TAMS 0x0000000087b00000| PB 0x0000000087b00000| Untracked 
|  34|0x0000000087c00000, 0x0000000087c00000, 0x0000000087d00000|  0%| F|  |TAMS 0x0000000087c00000| PB 0x0000000087c00000| Untracked 
|  35|0x0000000087d00000, 0x0000000087d00000, 0x0000000087e00000|  0%| F|  |TAMS 0x0000000087d00000| PB 0x0000000087d00000| Untracked 
|  36|0x0000000087e00000, 0x0000000087e00000, 0x0000000087f00000|  0%| F|  |TAMS 0x0000000087e00000| PB 0x0000000087e00000| Untracked 
|  37|0x0000000087f00000, 0x0000000087f00000, 0x0000000088000000|  0%| F|  |TAMS 0x0000000087f00000| PB 0x0000000087f00000| Untracked 
|  38|0x0000000088000000, 0x0000000088000000, 0x0000000088100000|  0%| F|  |TAMS 0x0000000088000000| PB 0x0000000088000000| Untracked 
|  39|0x0000000088100000, 0x0000000088100000, 0x0000000088200000|  0%| F|  |TAMS 0x0000000088100000| PB 0x0000000088100000| Untracked 
|  40|0x0000000088200000, 0x0000000088300000, 0x0000000088300000|100%| S|CS|TAMS 0x0000000088200000| PB 0x0000000088200000| Complete 
|  41|0x0000000088300000, 0x0000000088300000, 0x0000000088400000|  0%| F|  |TAMS 0x0000000088300000| PB 0x0000000088300000| Untracked 
|  42|0x0000000088400000, 0x0000000088400000, 0x0000000088500000|  0%| F|  |TAMS 0x0000000088400000| PB 0x0000000088400000| Untracked 
|  43|0x0000000088500000, 0x0000000088600000, 0x0000000088600000|100%| S|CS|TAMS 0x0000000088500000| PB 0x0000000088500000| Complete 
|  44|0x0000000088600000, 0x0000000088700000, 0x0000000088700000|100%| S|CS|TAMS 0x0000000088600000| PB 0x0000000088600000| Complete 
|  45|0x0000000088700000, 0x0000000088800000, 0x0000000088800000|100%| S|CS|TAMS 0x0000000088700000| PB 0x0000000088700000| Complete 
|  46|0x0000000088800000, 0x0000000088900000, 0x0000000088900000|100%| S|CS|TAMS 0x0000000088800000| PB 0x0000000088800000| Complete 
|  47|0x0000000088900000, 0x0000000088a00000, 0x0000000088a00000|100%| S|CS|TAMS 0x0000000088900000| PB 0x0000000088900000| Complete 
|  48|0x0000000088a00000, 0x0000000088b00000, 0x0000000088b00000|100%| S|CS|TAMS 0x0000000088a00000| PB 0x0000000088a00000| Complete 
|  49|0x0000000088b00000, 0x0000000088c00000, 0x0000000088c00000|100%| S|CS|TAMS 0x0000000088b00000| PB 0x0000000088b00000| Complete 
|  50|0x0000000088c00000, 0x0000000088d00000, 0x0000000088d00000|100%| S|CS|TAMS 0x0000000088c00000| PB 0x0000000088c00000| Complete 
|  51|0x0000000088d00000, 0x0000000088e00000, 0x0000000088e00000|100%| S|CS|TAMS 0x0000000088d00000| PB 0x0000000088d00000| Complete 
|  52|0x0000000088e00000, 0x0000000088e00000, 0x0000000088f00000|  0%| F|  |TAMS 0x0000000088e00000| PB 0x0000000088e00000| Untracked 
|  53|0x0000000088f00000, 0x0000000088f00000, 0x0000000089000000|  0%| F|  |TAMS 0x0000000088f00000| PB 0x0000000088f00000| Untracked 
|  54|0x0000000089000000, 0x0000000089000000, 0x0000000089100000|  0%| F|  |TAMS 0x0000000089000000| PB 0x0000000089000000| Untracked 
|  55|0x0000000089100000, 0x0000000089100000, 0x0000000089200000|  0%| F|  |TAMS 0x0000000089100000| PB 0x0000000089100000| Untracked 
|  56|0x0000000089200000, 0x0000000089200000, 0x0000000089300000|  0%| F|  |TAMS 0x0000000089200000| PB 0x0000000089200000| Untracked 
|  57|0x0000000089300000, 0x0000000089300000, 0x0000000089400000|  0%| F|  |TAMS 0x0000000089300000| PB 0x0000000089300000| Untracked 
|  58|0x0000000089400000, 0x0000000089400000, 0x0000000089500000|  0%| F|  |TAMS 0x0000000089400000| PB 0x0000000089400000| Untracked 
|  59|0x0000000089500000, 0x0000000089500000, 0x0000000089600000|  0%| F|  |TAMS 0x0000000089500000| PB 0x0000000089500000| Untracked 
|  60|0x0000000089600000, 0x0000000089600000, 0x0000000089700000|  0%| F|  |TAMS 0x0000000089600000| PB 0x0000000089600000| Untracked 
|  61|0x0000000089700000, 0x0000000089700000, 0x0000000089800000|  0%| F|  |TAMS 0x0000000089700000| PB 0x0000000089700000| Untracked 
|  62|0x0000000089800000, 0x0000000089800000, 0x0000000089900000|  0%| F|  |TAMS 0x0000000089800000| PB 0x0000000089800000| Untracked 
|  63|0x0000000089900000, 0x0000000089900000, 0x0000000089a00000|  0%| F|  |TAMS 0x0000000089900000| PB 0x0000000089900000| Untracked 
|  64|0x0000000089a00000, 0x0000000089a00000, 0x0000000089b00000|  0%| F|  |TAMS 0x0000000089a00000| PB 0x0000000089a00000| Untracked 
|  65|0x0000000089b00000, 0x0000000089b00000, 0x0000000089c00000|  0%| F|  |TAMS 0x0000000089b00000| PB 0x0000000089b00000| Untracked 
|  66|0x0000000089c00000, 0x0000000089c00000, 0x0000000089d00000|  0%| F|  |TAMS 0x0000000089c00000| PB 0x0000000089c00000| Untracked 
|  67|0x0000000089d00000, 0x0000000089d00000, 0x0000000089e00000|  0%| F|  |TAMS 0x0000000089d00000| PB 0x0000000089d00000| Untracked 
|  68|0x0000000089e00000, 0x0000000089e00000, 0x0000000089f00000|  0%| F|  |TAMS 0x0000000089e00000| PB 0x0000000089e00000| Untracked 
|  69|0x0000000089f00000, 0x0000000089f00000, 0x000000008a000000|  0%| F|  |TAMS 0x0000000089f00000| PB 0x0000000089f00000| Untracked 
|  70|0x000000008a000000, 0x000000008a000000, 0x000000008a100000|  0%| F|  |TAMS 0x000000008a000000| PB 0x000000008a000000| Untracked 
|  71|0x000000008a100000, 0x000000008a100000, 0x000000008a200000|  0%| F|  |TAMS 0x000000008a100000| PB 0x000000008a100000| Untracked 
|  72|0x000000008a200000, 0x000000008a200000, 0x000000008a300000|  0%| F|  |TAMS 0x000000008a200000| PB 0x000000008a200000| Untracked 
|  73|0x000000008a300000, 0x000000008a300000, 0x000000008a400000|  0%| F|  |TAMS 0x000000008a300000| PB 0x000000008a300000| Untracked 
|  74|0x000000008a400000, 0x000000008a400000, 0x000000008a500000|  0%| F|  |TAMS 0x000000008a400000| PB 0x000000008a400000| Untracked 
|  75|0x000000008a500000, 0x000000008a500000, 0x000000008a600000|  0%| F|  |TAMS 0x000000008a500000| PB 0x000000008a500000| Untracked 
|  76|0x000000008a600000, 0x000000008a600000, 0x000000008a700000|  0%| F|  |TAMS 0x000000008a600000| PB 0x000000008a600000| Untracked 
|  77|0x000000008a700000, 0x000000008a700000, 0x000000008a800000|  0%| F|  |TAMS 0x000000008a700000| PB 0x000000008a700000| Untracked 
|  78|0x000000008a800000, 0x000000008a800000, 0x000000008a900000|  0%| F|  |TAMS 0x000000008a800000| PB 0x000000008a800000| Untracked 
|  79|0x000000008a900000, 0x000000008a900000, 0x000000008aa00000|  0%| F|  |TAMS 0x000000008a900000| PB 0x000000008a900000| Untracked 
|  80|0x000000008aa00000, 0x000000008aa00000, 0x000000008ab00000|  0%| F|  |TAMS 0x000000008aa00000| PB 0x000000008aa00000| Untracked 
|  81|0x000000008ab00000, 0x000000008ab00000, 0x000000008ac00000|  0%| F|  |TAMS 0x000000008ab00000| PB 0x000000008ab00000| Untracked 
|  82|0x000000008ac00000, 0x000000008ac00000, 0x000000008ad00000|  0%| F|  |TAMS 0x000000008ac00000| PB 0x000000008ac00000| Untracked 
|  83|0x000000008ad00000, 0x000000008ad00000, 0x000000008ae00000|  0%| F|  |TAMS 0x000000008ad00000| PB 0x000000008ad00000| Untracked 
|  84|0x000000008ae00000, 0x000000008ae00000, 0x000000008af00000|  0%| F|  |TAMS 0x000000008ae00000| PB 0x000000008ae00000| Untracked 
|  85|0x000000008af00000, 0x000000008af00000, 0x000000008b000000|  0%| F|  |TAMS 0x000000008af00000| PB 0x000000008af00000| Untracked 
|  86|0x000000008b000000, 0x000000008b000000, 0x000000008b100000|  0%| F|  |TAMS 0x000000008b000000| PB 0x000000008b000000| Untracked 
|  87|0x000000008b100000, 0x000000008b100000, 0x000000008b200000|  0%| F|  |TAMS 0x000000008b100000| PB 0x000000008b100000| Untracked 
|  88|0x000000008b200000, 0x000000008b200000, 0x000000008b300000|  0%| F|  |TAMS 0x000000008b200000| PB 0x000000008b200000| Untracked 
|  89|0x000000008b300000, 0x000000008b300000, 0x000000008b400000|  0%| F|  |TAMS 0x000000008b300000| PB 0x000000008b300000| Untracked 
|  90|0x000000008b400000, 0x000000008b400000, 0x000000008b500000|  0%| F|  |TAMS 0x000000008b400000| PB 0x000000008b400000| Untracked 
|  91|0x000000008b500000, 0x000000008b500000, 0x000000008b600000|  0%| F|  |TAMS 0x000000008b500000| PB 0x000000008b500000| Untracked 
|  92|0x000000008b600000, 0x000000008b600000, 0x000000008b700000|  0%| F|  |TAMS 0x000000008b600000| PB 0x000000008b600000| Untracked 
|  93|0x000000008b700000, 0x000000008b700000, 0x000000008b800000|  0%| F|  |TAMS 0x000000008b700000| PB 0x000000008b700000| Untracked 
|  94|0x000000008b800000, 0x000000008b800000, 0x000000008b900000|  0%| F|  |TAMS 0x000000008b800000| PB 0x000000008b800000| Untracked 
|  95|0x000000008b900000, 0x000000008b900000, 0x000000008ba00000|  0%| F|  |TAMS 0x000000008b900000| PB 0x000000008b900000| Untracked 
|  96|0x000000008ba00000, 0x000000008ba00000, 0x000000008bb00000|  0%| F|  |TAMS 0x000000008ba00000| PB 0x000000008ba00000| Untracked 
|  97|0x000000008bb00000, 0x000000008bb00000, 0x000000008bc00000|  0%| F|  |TAMS 0x000000008bb00000| PB 0x000000008bb00000| Untracked 
|  98|0x000000008bc00000, 0x000000008bc00000, 0x000000008bd00000|  0%| F|  |TAMS 0x000000008bc00000| PB 0x000000008bc00000| Untracked 
|  99|0x000000008bd00000, 0x000000008bd00000, 0x000000008be00000|  0%| F|  |TAMS 0x000000008bd00000| PB 0x000000008bd00000| Untracked 
| 100|0x000000008be00000, 0x000000008be00000, 0x000000008bf00000|  0%| F|  |TAMS 0x000000008be00000| PB 0x000000008be00000| Untracked 
| 101|0x000000008bf00000, 0x000000008bfd6e08, 0x000000008c000000| 83%| E|  |TAMS 0x000000008bf00000| PB 0x000000008bf00000| Complete 
| 102|0x000000008c000000, 0x000000008c0d2e70, 0x000000008c100000| 82%| E|  |TAMS 0x000000008c000000| PB 0x000000008c000000| Complete 
| 103|0x000000008c100000, 0x000000008c200000, 0x000000008c200000|100%| E|CS|TAMS 0x000000008c100000| PB 0x000000008c100000| Complete 
| 104|0x000000008c200000, 0x000000008c300000, 0x000000008c300000|100%| E|CS|TAMS 0x000000008c200000| PB 0x000000008c200000| Complete 
| 105|0x000000008c300000, 0x000000008c400000, 0x000000008c400000|100%| E|CS|TAMS 0x000000008c300000| PB 0x000000008c300000| Complete 
| 106|0x000000008c400000, 0x000000008c500000, 0x000000008c500000|100%| E|CS|TAMS 0x000000008c400000| PB 0x000000008c400000| Complete 
| 107|0x000000008c500000, 0x000000008c600000, 0x000000008c600000|100%| E|CS|TAMS 0x000000008c500000| PB 0x000000008c500000| Complete 
| 108|0x000000008c600000, 0x000000008c700000, 0x000000008c700000|100%| E|CS|TAMS 0x000000008c600000| PB 0x000000008c600000| Complete 
| 109|0x000000008c700000, 0x000000008c800000, 0x000000008c800000|100%| E|CS|TAMS 0x000000008c700000| PB 0x000000008c700000| Complete 
| 110|0x000000008c800000, 0x000000008c900000, 0x000000008c900000|100%| E|CS|TAMS 0x000000008c800000| PB 0x000000008c800000| Complete 
| 111|0x000000008c900000, 0x000000008ca00000, 0x000000008ca00000|100%| E|CS|TAMS 0x000000008c900000| PB 0x000000008c900000| Complete 
| 112|0x000000008ca00000, 0x000000008cb00000, 0x000000008cb00000|100%| E|CS|TAMS 0x000000008ca00000| PB 0x000000008ca00000| Complete 
| 113|0x000000008cb00000, 0x000000008cc00000, 0x000000008cc00000|100%| E|CS|TAMS 0x000000008cb00000| PB 0x000000008cb00000| Complete 
| 114|0x000000008cc00000, 0x000000008cd00000, 0x000000008cd00000|100%| E|CS|TAMS 0x000000008cc00000| PB 0x000000008cc00000| Complete 
| 115|0x000000008cd00000, 0x000000008ce00000, 0x000000008ce00000|100%| E|CS|TAMS 0x000000008cd00000| PB 0x000000008cd00000| Complete 
| 116|0x000000008ce00000, 0x000000008cf00000, 0x000000008cf00000|100%| E|CS|TAMS 0x000000008ce00000| PB 0x000000008ce00000| Complete 
| 117|0x000000008cf00000, 0x000000008d000000, 0x000000008d000000|100%| E|CS|TAMS 0x000000008cf00000| PB 0x000000008cf00000| Complete 
| 118|0x000000008d000000, 0x000000008d100000, 0x000000008d100000|100%| E|CS|TAMS 0x000000008d000000| PB 0x000000008d000000| Complete 
| 119|0x000000008d100000, 0x000000008d200000, 0x000000008d200000|100%| E|CS|TAMS 0x000000008d100000| PB 0x000000008d100000| Complete 
| 120|0x000000008d200000, 0x000000008d300000, 0x000000008d300000|100%| E|CS|TAMS 0x000000008d200000| PB 0x000000008d200000| Complete 
| 121|0x000000008d300000, 0x000000008d400000, 0x000000008d400000|100%| E|CS|TAMS 0x000000008d300000| PB 0x000000008d300000| Complete 
| 122|0x000000008d400000, 0x000000008d500000, 0x000000008d500000|100%| E|CS|TAMS 0x000000008d400000| PB 0x000000008d400000| Complete 
| 123|0x000000008d500000, 0x000000008d600000, 0x000000008d600000|100%| E|CS|TAMS 0x000000008d500000| PB 0x000000008d500000| Complete 
| 124|0x000000008d600000, 0x000000008d700000, 0x000000008d700000|100%| E|CS|TAMS 0x000000008d600000| PB 0x000000008d600000| Complete 
| 125|0x000000008d700000, 0x000000008d800000, 0x000000008d800000|100%| E|CS|TAMS 0x000000008d700000| PB 0x000000008d700000| Complete 
|1956|0x00000000ffe00000, 0x00000000fff00000, 0x00000000fff00000|100%| O|  |TAMS 0x00000000ffe00000| PB 0x00000000ffe00000| Untracked 
|1957|0x00000000fff00000, 0x00000000fff0c8b0, 0x0000000100000000|  4%| O|  |TAMS 0x00000000fff00000| PB 0x00000000fff00000| Untracked 

Card table byte_map: [0x0000778a7dc7c000,0x0000778a7e04f000] _byte_map_base: 0x0000778a7d84f000

Marking Bits: (CMBitMap*) 0x0000778a78072f50
 Bits: [0x0000778a5e968000, 0x0000778a60800000)

Polling page: 0x0000778a80c17000

Metaspace:

Usage:
  Non-class:     15.91 MB used.
      Class:      1.45 MB used.
       Both:     17.35 MB used.

Virtual space:
  Non-class space:       64.00 MB reserved,      16.06 MB ( 25%) committed,  1 nodes.
      Class space:        1.00 GB reserved,       1.56 MB ( <1%) committed,  1 nodes.
             Both:        1.06 GB reserved,      17.62 MB (  2%) committed. 

Chunk freelists:
   Non-Class:  16.00 MB
       Class:  14.48 MB
        Both:  30.48 MB

MaxMetaspaceSize: unlimited
CompressedClassSpaceSize: 1.00 GB
Initial GC threshold: 21.00 MB
Current GC threshold: 21.00 MB
CDS: on
 - commit_granule_bytes: 65536.
 - commit_granule_words: 8192.
 - virtual_space_node_default_size: 8388608.
 - enlarge_chunks_in_place: 1.
 - use_allocation_guard: 0.


Internal statistics:

num_allocs_failed_limit: 0.
num_arena_births: 242.
num_arena_deaths: 0.
num_vsnodes_births: 2.
num_vsnodes_deaths: 0.
num_space_committed: 278.
num_space_uncommitted: 0.
num_chunks_returned_to_freelist: 0.
num_chunks_taken_from_freelist: 534.
num_chunk_merges: 0.
num_chunk_splits: 347.
num_chunks_enlarged: 223.
num_inconsistent_stats: 0.

CodeHeap 'non-profiled nmethods': size=120028Kb used=1611Kb max_used=1611Kb free=118416Kb
 bounds [0x0000778a682c9000, 0x0000778a68539000, 0x0000778a6f800000]
CodeHeap 'profiled nmethods': size=120028Kb used=5386Kb max_used=5386Kb free=114641Kb
 bounds [0x0000778a60800000, 0x0000778a60d50000, 0x0000778a67d37000]
CodeHeap 'non-nmethods': size=5704Kb used=2100Kb max_used=2165Kb free=3603Kb
 bounds [0x0000778a67d37000, 0x0000778a67fa7000, 0x0000778a682c9000]
CodeCache: size=245760Kb, used=9097Kb, max_used=9162Kb, free=236660Kb
 total_blobs=3851, nmethods=2757, adapters=999, full_count=0
Compilation: enabled, stopped_count=0, restarted_count=0

Compilation events (20 events):
Event: 54.892 Thread 0x0000778a7814e9a0 2750       1       javax.sound.sampled.Control::getType (5 bytes)
Event: 54.893 Thread 0x0000778a7814e9a0 nmethod 2750 0x0000778a6845a390 code [0x0000778a6845a520, 0x0000778a6845a5e0]
Event: 54.893 Thread 0x0000778a7814e9a0 2751       1       javax.sound.sampled.FloatControl::getMinimum (5 bytes)
Event: 54.893 Thread 0x0000778a7814e9a0 nmethod 2751 0x0000778a6845a690 code [0x0000778a6845a820, 0x0000778a6845a8e0]
Event: 54.893 Thread 0x0000778a7814e9a0 2752       1       javax.sound.sampled.FloatControl::getMaximum (5 bytes)
Event: 54.893 Thread 0x0000778a7814e9a0 nmethod 2752 0x0000778a6845a990 code [0x0000778a6845ab20, 0x0000778a6845abe0]
Event: 54.893 Thread 0x0000778a7814e9a0 2754       1       com.sun.media.sound.DirectAudioDevice$DirectClip::requiresServicing (2 bytes)
Event: 54.893 Thread 0x0000778a7814e9a0 nmethod 2754 0x0000778a6845ac90 code [0x0000778a6845ae20, 0x0000778a6845aee0]
Event: 55.268 Thread 0x0000778a7814e9a0 2756       3       com.sun.media.sound.EventDispatcher::sendAudioEvents (34 bytes)
Event: 55.272 Thread 0x0000778a7814e9a0 nmethod 2756 0x0000778a60d3e190 code [0x0000778a60d3e3c0, 0x0000778a60d3ec28]
Event: 55.272 Thread 0x0000778a7814e9a0 2755   !   3       com.sun.media.sound.AbstractLine::getEventDispatcher (64 bytes)
Event: 55.275 Thread 0x0000778a7814e9a0 nmethod 2755 0x0000778a60d3f010 code [0x0000778a60d3f260, 0x0000778a60d3fcb0]
Event: 55.313 Thread 0x0000778a7814e9a0 2757       3       chickenEggs.mouse.mousemotion::mouseDragged (121 bytes)
Event: 55.316 Thread 0x0000778a7814e9a0 nmethod 2757 0x0000778a60d40090 code [0x0000778a60d40320, 0x0000778a60d41308]
Event: 55.522 Thread 0x0000778a7814e9a0 2758       3       sun.awt.X11.Native::putLong (29 bytes)
Event: 55.523 Thread 0x0000778a7814e9a0 nmethod 2758 0x0000778a60d41590 code [0x0000778a60d41740, 0x0000778a60d419a0]
Event: 55.670 Thread 0x0000778a7814e9a0 2759       3       com.sun.media.sound.AbstractDataLine::setStarted (66 bytes)
Event: 55.673 Thread 0x0000778a7814e9a0 nmethod 2759 0x0000778a60d41b10 code [0x0000778a60d41d60, 0x0000778a60d426e0]
Event: 57.345 Thread 0x0000778a7814d2e0 2761   !   4       sun.awt.X11.XToolkit::getNextTaskTime (55 bytes)
Event: 57.362 Thread 0x0000778a7814d2e0 nmethod 2761 0x0000778a6845b310 code [0x0000778a6845b500, 0x0000778a6845b9b0]

GC Heap History (20 events):
Event: 8.022 GC heap before
{Heap before GC invocations=6 (full 0):
 garbage-first heap   total 129024K, used 104125K [0x0000000085a00000, 0x0000000100000000)
  region size 1024K, 74 young (75776K), 2 survivors (2048K)
 Metaspace       used 15551K, committed 15808K, reserved 1114112K
  class space    used 1339K, committed 1472K, reserved 1048576K
}
Event: 8.026 GC heap after
{Heap after GC invocations=7 (full 0):
 garbage-first heap   total 129024K, used 19208K [0x0000000085a00000, 0x0000000100000000)
  region size 1024K, 2 young (2048K), 2 survivors (2048K)
 Metaspace       used 15551K, committed 15808K, reserved 1114112K
  class space    used 1339K, committed 1472K, reserved 1048576K
}
Event: 8.602 GC heap before
{Heap before GC invocations=7 (full 0):
 garbage-first heap   total 129024K, used 127752K [0x0000000085a00000, 0x0000000100000000)
  region size 1024K, 74 young (75776K), 2 survivors (2048K)
 Metaspace       used 15554K, committed 15808K, reserved 1114112K
  class space    used 1339K, committed 1472K, reserved 1048576K
}
Event: 8.607 GC heap after
{Heap after GC invocations=8 (full 0):
 garbage-first heap   total 131072K, used 10983K [0x0000000085a00000, 0x0000000100000000)
  region size 1024K, 2 young (2048K), 2 survivors (2048K)
 Metaspace       used 15554K, committed 15808K, reserved 1114112K
  class space    used 1339K, committed 1472K, reserved 1048576K
}
Event: 9.175 GC heap before
{Heap before GC invocations=8 (full 0):
 garbage-first heap   total 131072K, used 123623K [0x0000000085a00000, 0x0000000100000000)
  region size 1024K, 76 young (77824K), 2 survivors (2048K)
 Metaspace       used 15566K, committed 15808K, reserved 1114112K
  class space    used 1339K, committed 1472K, reserved 1048576K
}
Event: 9.179 GC heap after
{Heap after GC invocations=9 (full 0):
 garbage-first heap   total 131072K, used 39687K [0x0000000085a00000, 0x0000000100000000)
  region size 1024K, 2 young (2048K), 2 survivors (2048K)
 Metaspace       used 15566K, committed 15808K, reserved 1114112K
  class space    used 1339K, committed 1472K, reserved 1048576K
}
Event: 9.761 GC heap before
{Heap before GC invocations=9 (full 0):
 garbage-first heap   total 131072K, used 127751K [0x0000000085a00000, 0x0000000100000000)
  region size 1024K, 76 young (77824K), 2 survivors (2048K)
 Metaspace       used 15567K, committed 15808K, reserved 1114112K
  class space    used 1339K, committed 1472K, reserved 1048576K
}
Event: 9.766 GC heap after
{Heap after GC invocations=10 (full 0):
 garbage-first heap   total 131072K, used 11019K [0x0000000085a00000, 0x0000000100000000)
  region size 1024K, 2 young (2048K), 2 survivors (2048K)
 Metaspace       used 15567K, committed 15808K, reserved 1114112K
  class space    used 1339K, committed 1472K, reserved 1048576K
}
Event: 10.227 GC heap before
{Heap before GC invocations=10 (full 0):
 garbage-first heap   total 131072K, used 126731K [0x0000000085a00000, 0x0000000100000000)
  region size 1024K, 76 young (77824K), 2 survivors (2048K)
 Metaspace       used 15650K, committed 15872K, reserved 1114112K
  class space    used 1346K, committed 1472K, reserved 1048576K
}
Event: 10.230 GC heap after
{Heap after GC invocations=11 (full 0):
 garbage-first heap   total 131072K, used 42849K [0x0000000085a00000, 0x0000000100000000)
  region size 1024K, 2 young (2048K), 2 survivors (2048K)
 Metaspace       used 15650K, committed 15872K, reserved 1114112K
  class space    used 1346K, committed 1472K, reserved 1048576K
}
Event: 10.633 GC heap before
{Heap before GC invocations=11 (full 0):
 garbage-first heap   total 131072K, used 121697K [0x0000000085a00000, 0x0000000100000000)
  region size 1024K, 76 young (77824K), 2 survivors (2048K)
 Metaspace       used 15650K, committed 15872K, reserved 1114112K
  class space    used 1346K, committed 1472K, reserved 1048576K
}
Event: 10.637 GC heap after
{Heap after GC invocations=12 (full 0):
 garbage-first heap   total 131072K, used 9993K [0x0000000085a00000, 0x0000000100000000)
  region size 1024K, 2 young (2048K), 2 survivors (2048K)
 Metaspace       used 15650K, committed 15872K, reserved 1114112K
  class space    used 1346K, committed 1472K, reserved 1048576K
}
Event: 11.353 GC heap before
{Heap before GC invocations=12 (full 0):
 garbage-first heap   total 131072K, used 119561K [0x0000000085a00000, 0x0000000100000000)
  region size 1024K, 76 young (77824K), 2 survivors (2048K)
 Metaspace       used 15653K, committed 15872K, reserved 1114112K
  class space    used 1346K, committed 1472K, reserved 1048576K
}
Event: 11.357 GC heap after
{Heap after GC invocations=13 (full 0):
 garbage-first heap   total 131072K, used 33604K [0x0000000085a00000, 0x0000000100000000)
  region size 1024K, 2 young (2048K), 2 survivors (2048K)
 Metaspace       used 15653K, committed 15872K, reserved 1114112K
  class space    used 1346K, committed 1472K, reserved 1048576K
}
Event: 12.090 GC heap before
{Heap before GC invocations=13 (full 0):
 garbage-first heap   total 131072K, used 127812K [0x0000000085a00000, 0x0000000100000000)
  region size 1024K, 76 young (77824K), 2 survivors (2048K)
 Metaspace       used 15653K, committed 15872K, reserved 1114112K
  class space    used 1346K, committed 1472K, reserved 1048576K
}
Event: 12.093 GC heap after
{Heap after GC invocations=14 (full 0):
 garbage-first heap   total 131072K, used 25289K [0x0000000085a00000, 0x0000000100000000)
  region size 1024K, 2 young (2048K), 2 survivors (2048K)
 Metaspace       used 15653K, committed 15872K, reserved 1114112K
  class space    used 1346K, committed 1472K, reserved 1048576K
}
Event: 12.812 GC heap before
{Heap before GC invocations=14 (full 0):
 garbage-first heap   total 131072K, used 123593K [0x0000000085a00000, 0x0000000100000000)
  region size 1024K, 76 young (77824K), 2 survivors (2048K)
 Metaspace       used 15661K, committed 15936K, reserved 1114112K
  class space    used 1346K, committed 1472K, reserved 1048576K
}
Event: 12.816 GC heap after
{Heap after GC invocations=15 (full 0):
 garbage-first heap   total 131072K, used 13107K [0x0000000085a00000, 0x0000000100000000)
  region size 1024K, 2 young (2048K), 2 survivors (2048K)
 Metaspace       used 15661K, committed 15936K, reserved 1114112K
  class space    used 1346K, committed 1472K, reserved 1048576K
}
Event: 40.321 GC heap before
{Heap before GC invocations=15 (full 0):
 garbage-first heap   total 131072K, used 90931K [0x0000000085a00000, 0x0000000100000000)
  region size 1024K, 76 young (77824K), 2 survivors (2048K)
 Metaspace       used 17658K, committed 17920K, reserved 1114112K
  class space    used 1480K, committed 1600K, reserved 1048576K
}
Event: 40.332 GC heap after
{Heap after GC invocations=16 (full 0):
 garbage-first heap   total 131072K, used 42050K [0x0000000085a00000, 0x0000000100000000)
  region size 1024K, 10 young (10240K), 10 survivors (10240K)
 Metaspace       used 17658K, committed 17920K, reserved 1114112K
  class space    used 1480K, committed 1600K, reserved 1048576K
}

Dll operation events (20 events):
Event: 0.010 Loaded shared library /usr/lib/jvm/java-21-openjdk-amd64/lib/libjava.so
Event: 0.116 Loaded shared library /usr/lib/jvm/java-21-openjdk-amd64/lib/libjsvml.so
Event: 0.296 Loaded shared library /usr/lib/jvm/java-21-openjdk-amd64/lib/libzip.so
Event: 0.305 Loaded shared library /usr/lib/jvm/java-21-openjdk-amd64/lib/libinstrument.so
Event: 0.315 Loaded shared library /usr/lib/jvm/java-21-openjdk-amd64/lib/libnio.so
Event: 0.322 Loaded shared library /usr/lib/jvm/java-21-openjdk-amd64/lib/libzip.so
Event: 0.376 Loaded shared library /usr/lib/jvm/java-21-openjdk-amd64/lib/libnet.so
Event: 0.395 Loaded shared library /usr/lib/jvm/java-21-openjdk-amd64/lib/libextnet.so
Event: 0.434 Loaded shared library /usr/lib/jvm/java-21-openjdk-amd64/lib/libjimage.so
Event: 0.500 Loaded shared library /usr/lib/jvm/java-21-openjdk-amd64/lib/libawt.so
Event: 0.520 Loaded shared library /usr/lib/jvm/java-21-openjdk-amd64/lib/libawt_xawt.so
Event: 0.746 Loaded shared library /usr/lib/jvm/java-21-openjdk-amd64/lib/libfontmanager.so
Event: 1.566 Loaded shared library /tmp/jogamp_0000/file_cache/jln4004123349598629966/jln15845321221978622158/natives/linux-amd64/libgluegen_rt.so
Event: 1.707 Loaded shared library /usr/lib/jvm/java-21-openjdk-amd64/lib/libjawt.so
Event: 1.709 Loaded shared library /tmp/jogamp_0000/file_cache/jln4004123349598629966/jln15845321221978622158/natives/linux-amd64/libnativewindow_awt.so
Event: 1.785 Loaded shared library /tmp/jogamp_0000/file_cache/jln4004123349598629966/jln15845321221978622158/natives/linux-amd64/libnativewindow_x11.so
Event: 2.342 Loaded shared library /tmp/jogamp_0000/file_cache/jln4004123349598629966/jln15845321221978622158/natives/linux-amd64/libjogl_desktop.so
Event: 2.462 Loaded shared library /tmp/jogamp_0000/file_cache/jln4004123349598629966/jln15845321221978622158/natives/linux-amd64/libjogl_mobile.so
Event: 9.880 Loaded shared library /usr/lib/jvm/java-21-openjdk-amd64/lib/libjavajpeg.so
Event: 14.872 Loaded shared library /usr/lib/jvm/java-21-openjdk-amd64/lib/libjsound.so

Deoptimization events (20 events):
Event: 28.353 Thread 0x0000778a78795950 DEOPT PACKING pc=0x0000778a68425cf8 sp=0x0000778995571bf0
Event: 28.353 Thread 0x0000778a78795950 DEOPT UNPACKING pc=0x0000778a67d8af99 sp=0x0000778995571b68 mode 2
Event: 37.072 Thread 0x0000778a78795950 DEOPT PACKING pc=0x0000778a60b91921 sp=0x0000778995571f60
Event: 37.072 Thread 0x0000778a78795950 DEOPT UNPACKING pc=0x0000778a67d8b72f sp=0x0000778995571480 mode 0
Event: 40.651 Thread 0x0000778a78795950 Uncommon trap: trap_request=0xffffff45 fr.pc=0x0000778a684256f0 relative=0x0000000000000070
Event: 40.651 Thread 0x0000778a78795950 Uncommon trap: reason=unstable_if action=reinterpret pc=0x0000778a684256f0 method=chickenEggs.interfaces.Game.Chicken.fallegg()LchickenEggs/interfaces/variables$Pairii; @ 14 c2
Event: 40.651 Thread 0x0000778a78795950 DEOPT PACKING pc=0x0000778a684256f0 sp=0x0000778995571f10
Event: 40.651 Thread 0x0000778a78795950 DEOPT UNPACKING pc=0x0000778a67d8af99 sp=0x0000778995571ec8 mode 2
Event: 40.654 Thread 0x0000778a78795950 Uncommon trap: trap_request=0xffffff76 fr.pc=0x0000778a6843613c relative=0x0000000000000c9c
Event: 40.654 Thread 0x0000778a78795950 Uncommon trap: reason=predicate action=maybe_recompile pc=0x0000778a6843613c method=chickenEggs.objects.Game.GamePage.checkCollesion()V @ 113 c2
Event: 40.654 Thread 0x0000778a78795950 DEOPT PACKING pc=0x0000778a6843613c sp=0x0000778995571fd0
Event: 40.654 Thread 0x0000778a78795950 DEOPT UNPACKING pc=0x0000778a67d8af99 sp=0x0000778995571f80 mode 2
Event: 40.654 Thread 0x0000778a78795950 Uncommon trap: trap_request=0xffffff45 fr.pc=0x0000778a68441878 relative=0x0000000000000438
Event: 40.654 Thread 0x0000778a78795950 Uncommon trap: reason=unstable_if action=reinterpret pc=0x0000778a68441878 method=chickenEggs.objects.Game.GamePage.drawObjects()V @ 43 c2
Event: 40.654 Thread 0x0000778a78795950 DEOPT PACKING pc=0x0000778a68441878 sp=0x0000778995571fd0
Event: 40.654 Thread 0x0000778a78795950 DEOPT UNPACKING pc=0x0000778a67d8af99 sp=0x0000778995571f88 mode 2
Event: 43.825 Thread 0x0000778a78795950 DEOPT PACKING pc=0x0000778a60bbca7f sp=0x0000778995571cc0
Event: 43.826 Thread 0x0000778a78795950 DEOPT UNPACKING pc=0x0000778a67d8b72f sp=0x0000778995571160 mode 0
Event: 48.307 Thread 0x0000778a78795950 DEOPT PACKING pc=0x0000778a60b84bae sp=0x0000778995571d80
Event: 48.307 Thread 0x0000778a78795950 DEOPT UNPACKING pc=0x0000778a67d8b72f sp=0x0000778995571240 mode 0

Classes loaded (20 events):
Event: 15.152 Loading class com/sun/media/sound/DirectAudioDevice$DirectDL$Balance
Event: 15.152 Loading class com/sun/media/sound/DirectAudioDevice$DirectDL$Balance done
Event: 15.152 Loading class com/sun/media/sound/DirectAudioDevice$DirectDL$Pan
Event: 15.152 Loading class com/sun/media/sound/DirectAudioDevice$DirectDL$Pan done
Event: 15.153 Loading class javax/sound/sampled/LineEvent
Event: 15.153 Loading class javax/sound/sampled/LineEvent done
Event: 15.153 Loading class javax/sound/sampled/LineEvent$Type
Event: 15.154 Loading class javax/sound/sampled/LineEvent$Type done
Event: 15.154 Loading class com/sun/media/sound/EventDispatcher
Event: 15.155 Loading class com/sun/media/sound/EventDispatcher done
Event: 16.038 Loading class java/lang/Math$RandomNumberGeneratorHolder
Event: 16.038 Loading class java/lang/Math$RandomNumberGeneratorHolder done
Event: 27.528 Loading class java/lang/foreign/MemorySegment
Event: 27.529 Loading class java/lang/foreign/MemorySegment done
Event: 35.231 Loading class java/io/PrintWriter
Event: 35.231 Loading class java/io/PrintWriter done
Event: 35.231 Loading class java/io/PrintWriter$1
Event: 35.232 Loading class jdk/internal/access/JavaIOPrintWriterAccess
Event: 35.232 Loading class jdk/internal/access/JavaIOPrintWriterAccess done
Event: 35.232 Loading class java/io/PrintWriter$1 done

Classes unloaded (0 events):
No events

Classes redefined (0 events):
No events

Internal exceptions (20 events):
Event: 1.136 Thread 0x0000778a7801af90 Exception <a 'java/lang/NoSuchMethodError'{0x000000008cf975c0}: 'int java.lang.invoke.Invokers$Holder.invokeExact_MT(java.lang.Object, java.lang.Object)'> (0x000000008cf975c0) 
thrown [./src/hotspot/share/interpreter/linkResolver.cpp, line 772]
Event: 1.449 Thread 0x0000778a7801af90 Exception <a 'java/lang/NoSuchMethodError'{0x000000008cd1a910}: 'int java.lang.invoke.DirectMethodHandle$Holder.invokeSpecial(java.lang.Object, java.lang.Object, java.lang.Object)'> (0x000000008cd1a910) 
thrown [./src/hotspot/share/interpreter/linkResolver.cpp, line 772]
Event: 1.465 Thread 0x0000778a7801af90 Exception <a 'java/lang/NoSuchMethodError'{0x000000008cd2b510}: 'java.lang.Object java.lang.invoke.DirectMethodHandle$Holder.invokeStatic(java.lang.Object, long, java.lang.Object)'> (0x000000008cd2b510) 
thrown [./src/hotspot/share/interpreter/linkResolver.cpp, line 772]
Event: 1.467 Thread 0x0000778a7801af90 Exception <a 'java/lang/NoSuchMethodError'{0x000000008cd2ecd8}: 'java.lang.Object java.lang.invoke.DirectMethodHandle$Holder.invokeStaticInit(java.lang.Object, long, java.lang.Object)'> (0x000000008cd2ecd8) 
thrown [./src/hotspot/share/interpreter/linkResolver.cpp, line 772]
Event: 1.469 Thread 0x0000778a7801af90 Exception <a 'java/lang/NoSuchMethodError'{0x000000008cd34580}: 'java.lang.Object java.lang.invoke.DirectMethodHandle$Holder.newInvokeSpecial(java.lang.Object, long)'> (0x000000008cd34580) 
thrown [./src/hotspot/share/interpreter/linkResolver.cpp, line 772]
Event: 1.478 Thread 0x0000778a7801af90 Exception <a 'java/lang/NoSuchMethodError'{0x000000008cd3bfc8}: 'java.lang.Object java.lang.invoke.DirectMethodHandle$Holder.newInvokeSpecial(java.lang.Object, java.lang.Object, java.lang.Object, int)'> (0x000000008cd3bfc8) 
thrown [./src/hotspot/share/interpreter/linkResolver.cpp, line 772]
Event: 1.480 Thread 0x0000778a7801af90 Exception <a 'java/lang/NoSuchMethodError'{0x000000008cd40210}: 'java.lang.Object java.lang.invoke.DirectMethodHandle$Holder.invokeSpecial(java.lang.Object, java.lang.Object, java.lang.Object, java.lang.Object, int)'> (0x000000008cd40210) 
thrown [./src/hotspot/share/interpreter/linkResolver.cpp, line 772]
Event: 1.481 Thread 0x0000778a7801af90 Exception <a 'java/lang/NoSuchMethodError'{0x000000008cd43b78}: 'java.lang.Object java.lang.invoke.Invokers$Holder.linkToTargetMethod(java.lang.Object, java.lang.Object, int, java.lang.Object)'> (0x000000008cd43b78) 
thrown [./src/hotspot/share/interpreter/linkResolver.cpp, line 772]
Event: 1.489 Thread 0x0000778a7801af90 Exception <a 'java/lang/NoSuchMethodError'{0x000000008cd4e088}: 'java.lang.Object java.lang.invoke.DirectMethodHandle$Holder.invokeStatic(java.lang.Object, java.lang.Object, int)'> (0x000000008cd4e088) 
thrown [./src/hotspot/share/interpreter/linkResolver.cpp, line 772]
Event: 1.491 Thread 0x0000778a7801af90 Exception <a 'java/lang/NoSuchMethodError'{0x000000008cd53cf8}: 'java.lang.Object java.lang.invoke.DirectMethodHandle$Holder.newInvokeSpecial(java.lang.Object, java.lang.Object, int)'> (0x000000008cd53cf8) 
thrown [./src/hotspot/share/interpreter/linkResolver.cpp, line 772]
Event: 1.570 Thread 0x0000778a7801af90 Exception <a 'java/lang/NoSuchMethodError'{0x000000008cc30c28}: 'int java.lang.invoke.DirectMethodHandle$Holder.invokeStatic(java.lang.Object)'> (0x000000008cc30c28) 
thrown [./src/hotspot/share/interpreter/linkResolver.cpp, line 772]
Event: 1.571 Thread 0x0000778a7801af90 Exception <a 'java/lang/NoSuchMethodError'{0x000000008cc33e80}: 'int java.lang.invoke.DelegatingMethodHandle$Holder.reinvoke_L(java.lang.Object)'> (0x000000008cc33e80) 
thrown [./src/hotspot/share/interpreter/linkResolver.cpp, line 772]
Event: 1.749 Thread 0x0000778a7801af90 Exception <a 'java/lang/NoSuchMethodError'{0x000000008cb62aa8}: 'java.lang.Object java.lang.invoke.DirectMethodHandle$Holder.invokeInterface(java.lang.Object, java.lang.Object)'> (0x000000008cb62aa8) 
thrown [./src/hotspot/share/interpreter/linkResolver.cpp, line 772]
Event: 1.749 Thread 0x0000778a7801af90 Exception <a 'java/lang/IncompatibleClassChangeError'{0x000000008cb65fe0}: Found class java.lang.Object, but interface was expected> (0x000000008cb65fe0) 
thrown [./src/hotspot/share/interpreter/linkResolver.cpp, line 840]
Event: 2.371 Thread 0x0000778a7801af90 Exception <a 'java/lang/NoSuchMethodError'{0x000000008c650b88}: 'long java.lang.invoke.DelegatingMethodHandle$Holder.reinvoke_L(java.lang.Object, java.lang.Object)'> (0x000000008c650b88) 
thrown [./src/hotspot/share/interpreter/linkResolver.cpp, line 772]
Event: 2.375 Thread 0x0000778a7801af90 Exception <a 'java/lang/NoSuchMethodError'{0x000000008c65aae8}: 'void java.lang.invoke.DelegatingMethodHandle$Holder.reinvoke_L(java.lang.Object, java.lang.Object, long)'> (0x000000008c65aae8) 
thrown [./src/hotspot/share/interpreter/linkResolver.cpp, line 772]
Event: 3.610 Thread 0x0000778a7850e620 Exception <a 'java/lang/NoSuchMethodError'{0x000000008d2556f0}: 'long java.lang.invoke.Invokers$Holder.invokeExact_MT(java.lang.Object, java.lang.Object, java.lang.Object)'> (0x000000008d2556f0) 
thrown [./src/hotspot/share/interpreter/linkResolver.cpp, line 772]
Event: 3.988 Thread 0x0000778a7801af90 Exception <a 'java/lang/NoSuchMethodError'{0x000000008d1c64e0}: 'void java.lang.invoke.DirectMethodHandle$Holder.invokeStaticInit(java.lang.Object)'> (0x000000008d1c64e0) 
thrown [./src/hotspot/share/interpreter/linkResolver.cpp, line 772]
Event: 4.293 Thread 0x0000778a784fad30 Implicit null exception at 0x0000778a6834f5a9 to 0x0000778a68353d84
Event: 5.793 Thread 0x0000778a78795950 Implicit null exception at 0x0000778a6838e3cb to 0x0000778a6838e5d8

ZGC Phase Switch (0 events):
No events

VM Operations (20 events):
Event: 42.654 Executing VM operation: Cleanup
Event: 42.654 Executing VM operation: Cleanup done
Event: 43.654 Executing VM operation: Cleanup
Event: 43.654 Executing VM operation: Cleanup done
Event: 44.654 Executing VM operation: Cleanup
Event: 44.654 Executing VM operation: Cleanup done
Event: 45.655 Executing VM operation: Cleanup
Event: 45.655 Executing VM operation: Cleanup done
Event: 49.655 Executing VM operation: Cleanup
Event: 49.655 Executing VM operation: Cleanup done
Event: 50.655 Executing VM operation: Cleanup
Event: 50.655 Executing VM operation: Cleanup done
Event: 51.656 Executing VM operation: Cleanup
Event: 51.656 Executing VM operation: Cleanup done
Event: 52.656 Executing VM operation: Cleanup
Event: 52.656 Executing VM operation: Cleanup done
Event: 54.656 Executing VM operation: Cleanup
Event: 54.656 Executing VM operation: Cleanup done
Event: 55.656 Executing VM operation: Cleanup
Event: 55.656 Executing VM operation: Cleanup done

Memory protections (20 events):
Event: 51.505 Protecting memory [0x000077883735c000,0x0000778837360000] with protection modes 0
Event: 51.700 Protecting memory [0x0000778835a50000,0x0000778835a54000] with protection modes 0
Event: 51.921 Protecting memory [0x000077883413a000,0x000077883413e000] with protection modes 0
Event: 52.204 Protecting memory [0x0000778832811000,0x0000778832815000] with protection modes 0
Event: 52.551 Protecting memory [0x0000778830ef8000,0x0000778830efc000] with protection modes 0
Event: 53.107 Protecting memory [0x000077882f5f5000,0x000077882f5f9000] with protection modes 0
Event: 53.373 Protecting memory [0x000077882dcf2000,0x000077882dcf6000] with protection modes 0
Event: 53.799 Protecting memory [0x000077882c3ef000,0x000077882c3f3000] with protection modes 0
Event: 54.104 Protecting memory [0x000077882aaec000,0x000077882aaf0000] with protection modes 0
Event: 54.522 Protecting memory [0x00007788291e9000,0x00007788291ed000] with protection modes 0
Event: 54.892 Protecting memory [0x000077882785d000,0x0000778827861000] with protection modes 0
Event: 55.093 Protecting memory [0x0000778825f48000,0x0000778825f4c000] with protection modes 0
Event: 55.265 Protecting memory [0x0000778824630000,0x0000778824634000] with protection modes 0
Event: 55.669 Protecting memory [0x0000778822d24000,0x0000778822d28000] with protection modes 0
Event: 56.029 Protecting memory [0x00007788213fe000,0x0000778821402000] with protection modes 0
Event: 56.298 Protecting memory [0x000077881fae5000,0x000077881fae9000] with protection modes 0
Event: 56.589 Protecting memory [0x000077881e1e2000,0x000077881e1e6000] with protection modes 0
Event: 56.928 Protecting memory [0x000077881c8df000,0x000077881c8e3000] with protection modes 0
Event: 57.206 Protecting memory [0x000077881afdc000,0x000077881afe0000] with protection modes 0
Event: 57.478 Protecting memory [0x00007788196d9000,0x00007788196dd000] with protection modes 0

Nmethod flushes (0 events):
No events

Events (20 events):
Event: 51.505 Thread 0x0000778a78795950 Thread added: 0x00007788a2b5b5c0
Event: 51.700 Thread 0x0000778a78795950 Thread added: 0x00007788a2bf1030
Event: 51.921 Thread 0x0000778a78795950 Thread added: 0x00007788a2c844d0
Event: 52.204 Thread 0x0000778a78795950 Thread added: 0x00007788a2d1a6d0
Event: 52.551 Thread 0x0000778a78795950 Thread added: 0x00007788a2db0950
Event: 53.106 Thread 0x0000778a78795950 Thread added: 0x00007788a2e469c0
Event: 53.373 Thread 0x0000778a78795950 Thread added: 0x00007788a2eece10
Event: 53.799 Thread 0x0000778a78795950 Thread added: 0x00007788a30198e0
Event: 54.104 Thread 0x0000778a78795950 Thread added: 0x00007788a30af9b0
Event: 54.522 Thread 0x0000778a78795950 Thread added: 0x00007788a3145790
Event: 54.892 Thread 0x0000778a78795950 Thread added: 0x00007788a31d9760
Event: 55.093 Thread 0x0000778a78795950 Thread added: 0x00007788a326ca20
Event: 55.264 Thread 0x0000778a78795950 Thread added: 0x00007788a3302ad0
Event: 55.669 Thread 0x0000778a78795950 Thread added: 0x00007788a2a2eda0
Event: 56.028 Thread 0x0000778a78795950 Thread added: 0x00007788a341ef60
Event: 56.297 Thread 0x0000778a78795950 Thread added: 0x00007788a34b5320
Event: 56.589 Thread 0x0000778a78795950 Thread added: 0x00007788a354b410
Event: 56.928 Thread 0x0000778a78795950 Thread added: 0x00007788a35e1bb0
Event: 57.206 Thread 0x0000778a78795950 Thread added: 0x00007788a3677dc0
Event: 57.478 Thread 0x0000778a78795950 Thread added: 0x00007788a370e320


Dynamic libraries:
85a00000-8d800000 rw-p 00000000 00:00 0 
8d800000-ffe00000 ---p 00000000 00:00 0 
ffe00000-fff0d000 rw-p 00cdf000 08:14 3409367                            /usr/lib/jvm/java-21-openjdk-amd64/lib/server/classes.jsa
fff0d000-100000000 rw-p 00000000 00:00 0 
596719351000-596719352000 r--p 00000000 08:14 3409293                    /usr/lib/jvm/java-21-openjdk-amd64/bin/java
596719352000-596719353000 r-xp 00001000 08:14 3409293                    /usr/lib/jvm/java-21-openjdk-amd64/bin/java
596719353000-596719354000 r--p 00002000 08:14 3409293                    /usr/lib/jvm/java-21-openjdk-amd64/bin/java
596719354000-596719355000 r--p 00002000 08:14 3409293                    /usr/lib/jvm/java-21-openjdk-amd64/bin/java
596719355000-596719356000 rw-p 00003000 08:14 3409293                    /usr/lib/jvm/java-21-openjdk-amd64/bin/java
59674025f000-596740340000 rw-p 00000000 00:00 0                          [heap]
778817ed6000-778817ed7000 ---p 00000000 00:00 0 
778817ed7000-7788186d7000 rw-p 00000000 00:00 0 
7788186d7000-7788186d8000 ---p 00000000 00:00 0 
7788186d8000-778818ed8000 rw-p 00000000 00:00 0 
778818ed8000-778818ed9000 ---p 00000000 00:00 0 
778818ed9000-7788196d9000 rw-p 00000000 00:00 0 
7788196d9000-7788196dd000 ---p 00000000 00:00 0 
7788196dd000-7788197d9000 rw-p 00000000 00:00 0 
7788197d9000-7788197da000 ---p 00000000 00:00 0 
7788197da000-778819fda000 rw-p 00000000 00:00 0 
778819fda000-778819fdb000 ---p 00000000 00:00 0 
778819fdb000-77881a7db000 rw-p 00000000 00:00 0 
77881a7db000-77881a7dc000 ---p 00000000 00:00 0 
77881a7dc000-77881afdc000 rw-p 00000000 00:00 0 
77881afdc000-77881afe0000 ---p 00000000 00:00 0 
77881afe0000-77881b0dc000 rw-p 00000000 00:00 0 
77881b0dc000-77881b0dd000 ---p 00000000 00:00 0 
77881b0dd000-77881b8dd000 rw-p 00000000 00:00 0 
77881b8dd000-77881b8de000 ---p 00000000 00:00 0 
77881b8de000-77881c0de000 rw-p 00000000 00:00 0 
77881c0de000-77881c0df000 ---p 00000000 00:00 0 
77881c0df000-77881c8df000 rw-p 00000000 00:00 0 
77881c8df000-77881c8e3000 ---p 00000000 00:00 0 
77881c8e3000-77881c9df000 rw-p 00000000 00:00 0 
77881c9df000-77881c9e0000 ---p 00000000 00:00 0 
77881c9e0000-77881d1e0000 rw-p 00000000 00:00 0 
77881d1e0000-77881d1e1000 ---p 00000000 00:00 0 
77881d1e1000-77881d9e1000 rw-p 00000000 00:00 0 
77881d9e1000-77881d9e2000 ---p 00000000 00:00 0 
77881d9e2000-77881e1e2000 rw-p 00000000 00:00 0 
77881e1e2000-77881e1e6000 ---p 00000000 00:00 0 
77881e1e6000-77881e2e2000 rw-p 00000000 00:00 0 
77881e2e2000-77881e2e3000 ---p 00000000 00:00 0 
77881e2e3000-77881eae3000 rw-p 00000000 00:00 0 
77881eae3000-77881eae4000 ---p 00000000 00:00 0 
77881eae4000-77881f2e4000 rw-p 00000000 00:00 0 
77881f2e4000-77881f2e5000 ---p 00000000 00:00 0 
77881f2e5000-77881fae5000 rw-p 00000000 00:00 0 
77881fae5000-77881fae9000 ---p 00000000 00:00 0 
77881fae9000-77881fbe5000 rw-p 00000000 00:00 0 
77881fbe5000-77881fbe6000 rw-s 00000000 00:01 42242                      /memfd:pipewire-memfd:flags=0x0000000f,type=2,size=4096 (deleted)
77881fbe6000-77881fbef000 rw-s 00000000 00:01 38768                      /memfd:pipewire-memfd:flags=0x0000000f,type=2,size=32832 (deleted)
77881fbef000-77881fbf8000 rw-s 00000000 00:01 38767                      /memfd:pipewire-memfd:flags=0x0000000f,type=2,size=32832 (deleted)
77881fbf8000-77881fbf9000 rw-s 00000000 00:01 6407                       /memfd:pipewire-memfd:flags=0x0000000f,type=2,size=2312 (deleted)
77881fbf9000-77881fbfa000 rw-s 00000000 00:01 42241                      /memfd:pipewire-memfd:flags=0x0000000f,type=2,size=2312 (deleted)
77881fbfa000-77881fbfb000 rw-s 00000000 00:01 43237                      /memfd:pipewire-memfd:flags=0x0000000f,type=2,size=2312 (deleted)
77881fbfb000-77881fbfc000 ---p 00000000 00:00 0 
77881fbfc000-7788203fc000 rw-p 00000000 00:00 0 
7788203fc000-7788203fd000 ---p 00000000 00:00 0 
7788203fd000-778820bfd000 rw-p 00000000 00:00 0 
778820bfd000-778820bfe000 ---p 00000000 00:00 0 
778820bfe000-7788213fe000 rw-p 00000000 00:00 0 
7788213fe000-778821402000 ---p 00000000 00:00 0 
778821402000-7788214fe000 rw-p 00000000 00:00 0 
7788214fe000-7788214ff000 rw-s 00000000 00:01 44099                      /memfd:pipewire-memfd:flags=0x0000000f,type=2,size=4096 (deleted)
7788214ff000-778821508000 rw-s 00000000 00:01 42240                      /memfd:pipewire-memfd:flags=0x0000000f,type=2,size=32832 (deleted)
778821508000-778821511000 rw-s 00000000 00:01 42239                      /memfd:pipewire-memfd:flags=0x0000000f,type=2,size=32832 (deleted)
778821511000-778821512000 ---p 00000000 00:00 0 
778821512000-778821d12000 rw-p 00000000 00:00 0 
778821d12000-778821d13000 ---p 00000000 00:00 0 
778821d13000-778822513000 rw-p 00000000 00:00 0 
778822513000-778822514000 ---p 00000000 00:00 0 
778822514000-778822d14000 rw-p 00000000 00:00 0 
778822d14000-778822d24000 rw-s 108687000 00:10 1059                      anon_inode:i915.gem
778822d24000-778822d28000 ---p 00000000 00:00 0 
778822d28000-778822e24000 rw-p 00000000 00:00 0 
778822e24000-778822e2d000 rw-s 00000000 00:01 43235                      /memfd:pipewire-memfd:flags=0x0000000f,type=2,size=32832 (deleted)
778822e2d000-778822e2e000 ---p 00000000 00:00 0 
778822e2e000-77882362e000 rw-p 00000000 00:00 0 
77882362e000-77882362f000 ---p 00000000 00:00 0 
77882362f000-778823e2f000 rw-p 00000000 00:00 0 
778823e2f000-778823e30000 ---p 00000000 00:00 0 
778823e30000-778824630000 rw-p 00000000 00:00 0 
778824630000-778824634000 ---p 00000000 00:00 0 
778824634000-778824730000 rw-p 00000000 00:00 0 
778824730000-778824731000 rw-s 00000000 00:01 43231                      /memfd:pipewire-memfd:flags=0x0000000f,type=2,size=4096 (deleted)
778824731000-77882473a000 rw-s 00000000 00:01 43233                      /memfd:pipewire-memfd:flags=0x0000000f,type=2,size=32832 (deleted)
77882473a000-778824743000 rw-s 00000000 00:01 43232                      /memfd:pipewire-memfd:flags=0x0000000f,type=2,size=32832 (deleted)
778824743000-778824744000 rw-s 00000000 00:01 6407                       /memfd:pipewire-memfd:flags=0x0000000f,type=2,size=2312 (deleted)
778824744000-778824745000 rw-s 00000000 00:01 43230                      /memfd:pipewire-memfd:flags=0x0000000f,type=2,size=2312 (deleted)
778824745000-778824746000 ---p 00000000 00:00 0 
778824746000-778824f46000 rw-p 00000000 00:00 0 
778824f46000-778824f47000 ---p 00000000 00:00 0 
778824f47000-778825747000 rw-p 00000000 00:00 0 
778825747000-778825748000 ---p 00000000 00:00 0 
778825748000-778825f48000 rw-p 00000000 00:00 0 
778825f48000-778825f4c000 ---p 00000000 00:00 0 
778825f4c000-778826048000 rw-p 00000000 00:00 0 
778826048000-778826051000 rw-s 00000000 00:01 42235                      /memfd:pipewire-memfd:flags=0x0000000f,type=2,size=32832 (deleted)
778826051000-77882605a000 rw-s 00000000 00:01 42234                      /memfd:pipewire-memfd:flags=0x0000000f,type=2,size=32832 (deleted)
77882605a000-77882605b000 ---p 00000000 00:00 0 
77882605b000-77882685b000 rw-p 00000000 00:00 0 
77882685b000-77882685c000 ---p 00000000 00:00 0 
77882685c000-77882705c000 rw-p 00000000 00:00 0 
77882705c000-77882705d000 ---p 00000000 00:00 0 
77882705d000-77882785d000 rw-p 00000000 00:00 0 
77882785d000-778827861000 ---p 00000000 00:00 0 
778827861000-77882795d000 rw-p 00000000 00:00 0 
77882795d000-778827966000 rw-s 00000000 00:01 38765                      /memfd:pipewire-memfd:flags=0x0000000f,type=2,size=32832 (deleted)
778827966000-778827967000 ---p 00000000 00:00 0 
778827967000-778828167000 rw-p 00000000 00:00 0 
778828167000-778828168000 ---p 00000000 00:00 0 
778828168000-778828968000 rw-p 00000000 00:00 0 
778828968000-778828969000 ---p 00000000 00:00 0 
778828969000-778829169000 rw-p 00000000 00:00 0 
778829169000-7788291e9000 rw-s 107667000 00:10 1059                      anon_inode:i915.gem
7788291e9000-7788291ed000 ---p 00000000 00:00 0 
7788291ed000-7788292e9000 rw-p 00000000 00:00 0 
7788292e9000-7788292ea000 ---p 00000000 00:00 0 
7788292ea000-778829aea000 rw-p 00000000 00:00 0 
778829aea000-778829aeb000 ---p 00000000 00:00 0 
778829aeb000-77882a2eb000 rw-p 00000000 00:00 0 
77882a2eb000-77882a2ec000 ---p 00000000 00:00 0 
77882a2ec000-77882aaec000 rw-p 00000000 00:00 0 
77882aaec000-77882aaf0000 ---p 00000000 00:00 0 
77882aaf0000-77882abec000 rw-p 00000000 00:00 0 
77882abec000-77882abed000 ---p 00000000 00:00 0 
77882abed000-77882b3ed000 rw-p 00000000 00:00 0 
77882b3ed000-77882b3ee000 ---p 00000000 00:00 0 
77882b3ee000-77882bbee000 rw-p 00000000 00:00 0 
77882bbee000-77882bbef000 ---p 00000000 00:00 0 
77882bbef000-77882c3ef000 rw-p 00000000 00:00 0 
77882c3ef000-77882c3f3000 ---p 00000000 00:00 0 
77882c3f3000-77882c4ef000 rw-p 00000000 00:00 0 
77882c4ef000-77882c4f0000 ---p 00000000 00:00 0 
77882c4f0000-77882ccf0000 rw-p 00000000 00:00 0 
77882ccf0000-77882ccf1000 ---p 00000000 00:00 0 
77882ccf1000-77882d4f1000 rw-p 00000000 00:00 0 
77882d4f1000-77882d4f2000 ---p 00000000 00:00 0 
77882d4f2000-77882dcf2000 rw-p 00000000 00:00 0 
77882dcf2000-77882dcf6000 ---p 00000000 00:00 0 
77882dcf6000-77882ddf2000 rw-p 00000000 00:00 0 
77882ddf2000-77882ddf3000 ---p 00000000 00:00 0 
77882ddf3000-77882e5f3000 rw-p 00000000 00:00 0 
77882e5f3000-77882e5f4000 ---p 00000000 00:00 0 
77882e5f4000-77882edf4000 rw-p 00000000 00:00 0 
77882edf4000-77882edf5000 ---p 00000000 00:00 0 
77882edf5000-77882f5f5000 rw-p 00000000 00:00 0 
77882f5f5000-77882f5f9000 ---p 00000000 00:00 0 
77882f5f9000-77882f6f5000 rw-p 00000000 00:00 0 
77882f6f5000-77882f6f6000 ---p 00000000 00:00 0 
77882f6f6000-77882fef6000 rw-p 00000000 00:00 0 
77882fef6000-77882fef7000 ---p 00000000 00:00 0 
77882fef7000-7788306f7000 rw-p 00000000 00:00 0 
7788306f7000-7788306f8000 ---p 00000000 00:00 0 
7788306f8000-778830ef8000 rw-p 00000000 00:00 0 
778830ef8000-778830efc000 ---p 00000000 00:00 0 
778830efc000-778830ff8000 rw-p 00000000 00:00 0 
778830ff8000-778830ff9000 rw-s 00000000 00:01 43228                      /memfd:pipewire-memfd:flags=0x0000000f,type=2,size=4096 (deleted)
778830ff9000-778831002000 rw-s 00000000 00:01 39861                      /memfd:pipewire-memfd:flags=0x0000000f,type=2,size=32832 (deleted)
778831002000-77883100b000 rw-s 00000000 00:01 39860                      /memfd:pipewire-memfd:flags=0x0000000f,type=2,size=32832 (deleted)
77883100b000-77883100c000 rw-s 00000000 00:01 6407                       /memfd:pipewire-memfd:flags=0x0000000f,type=2,size=2312 (deleted)
77883100c000-77883100d000 rw-s 00000000 00:01 43227                      /memfd:pipewire-memfd:flags=0x0000000f,type=2,size=2312 (deleted)
77883100d000-77883100e000 rw-s 00000000 00:01 36828                      /memfd:pipewire-memfd:flags=0x0000000f,type=2,size=2312 (deleted)
77883100e000-77883100f000 ---p 00000000 00:00 0 
77883100f000-77883180f000 rw-p 00000000 00:00 0 
77883180f000-778831810000 ---p 00000000 00:00 0 
778831810000-778832010000 rw-p 00000000 00:00 0 
778832010000-778832011000 ---p 00000000 00:00 0 
778832011000-778832811000 rw-p 00000000 00:00 0 
778832811000-778832815000 ---p 00000000 00:00 0 
778832815000-778832911000 rw-p 00000000 00:00 0 
778832911000-778832912000 rw-s 00000000 00:01 44090                      /memfd:pipewire-memfd:flags=0x0000000f,type=2,size=4096 (deleted)
778832912000-77883291b000 rw-s 00000000 00:01 43226                      /memfd:pipewire-memfd:flags=0x0000000f,type=2,size=32832 (deleted)
77883291b000-778832924000 rw-s 00000000 00:01 43225                      /memfd:pipewire-memfd:flags=0x0000000f,type=2,size=32832 (deleted)
778832924000-778832925000 rw-s 00000000 00:01 6407                       /memfd:pipewire-memfd:flags=0x0000000f,type=2,size=2312 (deleted)
778832925000-778832926000 rw-s 00000000 00:01 44089                      /memfd:pipewire-memfd:flags=0x0000000f,type=2,size=2312 (deleted)
778832926000-778832927000 rw-s 00000000 00:01 42227                      /memfd:pipewire-memfd:flags=0x0000000f,type=2,size=2312 (deleted)
778832927000-778832928000 ---p 00000000 00:00 0 
778832928000-778833128000 rw-p 00000000 00:00 0 
778833128000-778833129000 ---p 00000000 00:00 0 
778833129000-778833929000 rw-p 00000000 00:00 0 
778833929000-77883392a000 ---p 00000000 00:00 0 
77883392a000-77883412a000 rw-p 00000000 00:00 0 
77883412a000-77883412b000 rw-s 00000000 00:01 6407                       /memfd:pipewire-memfd:flags=0x0000000f,type=2,size=2312 (deleted)
77883412b000-77883412c000 rw-s 00000000 00:01 44098                      /memfd:pipewire-memfd:flags=0x0000000f,type=2,size=2312 (deleted)
77883412c000-77883412d000 rw-s 00000000 00:01 42238                      /memfd:pipewire-memfd:flags=0x0000000f,type=2,size=2312 (deleted)
77883412d000-77883412e000 rw-s 00000000 00:01 42237                      /memfd:pipewire-memfd:flags=0x0000000f,type=2,size=4096 (deleted)
77883412e000-778834137000 rw-s 00000000 00:01 43234                      /memfd:pipewire-memfd:flags=0x0000000f,type=2,size=32832 (deleted)
778834137000-778834138000 rw-s 00000000 00:01 6407                       /memfd:pipewire-memfd:flags=0x0000000f,type=2,size=2312 (deleted)
778834138000-778834139000 rw-s 00000000 00:01 42236                      /memfd:pipewire-memfd:flags=0x0000000f,type=2,size=2312 (deleted)
778834139000-77883413a000 rw-s 00000000 00:01 38766                      /memfd:pipewire-memfd:flags=0x0000000f,type=2,size=2312 (deleted)
77883413a000-77883413e000 ---p 00000000 00:00 0 
77883413e000-77883423a000 rw-p 00000000 00:00 0 
77883423a000-77883423b000 rw-s 00000000 00:01 38759                      /memfd:pipewire-memfd:flags=0x0000000f,type=2,size=4096 (deleted)
77883423b000-778834244000 rw-s 00000000 00:01 42226                      /memfd:pipewire-memfd:flags=0x0000000f,type=2,size=32832 (deleted)
778834244000-77883424d000 rw-s 00000000 00:01 42225                      /memfd:pipewire-memfd:flags=0x0000000f,type=2,size=32832 (deleted)
77883424d000-77883424e000 ---p 00000000 00:00 0 
77883424e000-778834a4e000 rw-p 00000000 00:00 0 
778834a4e000-778834a4f000 ---p 00000000 00:00 0 
778834a4f000-77883524f000 rw-p 00000000 00:00 0 
77883524f000-778835250000 ---p 00000000 00:00 0 
778835250000-778835a50000 rw-p 00000000 00:00 0 
778835a50000-778835a54000 ---p 00000000 00:00 0 
778835a54000-778835b50000 rw-p 00000000 00:00 0 
778835b50000-778835b59000 rw-s 00000000 00:01 42224                      /memfd:pipewire-memfd:flags=0x0000000f,type=2,size=32832 (deleted)
778835b59000-778835b5a000 ---p 00000000 00:00 0 
778835b5a000-77883635a000 rw-p 00000000 00:00 0 
77883635a000-77883635b000 ---p 00000000 00:00 0 
77883635b000-778836b5b000 rw-p 00000000 00:00 0 
778836b5b000-778836b5c000 ---p 00000000 00:00 0 
778836b5c000-77883735c000 rw-p 00000000 00:00 0 
77883735c000-778837360000 ---p 00000000 00:00 0 
778837360000-77883745c000 rw-p 00000000 00:00 0 
77883745c000-77883745d000 rw-s 00000000 00:01 36825                      /memfd:pipewire-memfd:flags=0x0000000f,type=2,size=4096 (deleted)
77883745d000-778837466000 rw-s 00000000 00:01 43224                      /memfd:pipewire-memfd:flags=0x0000000f,type=2,size=32832 (deleted)
778837466000-77883746f000 rw-s 00000000 00:01 43223                      /memfd:pipewire-memfd:flags=0x0000000f,type=2,size=32832 (deleted)
77883746f000-778837470000 rw-s 00000000 00:01 6407                       /memfd:pipewire-memfd:flags=0x0000000f,type=2,size=2312 (deleted)
778837470000-778837471000 rw-s 00000000 00:01 36824                      /memfd:pipewire-memfd:flags=0x0000000f,type=2,size=2312 (deleted)
778837471000-778837472000 rw-s 00000000 00:01 41340                      /memfd:pipewire-memfd:flags=0x0000000f,type=2,size=2312 (deleted)
778837472000-778837473000 ---p 00000000 00:00 0 
778837473000-778837c73000 rw-p 00000000 00:00 0 
778837c73000-778837c74000 ---p 00000000 00:00 0 
778837c74000-778838474000 rw-p 00000000 00:00 0 
778838474000-778838475000 ---p 00000000 00:00 0 
778838475000-778838c75000 rw-p 00000000 00:00 0 
778838c75000-778838c79000 ---p 00000000 00:00 0 
778838c79000-778838d75000 rw-p 00000000 00:00 0 
778838d75000-778838d76000 rw-s 00000000 00:01 36823                      /memfd:pipewire-memfd:flags=0x0000000f,type=2,size=4096 (deleted)
778838d76000-778838d7f000 rw-s 00000000 00:01 38756                      /memfd:pipewire-memfd:flags=0x0000000f,type=2,size=32832 (deleted)
778838d7f000-778838d88000 rw-s 00000000 00:01 38755                      /memfd:pipewire-memfd:flags=0x0000000f,type=2,size=32832 (deleted)
778838d88000-778838d89000 rw-s 00000000 00:01 6407                       /memfd:pipewire-memfd:flags=0x0000000f,type=2,size=2312 (deleted)
778838d89000-778838d8a000 rw-s 00000000 00:01 36822                      /memfd:pipewire-memfd:flags=0x0000000f,type=2,size=2312 (deleted)
778838d8a000-778838d8b000 rw-s 00000000 00:01 44087                      /memfd:pipewire-memfd:flags=0x0000000f,type=2,size=2312 (deleted)
778838d8b000-778838d8c000 ---p 00000000 00:00 0 
778838d8c000-77883958c000 rw-p 00000000 00:00 0 
77883958c000-77883958d000 ---p 00000000 00:00 0 
77883958d000-778839d8d000 rw-p 00000000 00:00 0 
778839d8d000-778839d8e000 ---p 00000000 00:00 0 
778839d8e000-77883a58e000 rw-p 00000000 00:00 0 
77883a58e000-77883a592000 ---p 00000000 00:00 0 
77883a592000-77883a68e000 rw-p 00000000 00:00 0 
77883a68e000-77883a68f000 rw-s 00000000 00:01 36821                      /memfd:pipewire-memfd:flags=0x0000000f,type=2,size=4096 (deleted)
77883a68f000-77883a698000 rw-s 00000000 00:01 42222                      /memfd:pipewire-memfd:flags=0x0000000f,type=2,size=32832 (deleted)
77883a698000-77883a6a1000 rw-s 00000000 00:01 42221                      /memfd:pipewire-memfd:flags=0x0000000f,type=2,size=32832 (deleted)
77883a6a1000-77883a6a2000 rw-s 00000000 00:01 6407                       /memfd:pipewire-memfd:flags=0x0000000f,type=2,size=2312 (deleted)
77883a6a2000-77883a6a3000 rw-s 00000000 00:01 36820                      /memfd:pipewire-memfd:flags=0x0000000f,type=2,size=2312 (deleted)
77883a6a3000-77883a6a4000 rw-s 00000000 00:01 44086                      /memfd:pipewire-memfd:flags=0x0000000f,type=2,size=2312 (deleted)
77883a6a4000-77883a6a5000 ---p 00000000 00:00 0 
77883a6a5000-77883aea5000 rw-p 00000000 00:00 0 
77883aea5000-77883aea6000 ---p 00000000 00:00 0 
77883aea6000-77883b6a6000 rw-p 00000000 00:00 0 
77883b6a6000-77883b6a7000 ---p 00000000 00:00 0 
77883b6a7000-77883bea7000 rw-p 00000000 00:00 0 
77883bebe000-77883bebf000 rw-s 00000000 00:01 42247                      /memfd:pipewire-memfd:flags=0x0000000f,type=2,size=2312 (deleted)
77883bebf000-77883bec0000 rw-s 00000000 00:01 42246                      /memfd:pipewire-memfd:flags=0x0000000f,type=2,size=4096 (deleted)
77883bec0000-77883bec9000 rw-s 00000000 00:01 43242                      /memfd:pipewire-memfd:flags=0x0000000f,type=2,size=32832 (deleted)
77883bec9000-77883bed2000 rw-s 00000000 00:01 43241                      /memfd:pipewire-memfd:flags=0x0000000f,type=2,size=32832 (deleted)
77883bed2000-77883bed3000 rw-s 00000000 00:01 6407                       /memfd:pipewire-memfd:flags=0x0000000f,type=2,size=2312 (deleted)
77883bed3000-77883bed4000 rw-s 00000000 00:01 42245                      /memfd:pipewire-memfd:flags=0x0000000f,type=2,size=2312 (deleted)
77883bed4000-77883bed5000 rw-s 00000000 00:01 39865                      /memfd:pipewire-memfd:flags=0x0000000f,type=2,size=2312 (deleted)
77883bed5000-77883bed6000 rw-s 00000000 00:01 43240                      /memfd:pipewire-memfd:flags=0x0000000f,type=2,size=4096 (deleted)
77883bed6000-77883bedf000 rw-s 00000000 00:01 44103                      /memfd:pipewire-memfd:flags=0x0000000f,type=2,size=32832 (deleted)
77883bedf000-77883bee8000 rw-s 00000000 00:01 44102                      /memfd:pipewire-memfd:flags=0x0000000f,type=2,size=32832 (deleted)
77883bee8000-77883bee9000 rw-s 00000000 00:01 6407                       /memfd:pipewire-memfd:flags=0x0000000f,type=2,size=2312 (deleted)
77883bee9000-77883beea000 rw-s 00000000 00:01 43239                      /memfd:pipewire-memfd:flags=0x0000000f,type=2,size=2312 (deleted)
77883beea000-77883beeb000 rw-s 00000000 00:01 38770                      /memfd:pipewire-memfd:flags=0x0000000f,type=2,size=2312 (deleted)
77883beeb000-77883beec000 rw-s 00000000 00:01 44101                      /memfd:pipewire-memfd:flags=0x0000000f,type=2,size=4096 (deleted)
77883beec000-77883bef5000 rw-s 00000000 00:01 42244                      /memfd:pipewire-memfd:flags=0x0000000f,type=2,size=32832 (deleted)
77883bef5000-77883befe000 rw-s 00000000 00:01 42243                      /memfd:pipewire-memfd:flags=0x0000000f,type=2,size=32832 (deleted)
77883befe000-77883beff000 rw-s 00000000 00:01 6407                       /memfd:pipewire-memfd:flags=0x0000000f,type=2,size=2312 (deleted)
77883beff000-77883bf00000 rw-s 00000000 00:01 44100                      /memfd:pipewire-memfd:flags=0x0000000f,type=2,size=2312 (deleted)
77883bf00000-77883bf01000 rw-s 00000000 00:01 38769                      /memfd:pipewire-memfd:flags=0x0000000f,type=2,size=2312 (deleted)
77883bf01000-77883bf11000 rw-s 1073c7000 00:10 1059                      anon_inode:i915.gem
77883bf11000-77883bf12000 rw-s 00000000 00:01 41347                      /memfd:pipewire-memfd:flags=0x0000000f,type=2,size=4096 (deleted)
77883bf12000-77883bf1b000 rw-s 00000000 00:01 39864                      /memfd:pipewire-memfd:flags=0x0000000f,type=2,size=32832 (deleted)
77883bf1b000-77883bf24000 rw-s 00000000 00:01 39863                      /memfd:pipewire-memfd:flags=0x0000000f,type=2,size=32832 (deleted)
77883bf24000-77883bf25000 rw-s 00000000 00:01 6407                       /memfd:pipewire-memfd:flags=0x0000000f,type=2,size=2312 (deleted)
77883bf25000-77883bf26000 rw-s 00000000 00:01 41346                      /memfd:pipewire-memfd:flags=0x0000000f,type=2,size=2312 (deleted)
77883bf26000-77883bf27000 rw-s 00000000 00:01 39862                      /memfd:pipewire-memfd:flags=0x0000000f,type=2,size=2312 (deleted)
77883bf27000-77883bf2b000 ---p 00000000 00:00 0 
77883bf2b000-77883c027000 rw-p 00000000 00:00 0 
77883c027000-77883c028000 rw-s 00000000 00:01 36816                      /memfd:pipewire-memfd:flags=0x0000000f,type=2,size=4096 (deleted)
77883c028000-77883c031000 rw-s 00000000 00:01 36818                      /memfd:pipewire-memfd:flags=0x0000000f,type=2,size=32832 (deleted)
77883c031000-77883c03a000 rw-s 00000000 00:01 36817                      /memfd:pipewire-memfd:flags=0x0000000f,type=2,size=32832 (deleted)
77883c03a000-77883c03b000 rw-s 00000000 00:01 6407                       /memfd:pipewire-memfd:flags=0x0000000f,type=2,size=2312 (deleted)
77883c03b000-77883c03c000 rw-s 00000000 00:01 36815                      /memfd:pipewire-memfd:flags=0x0000000f,type=2,size=2312 (deleted)
77883c03c000-77883c03d000 ---p 00000000 00:00 0 
77883c03d000-77883c83d000 rw-p 00000000 00:00 0 
77883c83d000-77883c83e000 ---p 00000000 00:00 0 
77883c83e000-77883d03e000 rw-p 00000000 00:00 0 
77883d03e000-77883d03f000 ---p 00000000 00:00 0 
77883d03f000-77883d83f000 rw-p 00000000 00:00 0 
77883d83f000-77883d843000 ---p 00000000 00:00 0 
77883d843000-77883d93f000 rw-p 00000000 00:00 0 
77883d93f000-77883d948000 rw-s 00000000 00:01 44085                      /memfd:pipewire-memfd:flags=0x0000000f,type=2,size=32832 (deleted)
77883d948000-77883d951000 rw-s 00000000 00:01 44084                      /memfd:pipewire-memfd:flags=0x0000000f,type=2,size=32832 (deleted)
77883d951000-77883d952000 ---p 00000000 00:00 0 
77883d952000-77883e152000 rw-p 00000000 00:00 0 
77883e152000-77883e153000 ---p 00000000 00:00 0 
77883e153000-77883e953000 rw-p 00000000 00:00 0 
77883e953000-77883e954000 ---p 00000000 00:00 0 
77883e954000-77883f154000 rw-p 00000000 00:00 0 
77883f154000-77883f158000 ---p 00000000 00:00 0 
77883f158000-77883f254000 rw-p 00000000 00:00 0 
77883f254000-77883f25d000 rw-s 00000000 00:01 43222                      /memfd:pipewire-memfd:flags=0x0000000f,type=2,size=32832 (deleted)
77883f25d000-77883f25e000 ---p 00000000 00:00 0 
77883f25e000-77883fa5e000 rw-p 00000000 00:00 0 
77883fa5e000-77883fa5f000 ---p 00000000 00:00 0 
77883fa5f000-77884025f000 rw-p 00000000 00:00 0 
77884025f000-778840260000 ---p 00000000 00:00 0 
778840260000-778840a60000 rw-p 00000000 00:00 0 
778840a60000-778840a64000 ---p 00000000 00:00 0 
778840a64000-778840b60000 rw-p 00000000 00:00 0 
778840b60000-778840b61000 ---p 00000000 00:00 0 
778840b61000-778841361000 rw-p 00000000 00:00 0 
778841361000-778841362000 ---p 00000000 00:00 0 
778841362000-778841b62000 rw-p 00000000 00:00 0 
778841b62000-778841b63000 ---p 00000000 00:00 0 
778841b63000-778842363000 rw-p 00000000 00:00 0 
778842363000-778842367000 ---p 00000000 00:00 0 
778842367000-778842463000 rw-p 00000000 00:00 0 
778842463000-778842464000 ---p 00000000 00:00 0 
778842464000-778842c64000 rw-p 00000000 00:00 0 
778842c64000-778842c65000 ---p 00000000 00:00 0 
778842c65000-778843465000 rw-p 00000000 00:00 0 
778843465000-778843466000 ---p 00000000 00:00 0 
778843466000-778843c66000 rw-p 00000000 00:00 0 
778843c66000-778843c6a000 ---p 00000000 00:00 0 
778843c6a000-778843d66000 rw-p 00000000 00:00 0 
778843d66000-778843d67000 ---p 00000000 00:00 0 
778843d67000-778844567000 rw-p 00000000 00:00 0 
778844567000-778844568000 ---p 00000000 00:00 0 
778844568000-778844d68000 rw-p 00000000 00:00 0 
778844d68000-778844d69000 ---p 00000000 00:00 0 
778844d69000-778845569000 rw-p 00000000 00:00 0 
778845569000-77884556d000 ---p 00000000 00:00 0 
77884556d000-778845669000 rw-p 00000000 00:00 0 
778845669000-77884566a000 ---p 00000000 00:00 0 
77884566a000-778845e6a000 rw-p 00000000 00:00 0 
778845e6a000-778845e6b000 ---p 00000000 00:00 0 
778845e6b000-77884666b000 rw-p 00000000 00:00 0 
77884666b000-77884666c000 ---p 00000000 00:00 0 
77884666c000-778846e6c000 rw-p 00000000 00:00 0 
778846e6c000-778846e70000 ---p 00000000 00:00 0 
778846e70000-778846f6c000 rw-p 00000000 00:00 0 
778846f6c000-778846f6d000 ---p 00000000 00:00 0 
778846f6d000-77884776d000 rw-p 00000000 00:00 0 
77884776d000-77884776e000 ---p 00000000 00:00 0 
77884776e000-778847f6e000 rw-p 00000000 00:00 0 
778847f6e000-778847f6f000 ---p 00000000 00:00 0 
778847f6f000-77884876f000 rw-p 00000000 00:00 0 
77884876f000-778848773000 ---p 00000000 00:00 0 
778848773000-77884886f000 rw-p 00000000 00:00 0 
77884886f000-778848870000 rw-s 00000000 00:01 43217                      /memfd:pipewire-memfd:flags=0x0000000f,type=2,size=4096 (deleted)
778848870000-778848879000 rw-s 00000000 00:01 41338                      /memfd:pipewire-memfd:flags=0x0000000f,type=2,size=32832 (deleted)
778848879000-778848882000 rw-s 00000000 00:01 41337                      /memfd:pipewire-memfd:flags=0x0000000f,type=2,size=32832 (deleted)
778848882000-778848883000 rw-s 00000000 00:01 6407                       /memfd:pipewire-memfd:flags=0x0000000f,type=2,size=2312 (deleted)
778848883000-778848884000 rw-s 00000000 00:01 43216                      /memfd:pipewire-memfd:flags=0x0000000f,type=2,size=2312 (deleted)
778848884000-778848885000 rw-s 00000000 00:01 38749                      /memfd:pipewire-memfd:flags=0x0000000f,type=2,size=2312 (deleted)
778848885000-778848886000 ---p 00000000 00:00 0 
778848886000-778849086000 rw-p 00000000 00:00 0 
778849086000-778849087000 ---p 00000000 00:00 0 
778849087000-778849887000 rw-p 00000000 00:00 0 
778849887000-778849888000 ---p 00000000 00:00 0 
778849888000-77884a088000 rw-p 00000000 00:00 0 
77884a088000-77884a08c000 ---p 00000000 00:00 0 
77884a08c000-77884a188000 rw-p 00000000 00:00 0 
77884a188000-77884a189000 rw-s 00000000 00:01 40267                      /memfd:pipewire-memfd:flags=0x0000000f,type=2,size=4096 (deleted)
77884a189000-77884a192000 rw-s 00000000 00:01 42216                      /memfd:pipewire-memfd:flags=0x0000000f,type=2,size=32832 (deleted)
77884a192000-77884a19b000 rw-s 00000000 00:01 42215                      /memfd:pipewire-memfd:flags=0x0000000f,type=2,size=32832 (deleted)
77884a19b000-77884a19c000 rw-s 00000000 00:01 6407                       /memfd:pipewire-memfd:flags=0x0000000f,type=2,size=2312 (deleted)
77884a19c000-77884a19d000 rw-s 00000000 00:01 38748                      /memfd:pipewire-memfd:flags=0x0000000f,type=2,size=2312 (deleted)
77884a19d000-77884a19e000 rw-s 00000000 00:01 40266                      /memfd:pipewire-memfd:flags=0x0000000f,type=2,size=2312 (deleted)
77884a19e000-77884a19f000 ---p 00000000 00:00 0 
77884a19f000-77884a99f000 rw-p 00000000 00:00 0 
77884a99f000-77884a9a0000 ---p 00000000 00:00 0 
77884a9a0000-77884b1a0000 rw-p 00000000 00:00 0 
77884b1a0000-77884b1a1000 ---p 00000000 00:00 0 
77884b1a1000-77884b9a1000 rw-p 00000000 00:00 0 
77884b9a1000-77884b9a5000 ---p 00000000 00:00 0 
77884b9a5000-77884baa1000 rw-p 00000000 00:00 0 
77884baa1000-77884baa2000 rw-s 00000000 00:01 40263                      /memfd:pipewire-memfd:flags=0x0000000f,type=2,size=4096 (deleted)
77884baa2000-77884baab000 rw-s 00000000 00:01 40265                      /memfd:pipewire-memfd:flags=0x0000000f,type=2,size=32832 (deleted)
77884baab000-77884bab4000 rw-s 00000000 00:01 40264                      /memfd:pipewire-memfd:flags=0x0000000f,type=2,size=32832 (deleted)
77884bab4000-77884bab5000 rw-s 00000000 00:01 6407                       /memfd:pipewire-memfd:flags=0x0000000f,type=2,size=2312 (deleted)
77884bab5000-77884bab6000 rw-s 00000000 00:01 40262                      /memfd:pipewire-memfd:flags=0x0000000f,type=2,size=2312 (deleted)
77884bab6000-77884bab7000 rw-s 00000000 00:01 38747                      /memfd:pipewire-memfd:flags=0x0000000f,type=2,size=2312 (deleted)
77884bab7000-77884bab8000 ---p 00000000 00:00 0 
77884bab8000-77884c2b8000 rw-p 00000000 00:00 0 
77884c2b8000-77884c2b9000 ---p 00000000 00:00 0 
77884c2b9000-77884cab9000 rw-p 00000000 00:00 0 
77884cab9000-77884caba000 ---p 00000000 00:00 0 
77884caba000-77884d2ba000 rw-p 00000000 00:00 0 
77884d2ba000-77884d2be000 ---p 00000000 00:00 0 
77884d2be000-77884d3ba000 rw-p 00000000 00:00 0 
77884d3ba000-77884d3c3000 rw-s 00000000 00:01 36808                      /memfd:pipewire-memfd:flags=0x0000000f,type=2,size=32832 (deleted)
77884d3c3000-77884d3cc000 rw-s 00000000 00:01 36807                      /memfd:pipewire-memfd:flags=0x0000000f,type=2,size=32832 (deleted)
77884d3cc000-77884d3cd000 ---p 00000000 00:00 0 
77884d3cd000-77884dbcd000 rw-p 00000000 00:00 0 
77884dbcd000-77884dbce000 ---p 00000000 00:00 0 
77884dbce000-77884e3ce000 rw-p 00000000 00:00 0 
77884e3ce000-77884e3cf000 ---p 00000000 00:00 0 
77884e3cf000-77884ebcf000 rw-p 00000000 00:00 0 
77884ebcf000-77884ebd3000 ---p 00000000 00:00 0 
77884ebd3000-77884eccf000 rw-p 00000000 00:00 0 
77884eccf000-77884ecd8000 rw-s 00000000 00:01 39856                      /memfd:pipewire-memfd:flags=0x0000000f,type=2,size=32832 (deleted)
77884ecd8000-77884ece1000 rw-s 00000000 00:01 39855                      /memfd:pipewire-memfd:flags=0x0000000f,type=2,size=32832 (deleted)
77884ece1000-77884ece2000 ---p 00000000 00:00 0 
77884ece2000-77884f4e2000 rw-p 00000000 00:00 0 
77884f4e2000-77884f4e3000 ---p 00000000 00:00 0 
77884f4e3000-77884fce3000 rw-p 00000000 00:00 0 
77884fce3000-77884fce4000 ---p 00000000 00:00 0 
77884fce4000-7788504e4000 rw-p 00000000 00:00 0 
7788504e4000-7788504e5000 rw-s 00000000 00:01 43229                      /memfd:pipewire-memfd:flags=0x0000000f,type=2,size=2312 (deleted)
7788504e5000-7788504e6000 rw-s 00000000 00:01 44097                      /memfd:pipewire-memfd:flags=0x0000000f,type=2,size=4096 (deleted)
7788504e6000-7788504e7000 rw-s 00000000 00:01 6407                       /memfd:pipewire-memfd:flags=0x0000000f,type=2,size=2312 (deleted)
7788504e7000-7788504e8000 rw-s 00000000 00:01 44096                      /memfd:pipewire-memfd:flags=0x0000000f,type=2,size=2312 (deleted)
7788504e8000-7788504e9000 rw-s 00000000 00:01 42233                      /memfd:pipewire-memfd:flags=0x0000000f,type=2,size=2312 (deleted)
7788504e9000-7788504ea000 rw-s 00000000 00:01 44095                      /memfd:pipewire-memfd:flags=0x0000000f,type=2,size=4096 (deleted)
7788504ea000-7788504f3000 rw-s 00000000 00:01 38764                      /memfd:pipewire-memfd:flags=0x0000000f,type=2,size=32832 (deleted)
7788504f3000-7788504f4000 rw-s 00000000 00:01 6407                       /memfd:pipewire-memfd:flags=0x0000000f,type=2,size=2312 (deleted)
7788504f4000-7788504f5000 rw-s 00000000 00:01 44094                      /memfd:pipewire-memfd:flags=0x0000000f,type=2,size=2312 (deleted)
7788504f5000-7788504f6000 rw-s 00000000 00:01 36835                      /memfd:pipewire-memfd:flags=0x0000000f,type=2,size=2312 (deleted)
7788504f6000-7788504f7000 rw-s 00000000 00:01 41345                      /memfd:pipewire-memfd:flags=0x0000000f,type=2,size=4096 (deleted)
7788504f7000-778850500000 rw-s 00000000 00:01 40281                      /memfd:pipewire-memfd:flags=0x0000000f,type=2,size=32832 (deleted)
778850500000-778850509000 rw-s 00000000 00:01 40280                      /memfd:pipewire-memfd:flags=0x0000000f,type=2,size=32832 (deleted)
778850509000-77885050a000 rw-s 00000000 00:01 6407                       /memfd:pipewire-memfd:flags=0x0000000f,type=2,size=2312 (deleted)
77885050a000-77885050b000 rw-s 00000000 00:01 41344                      /memfd:pipewire-memfd:flags=0x0000000f,type=2,size=2312 (deleted)
77885050b000-77885050c000 rw-s 00000000 00:01 40279                      /memfd:pipewire-memfd:flags=0x0000000f,type=2,size=2312 (deleted)
77885050c000-77885050d000 rw-s 00000000 00:01 42230                      /memfd:pipewire-memfd:flags=0x0000000f,type=2,size=4096 (deleted)
77885050d000-778850516000 rw-s 00000000 00:01 42232                      /memfd:pipewire-memfd:flags=0x0000000f,type=2,size=32832 (deleted)
778850516000-77885051f000 rw-s 00000000 00:01 42231                      /memfd:pipewire-memfd:flags=0x0000000f,type=2,size=32832 (deleted)
77885051f000-778850520000 rw-s 00000000 00:01 6407                       /memfd:pipewire-memfd:flags=0x0000000f,type=2,size=2312 (deleted)
778850520000-778850521000 rw-s 00000000 00:01 42229                      /memfd:pipewire-memfd:flags=0x0000000f,type=2,size=2312 (deleted)
778850521000-778850522000 rw-s 00000000 00:01 44093                      /memfd:pipewire-memfd:flags=0x0000000f,type=2,size=2312 (deleted)
778850522000-778850523000 rw-s 00000000 00:01 41342                      /memfd:pipewire-memfd:flags=0x0000000f,type=2,size=4096 (deleted)
778850523000-77885052c000 rw-s 00000000 00:01 36832                      /memfd:pipewire-memfd:flags=0x0000000f,type=2,size=32832 (deleted)
77885052c000-778850535000 rw-s 00000000 00:01 36831                      /memfd:pipewire-memfd:flags=0x0000000f,type=2,size=32832 (deleted)
778850535000-778850536000 rw-s 00000000 00:01 6407                       /memfd:pipewire-memfd:flags=0x0000000f,type=2,size=2312 (deleted)
778850536000-778850537000 rw-s 00000000 00:01 41341                      /memfd:pipewire-memfd:flags=0x0000000f,type=2,size=2312 (deleted)
778850537000-778850538000 rw-s 00000000 00:01 36830                      /memfd:pipewire-memfd:flags=0x0000000f,type=2,size=2312 (deleted)
778850538000-778850539000 rw-s 00000000 00:01 38761                      /memfd:pipewire-memfd:flags=0x0000000f,type=2,size=4096 (deleted)
778850539000-778850542000 rw-s 00000000 00:01 38763                      /memfd:pipewire-memfd:flags=0x0000000f,type=2,size=32832 (deleted)
778850542000-77885054b000 rw-s 00000000 00:01 38762                      /memfd:pipewire-memfd:flags=0x0000000f,type=2,size=32832 (deleted)
77885054b000-77885054c000 rw-s 00000000 00:01 6407                       /memfd:pipewire-memfd:flags=0x0000000f,type=2,size=2312 (deleted)
77885054c000-77885054d000 rw-s 00000000 00:01 38760                      /memfd:pipewire-memfd:flags=0x0000000f,type=2,size=2312 (deleted)
77885054d000-77885054e000 rw-s 00000000 00:01 36829                      /memfd:pipewire-memfd:flags=0x0000000f,type=2,size=2312 (deleted)
77885054e000-77885054f000 rw-s 00000000 00:01 40278                      /memfd:pipewire-memfd:flags=0x0000000f,type=2,size=4096 (deleted)
77885054f000-778850558000 rw-s 00000000 00:01 44092                      /memfd:pipewire-memfd:flags=0x0000000f,type=2,size=32832 (deleted)
778850558000-778850561000 rw-s 00000000 00:01 44091                      /memfd:pipewire-memfd:flags=0x0000000f,type=2,size=32832 (deleted)
778850561000-778850562000 rw-s 00000000 00:01 6407                       /memfd:pipewire-memfd:flags=0x0000000f,type=2,size=2312 (deleted)
778850562000-778850563000 rw-s 00000000 00:01 40277                      /memfd:pipewire-memfd:flags=0x0000000f,type=2,size=2312 (deleted)
778850563000-778850564000 rw-s 00000000 00:01 42228                      /memfd:pipewire-memfd:flags=0x0000000f,type=2,size=2312 (deleted)
778850564000-778850568000 ---p 00000000 00:00 0 
778850568000-778850664000 rw-p 00000000 00:00 0 
778850664000-778850665000 ---p 00000000 00:00 0 
778850665000-778850e65000 rw-p 00000000 00:00 0 
778850e65000-778850e66000 ---p 00000000 00:00 0 
778850e66000-778851666000 rw-p 00000000 00:00 0 
778851666000-778851667000 ---p 00000000 00:00 0 
778851667000-778851e67000 rw-p 00000000 00:00 0 
778851e67000-778851e6b000 ---p 00000000 00:00 0 
778851e6b000-778851f67000 rw-p 00000000 00:00 0 
778851f67000-778851f68000 ---p 00000000 00:00 0 
778851f68000-778852768000 rw-p 00000000 00:00 0 
778852768000-778852769000 ---p 00000000 00:00 0 
778852769000-778852f69000 rw-p 00000000 00:00 0 
778852f69000-778852f6a000 ---p 00000000 00:00 0 
778852f6a000-77885376a000 rw-p 00000000 00:00 0 
77885376a000-77885376e000 ---p 00000000 00:00 0 
77885376e000-77885386a000 rw-p 00000000 00:00 0 
77885386a000-77885386b000 ---p 00000000 00:00 0 
77885386b000-77885406b000 rw-p 00000000 00:00 0 
77885406b000-77885406c000 ---p 00000000 00:00 0 
77885406c000-77885486c000 rw-p 00000000 00:00 0 
77885486c000-77885486d000 ---p 00000000 00:00 0 
77885486d000-77885506d000 rw-p 00000000 00:00 0 
77885506d000-778855071000 ---p 00000000 00:00 0 
778855071000-77885516d000 rw-p 00000000 00:00 0 
77885516d000-77885516e000 ---p 00000000 00:00 0 
77885516e000-77885596e000 rw-p 00000000 00:00 0 
77885596e000-77885596f000 ---p 00000000 00:00 0 
77885596f000-77885616f000 rw-p 00000000 00:00 0 
77885616f000-778856170000 ---p 00000000 00:00 0 
778856170000-778856970000 rw-p 00000000 00:00 0 
778856970000-778856974000 ---p 00000000 00:00 0 
778856974000-778856a70000 rw-p 00000000 00:00 0 
778856a70000-778856a71000 ---p 00000000 00:00 0 
778856a71000-778857271000 rw-p 00000000 00:00 0 
778857271000-778857272000 ---p 00000000 00:00 0 
778857272000-778857a72000 rw-p 00000000 00:00 0 
778857a72000-778857a73000 ---p 00000000 00:00 0 
778857a73000-778858273000 rw-p 00000000 00:00 0 
778858273000-778858277000 ---p 00000000 00:00 0 
778858277000-778858373000 rw-p 00000000 00:00 0 
778858373000-778858374000 ---p 00000000 00:00 0 
778858374000-778858b74000 rw-p 00000000 00:00 0 
778858b74000-778858b75000 ---p 00000000 00:00 0 
778858b75000-778859375000 rw-p 00000000 00:00 0 
778859375000-778859376000 ---p 00000000 00:00 0 
778859376000-778859b76000 rw-p 00000000 00:00 0 
778859b76000-778859b7a000 ---p 00000000 00:00 0 
778859b7a000-778859c76000 rw-p 00000000 00:00 0 
778859c76000-778859c77000 ---p 00000000 00:00 0 
778859c77000-77885a477000 rw-p 00000000 00:00 0 
77885a477000-77885a478000 ---p 00000000 00:00 0 
77885a478000-77885ac78000 rw-p 00000000 00:00 0 
77885ac78000-77885ac79000 ---p 00000000 00:00 0 
77885ac79000-77885b479000 rw-p 00000000 00:00 0 
77885b479000-77885b47d000 ---p 00000000 00:00 0 
77885b47d000-77885b579000 rw-p 00000000 00:00 0 
77885b579000-77885b57a000 ---p 00000000 00:00 0 
77885b57a000-77885bd7a000 rw-p 00000000 00:00 0 
77885bd7a000-77885bd7b000 ---p 00000000 00:00 0 
77885bd7b000-77885c57b000 rw-p 00000000 00:00 0 
77885c57b000-77885c57c000 ---p 00000000 00:00 0 
77885c57c000-77885cd7c000 rw-p 00000000 00:00 0 
77885cd7c000-77885cd80000 ---p 00000000 00:00 0 
77885cd80000-77885ce7c000 rw-p 00000000 00:00 0 
77885ce7c000-77885ce7d000 ---p 00000000 00:00 0 
77885ce7d000-77885d67d000 rw-p 00000000 00:00 0 
77885d67d000-77885d67e000 ---p 00000000 00:00 0 
77885d67e000-77885de7e000 rw-p 00000000 00:00 0 
77885de7e000-77885de7f000 ---p 00000000 00:00 0 
77885de7f000-77885e67f000 rw-p 00000000 00:00 0 
77885e67f000-77885e683000 ---p 00000000 00:00 0 
77885e683000-77885e77f000 rw-p 00000000 00:00 0 
77885e77f000-77885e780000 ---p 00000000 00:00 0 
77885e780000-77885ef80000 rw-p 00000000 00:00 0 
77885ef80000-77885ef81000 ---p 00000000 00:00 0 
77885ef81000-77885f781000 rw-p 00000000 00:00 0 
77885f781000-77885f782000 ---p 00000000 00:00 0 
77885f782000-77885ff82000 rw-p 00000000 00:00 0 
77885ff82000-77885ff86000 ---p 00000000 00:00 0 
77885ff86000-778860082000 rw-p 00000000 00:00 0 
778860082000-778860083000 ---p 00000000 00:00 0 
778860083000-778860883000 rw-p 00000000 00:00 0 
778860883000-778860884000 ---p 00000000 00:00 0 
778860884000-778861084000 rw-p 00000000 00:00 0 
778861084000-778861085000 ---p 00000000 00:00 0 
778861085000-778861885000 rw-p 00000000 00:00 0 
778861885000-778861889000 ---p 00000000 00:00 0 
778861889000-778861985000 rw-p 00000000 00:00 0 
778861985000-778861986000 ---p 00000000 00:00 0 
778861986000-778862186000 rw-p 00000000 00:00 0 
778862186000-778862187000 ---p 00000000 00:00 0 
778862187000-778862987000 rw-p 00000000 00:00 0 
778862987000-778862988000 ---p 00000000 00:00 0 
778862988000-778863188000 rw-p 00000000 00:00 0 
778863188000-77886318c000 ---p 00000000 00:00 0 
77886318c000-778863288000 rw-p 00000000 00:00 0 
778863288000-778863289000 ---p 00000000 00:00 0 
778863289000-778863a89000 rw-p 00000000 00:00 0 
778863a89000-778863a8a000 ---p 00000000 00:00 0 
778863a8a000-77886428a000 rw-p 00000000 00:00 0 
77886428a000-77886428b000 ---p 00000000 00:00 0 
77886428b000-778864a8b000 rw-p 00000000 00:00 0 
778864a8b000-778864a8f000 ---p 00000000 00:00 0 
778864a8f000-778864b8b000 rw-p 00000000 00:00 0 
778864b8b000-778864b8c000 ---p 00000000 00:00 0 
778864b8c000-77886538c000 rw-p 00000000 00:00 0 
77886538c000-77886538d000 ---p 00000000 00:00 0 
77886538d000-778865b8d000 rw-p 00000000 00:00 0 
778865b8d000-778865b8e000 ---p 00000000 00:00 0 
778865b8e000-77886638e000 rw-p 00000000 00:00 0 
77886638e000-778866392000 ---p 00000000 00:00 0 
778866392000-77886648e000 rw-p 00000000 00:00 0 
77886648e000-77886648f000 ---p 00000000 00:00 0 
77886648f000-778866c8f000 rw-p 00000000 00:00 0 
778866c8f000-778866c90000 ---p 00000000 00:00 0 
778866c90000-778867490000 rw-p 00000000 00:00 0 
778867490000-778867491000 ---p 00000000 00:00 0 
778867491000-778867c91000 rw-p 00000000 00:00 0 
778867c91000-778867c95000 ---p 00000000 00:00 0 
778867c95000-778867d91000 rw-p 00000000 00:00 0 
778867d91000-778867d92000 ---p 00000000 00:00 0 
778867d92000-778868592000 rw-p 00000000 00:00 0 
778868592000-778868593000 ---p 00000000 00:00 0 
778868593000-778868d93000 rw-p 00000000 00:00 0 
778868d93000-778868d94000 ---p 00000000 00:00 0 
778868d94000-778869594000 rw-p 00000000 00:00 0 
778869594000-778869598000 ---p 00000000 00:00 0 
778869598000-778869694000 rw-p 00000000 00:00 0 
778869694000-778869695000 ---p 00000000 00:00 0 
778869695000-778869e95000 rw-p 00000000 00:00 0 
778869e95000-778869e96000 ---p 00000000 00:00 0 
778869e96000-77886a696000 rw-p 00000000 00:00 0 
77886a696000-77886a697000 ---p 00000000 00:00 0 
77886a697000-77886ae97000 rw-p 00000000 00:00 0 
77886ae97000-77886ae9b000 ---p 00000000 00:00 0 
77886ae9b000-77886af97000 rw-p 00000000 00:00 0 
77886af97000-77886af98000 ---p 00000000 00:00 0 
77886af98000-77886b798000 rw-p 00000000 00:00 0 
77886b798000-77886b799000 ---p 00000000 00:00 0 
77886b799000-77886bf99000 rw-p 00000000 00:00 0 
77886bf99000-77886bf9a000 ---p 00000000 00:00 0 
77886bf9a000-77886c79a000 rw-p 00000000 00:00 0 
77886c79a000-77886c79e000 ---p 00000000 00:00 0 
77886c79e000-77886c89a000 rw-p 00000000 00:00 0 
77886c89a000-77886c89b000 ---p 00000000 00:00 0 
77886c89b000-77886d09b000 rw-p 00000000 00:00 0 
77886d09b000-77886d09c000 ---p 00000000 00:00 0 
77886d09c000-77886d89c000 rw-p 00000000 00:00 0 
77886d89c000-77886d89d000 ---p 00000000 00:00 0 
77886d89d000-77886e09d000 rw-p 00000000 00:00 0 
77886e09d000-77886e0a1000 ---p 00000000 00:00 0 
77886e0a1000-77886e19d000 rw-p 00000000 00:00 0 
77886e19d000-77886e19e000 ---p 00000000 00:00 0 
77886e19e000-77886e99e000 rw-p 00000000 00:00 0 
77886e99e000-77886e99f000 ---p 00000000 00:00 0 
77886e99f000-77886f19f000 rw-p 00000000 00:00 0 
77886f19f000-77886f1a0000 ---p 00000000 00:00 0 
77886f1a0000-77886f9a0000 rw-p 00000000 00:00 0 
77886f9a0000-77886f9a4000 ---p 00000000 00:00 0 
77886f9a4000-77886faa0000 rw-p 00000000 00:00 0 
77886faa0000-77886faa1000 ---p 00000000 00:00 0 
77886faa1000-7788702a1000 rw-p 00000000 00:00 0 
7788702a1000-7788702a2000 ---p 00000000 00:00 0 
7788702a2000-778870aa2000 rw-p 00000000 00:00 0 
778870aa2000-778870aa3000 ---p 00000000 00:00 0 
778870aa3000-7788712a3000 rw-p 00000000 00:00 0 
7788712a3000-7788712a7000 ---p 00000000 00:00 0 
7788712a7000-7788713a3000 rw-p 00000000 00:00 0 
7788713a3000-7788713a4000 ---p 00000000 00:00 0 
7788713a4000-778871ba4000 rw-p 00000000 00:00 0 
778871ba4000-778871ba5000 ---p 00000000 00:00 0 
778871ba5000-7788723a5000 rw-p 00000000 00:00 0 
7788723a5000-7788723a6000 ---p 00000000 00:00 0 
7788723a6000-778872ba6000 rw-p 00000000 00:00 0 
778872ba6000-778872baa000 ---p 00000000 00:00 0 
778872baa000-778872ca6000 rw-p 00000000 00:00 0 
778872ca6000-778872ca7000 ---p 00000000 00:00 0 
778872ca7000-7788734a7000 rw-p 00000000 00:00 0 
7788734a7000-7788734a8000 ---p 00000000 00:00 0 
7788734a8000-778873ca8000 rw-p 00000000 00:00 0 
778873ca8000-778873ca9000 ---p 00000000 00:00 0 
778873ca9000-7788744a9000 rw-p 00000000 00:00 0 
7788744a9000-7788744ad000 ---p 00000000 00:00 0 
7788744ad000-7788745a9000 rw-p 00000000 00:00 0 
7788745a9000-7788745aa000 ---p 00000000 00:00 0 
7788745aa000-778874daa000 rw-p 00000000 00:00 0 
778874daa000-778874dab000 ---p 00000000 00:00 0 
778874dab000-7788755ab000 rw-p 00000000 00:00 0 
7788755ab000-7788755ac000 ---p 00000000 00:00 0 
7788755ac000-778875dac000 rw-p 00000000 00:00 0 
778875dac000-778875db0000 ---p 00000000 00:00 0 
778875db0000-778875eac000 rw-p 00000000 00:00 0 
778875eac000-778875ead000 ---p 00000000 00:00 0 
778875ead000-7788766ad000 rw-p 00000000 00:00 0 
7788766ad000-7788766ae000 ---p 00000000 00:00 0 
7788766ae000-778876eae000 rw-p 00000000 00:00 0 
778876eae000-778876eaf000 ---p 00000000 00:00 0 
778876eaf000-7788776af000 rw-p 00000000 00:00 0 
7788776af000-7788776b3000 ---p 00000000 00:00 0 
7788776b3000-7788777af000 rw-p 00000000 00:00 0 
7788777af000-7788777b0000 ---p 00000000 00:00 0 
7788777b0000-778877fb0000 rw-p 00000000 00:00 0 
778877fb0000-778877fb1000 ---p 00000000 00:00 0 
778877fb1000-7788787b1000 rw-p 00000000 00:00 0 
7788787b1000-7788787b2000 ---p 00000000 00:00 0 
7788787b2000-778878fb2000 rw-p 00000000 00:00 0 
778878fb2000-778878fb3000 ---p 00000000 00:00 0 
778878fb3000-7788797b3000 rw-p 00000000 00:00 0 
7788797b3000-7788797b4000 ---p 00000000 00:00 0 
7788797b4000-778879fb4000 rw-p 00000000 00:00 0 
778879fb4000-778879fb5000 ---p 00000000 00:00 0 
778879fb5000-77887a7b5000 rw-p 00000000 00:00 0 
77887a7b5000-77887a7b6000 ---p 00000000 00:00 0 
77887a7b6000-77887afb6000 rw-p 00000000 00:00 0 
77887afb6000-77887afb7000 ---p 00000000 00:00 0 
77887afb7000-77887b7b7000 rw-p 00000000 00:00 0 
77887b7b7000-77887b7b8000 ---p 00000000 00:00 0 
77887b7b8000-77887bfb8000 rw-p 00000000 00:00 0 
77887bfb8000-77887bfb9000 ---p 00000000 00:00 0 
77887bfb9000-77887c7b9000 rw-p 00000000 00:00 0 
77887c7b9000-77887c7ba000 ---p 00000000 00:00 0 
77887c7ba000-77887cfba000 rw-p 00000000 00:00 0 
77887cfba000-77887cfbb000 ---p 00000000 00:00 0 
77887cfbb000-77887d7bb000 rw-p 00000000 00:00 0 
77887d7bb000-77887d7bc000 ---p 00000000 00:00 0 
77887d7bc000-77887dfbc000 rw-p 00000000 00:00 0 
77887dfbc000-77887dfbd000 ---p 00000000 00:00 0 
77887dfbd000-77887e7bd000 rw-p 00000000 00:00 0 
77887e7bd000-77887e7be000 ---p 00000000 00:00 0 
77887e7be000-77887efbe000 rw-p 00000000 00:00 0 
77887efbe000-77887efbf000 ---p 00000000 00:00 0 
77887efbf000-77887f7bf000 rw-p 00000000 00:00 0 
77887f7bf000-77887f7c0000 ---p 00000000 00:00 0 
77887f7c0000-77887ffc0000 rw-p 00000000 00:00 0 
77887ffc0000-77887ffc1000 ---p 00000000 00:00 0 
77887ffc1000-7788807c1000 rw-p 00000000 00:00 0 
7788807c1000-7788807c2000 ---p 00000000 00:00 0 
7788807c2000-778880fc2000 rw-p 00000000 00:00 0 
778880fc2000-778880fc3000 ---p 00000000 00:00 0 
778880fc3000-7788817c3000 rw-p 00000000 00:00 0 
7788817c3000-7788817c4000 ---p 00000000 00:00 0 
7788817c4000-778881fc4000 rw-p 00000000 00:00 0 
778881fc4000-778881fc5000 ---p 00000000 00:00 0 
778881fc5000-7788827c5000 rw-p 00000000 00:00 0 
7788827c5000-7788827c6000 ---p 00000000 00:00 0 
7788827c6000-778882fc6000 rw-p 00000000 00:00 0 
778882fc6000-778882fc7000 ---p 00000000 00:00 0 
778882fc7000-7788837c7000 rw-p 00000000 00:00 0 
7788837c7000-7788837c8000 ---p 00000000 00:00 0 
7788837c8000-778883fc8000 rw-p 00000000 00:00 0 
778883fc8000-778883fc9000 ---p 00000000 00:00 0 
778883fc9000-7788847c9000 rw-p 00000000 00:00 0 
7788847c9000-7788847ca000 ---p 00000000 00:00 0 
7788847ca000-778884fca000 rw-p 00000000 00:00 0 
778884fca000-778884fcb000 ---p 00000000 00:00 0 
778884fcb000-7788857cb000 rw-p 00000000 00:00 0 
7788857cb000-7788857cc000 ---p 00000000 00:00 0 
7788857cc000-778885fcc000 rw-p 00000000 00:00 0 
778885fcc000-778885fcd000 ---p 00000000 00:00 0 
778885fcd000-7788867cd000 rw-p 00000000 00:00 0 
7788867cd000-7788867ce000 ---p 00000000 00:00 0 
7788867ce000-778886fce000 rw-p 00000000 00:00 0 
778886fce000-778886fcf000 ---p 00000000 00:00 0 
778886fcf000-7788877cf000 rw-p 00000000 00:00 0 
7788877cf000-7788877d0000 ---p 00000000 00:00 0 
7788877d0000-778887fd0000 rw-p 00000000 00:00 0 
778887fd0000-778887fd1000 ---p 00000000 00:00 0 
778887fd1000-7788887d1000 rw-p 00000000 00:00 0 
7788887d1000-7788887d2000 ---p 00000000 00:00 0 
7788887d2000-778888fd2000 rw-p 00000000 00:00 0 
778888fd2000-778888fd3000 ---p 00000000 00:00 0 
778888fd3000-7788897d3000 rw-p 00000000 00:00 0 
7788897d3000-7788897d4000 ---p 00000000 00:00 0 
7788897d4000-778889fd4000 rw-p 00000000 00:00 0 
778889fd4000-778889fd5000 ---p 00000000 00:00 0 
778889fd5000-77888a7d5000 rw-p 00000000 00:00 0 
77888a7d5000-77888a7d6000 ---p 00000000 00:00 0 
77888a7d6000-77888afd6000 rw-p 00000000 00:00 0 
77888afd6000-77888afd7000 ---p 00000000 00:00 0 
77888afd7000-77888b7d7000 rw-p 00000000 00:00 0 
77888b7d7000-77888b7d8000 ---p 00000000 00:00 0 
77888b7d8000-77888bfd8000 rw-p 00000000 00:00 0 
77888bfd8000-77888bfd9000 ---p 00000000 00:00 0 
77888bfd9000-77888c7d9000 rw-p 00000000 00:00 0 
77888c7d9000-77888c7da000 ---p 00000000 00:00 0 
77888c7da000-77888cfda000 rw-p 00000000 00:00 0 
77888cfda000-77888cfdb000 ---p 00000000 00:00 0 
77888cfdb000-77888d7db000 rw-p 00000000 00:00 0 
77888d7db000-77888d7dc000 ---p 00000000 00:00 0 
77888d7dc000-77888dfdc000 rw-p 00000000 00:00 0 
77888dfdc000-77888dfdd000 ---p 00000000 00:00 0 
77888dfdd000-77888e7dd000 rw-p 00000000 00:00 0 
77888e7dd000-77888e7de000 ---p 00000000 00:00 0 
77888e7de000-77888efde000 rw-p 00000000 00:00 0 
77888efde000-77888efdf000 ---p 00000000 00:00 0 
77888efdf000-77888f7df000 rw-p 00000000 00:00 0 
77888f7df000-77888f7e0000 ---p 00000000 00:00 0 
77888f7e0000-77888ffe0000 rw-p 00000000 00:00 0 
77888ffe0000-77888ffe1000 ---p 00000000 00:00 0 
77888ffe1000-7788907e1000 rw-p 00000000 00:00 0 
7788907e1000-7788907e2000 ---p 00000000 00:00 0 
7788907e2000-778890fe2000 rw-p 00000000 00:00 0 
778890fe2000-778890fe3000 ---p 00000000 00:00 0 
778890fe3000-7788917e3000 rw-p 00000000 00:00 0 
7788917e3000-7788917e4000 ---p 00000000 00:00 0 
7788917e4000-778891fe4000 rw-p 00000000 00:00 0 
778891fe4000-778891fe5000 ---p 00000000 00:00 0 
778891fe5000-7788927e5000 rw-p 00000000 00:00 0 
7788927e5000-7788927e6000 ---p 00000000 00:00 0 
7788927e6000-778892fe6000 rw-p 00000000 00:00 0 
778892fe6000-778892fe7000 ---p 00000000 00:00 0 
778892fe7000-7788937e7000 rw-p 00000000 00:00 0 
7788937e7000-7788937e8000 ---p 00000000 00:00 0 
7788937e8000-778893fe8000 rw-p 00000000 00:00 0 
778893fe8000-778893fe9000 ---p 00000000 00:00 0 
778893fe9000-7788947e9000 rw-p 00000000 00:00 0 
7788947e9000-7788947ea000 ---p 00000000 00:00 0 
7788947ea000-778894fea000 rw-p 00000000 00:00 0 
778894fea000-778894feb000 ---p 00000000 00:00 0 
778894feb000-7788957eb000 rw-p 00000000 00:00 0 
7788957eb000-7788957ec000 ---p 00000000 00:00 0 
7788957ec000-778895fec000 rw-p 00000000 00:00 0 
778895fec000-778895fed000 ---p 00000000 00:00 0 
778895fed000-7788967ed000 rw-p 00000000 00:00 0 
7788967ed000-7788967ee000 ---p 00000000 00:00 0 
7788967ee000-778896fee000 rw-p 00000000 00:00 0 
778896fee000-778896fef000 ---p 00000000 00:00 0 
778896fef000-7788977ef000 rw-p 00000000 00:00 0 
7788977ef000-7788977f0000 ---p 00000000 00:00 0 
7788977f0000-778897ff0000 rw-p 00000000 00:00 0 
778897ff0000-778897ff1000 ---p 00000000 00:00 0 
778897ff1000-7788987f1000 rw-p 00000000 00:00 0 
7788987f1000-7788987f2000 ---p 00000000 00:00 0 
7788987f2000-778898ff2000 rw-p 00000000 00:00 0 
778898ff2000-778898ff3000 ---p 00000000 00:00 0 
778898ff3000-7788997f3000 rw-p 00000000 00:00 0 
7788997f3000-7788997f4000 ---p 00000000 00:00 0 
7788997f4000-778899ff4000 rw-p 00000000 00:00 0 
778899ff4000-778899ff5000 ---p 00000000 00:00 0 
778899ff5000-77889a7f5000 rw-p 00000000 00:00 0 
77889a7f5000-77889a7f6000 ---p 00000000 00:00 0 
77889a7f6000-77889aff6000 rw-p 00000000 00:00 0 
77889aff6000-77889aff7000 ---p 00000000 00:00 0 
77889aff7000-77889b7f7000 rw-p 00000000 00:00 0 
77889b7f7000-77889b7f8000 ---p 00000000 00:00 0 
77889b7f8000-77889bff8000 rw-p 00000000 00:00 0 
77889bff8000-77889bff9000 ---p 00000000 00:00 0 
77889bff9000-77889c7f9000 rw-p 00000000 00:00 0 
77889c7f9000-77889c7fa000 ---p 00000000 00:00 0 
77889c7fa000-77889cffa000 rw-p 00000000 00:00 0 
77889cffa000-77889cffb000 ---p 00000000 00:00 0 
77889cffb000-77889d7fb000 rw-p 00000000 00:00 0 
77889d7fb000-77889d7fc000 ---p 00000000 00:00 0 
77889d7fc000-77889dffc000 rw-p 00000000 00:00 0 
77889dffc000-77889dffd000 ---p 00000000 00:00 0 
77889dffd000-77889e7fd000 rw-p 00000000 00:00 0 
77889e7fd000-77889e7fe000 ---p 00000000 00:00 0 
77889e7fe000-77889effe000 rw-p 00000000 00:00 0 
77889effe000-77889efff000 ---p 00000000 00:00 0 
77889efff000-77889f7ff000 rw-p 00000000 00:00 0 
77889f7ff000-77889f800000 ---p 00000000 00:00 0 
77889f800000-7788a0000000 rw-p 00000000 00:00 0 
7788a0000000-7788a37a2000 rw-p 00000000 00:00 0 
7788a37a2000-7788a4000000 ---p 00000000 00:00 0 
7788a4000000-7788a4001000 rw-s 00000000 00:01 36806                      /memfd:pipewire-memfd:flags=0x0000000f,type=2,size=4096 (deleted)
7788a4001000-7788a4002000 rw-s 00000000 00:01 41339                      /memfd:pipewire-memfd:flags=0x0000000f,type=2,size=2312 (deleted)
7788a4002000-7788a4003000 rw-s 00000000 00:01 36814                      /memfd:pipewire-memfd:flags=0x0000000f,type=2,size=4096 (deleted)
7788a4003000-7788a4004000 rw-s 00000000 00:01 6407                       /memfd:pipewire-memfd:flags=0x0000000f,type=2,size=2312 (deleted)
7788a4004000-7788a4005000 rw-s 00000000 00:01 36813                      /memfd:pipewire-memfd:flags=0x0000000f,type=2,size=2312 (deleted)
7788a4005000-7788a4006000 rw-s 00000000 00:01 40275                      /memfd:pipewire-memfd:flags=0x0000000f,type=2,size=2312 (deleted)
7788a4006000-7788a4007000 rw-s 00000000 00:01 42220                      /memfd:pipewire-memfd:flags=0x0000000f,type=2,size=4096 (deleted)
7788a4007000-7788a4010000 rw-s 00000000 00:01 43221                      /memfd:pipewire-memfd:flags=0x0000000f,type=2,size=32832 (deleted)
7788a4010000-7788a4011000 rw-s 00000000 00:01 6407                       /memfd:pipewire-memfd:flags=0x0000000f,type=2,size=2312 (deleted)
7788a4011000-7788a4012000 rw-s 00000000 00:01 43220                      /memfd:pipewire-memfd:flags=0x0000000f,type=2,size=2312 (deleted)
7788a4012000-7788a4013000 rw-s 00000000 00:01 36812                      /memfd:pipewire-memfd:flags=0x0000000f,type=2,size=2312 (deleted)
7788a4013000-7788a4023000 rw-s 108a67000 00:10 1059                      anon_inode:i915.gem
7788a4023000-7788a4024000 rw-s 00000000 00:01 38754                      /memfd:pipewire-memfd:flags=0x0000000f,type=2,size=4096 (deleted)
7788a4024000-7788a402d000 rw-s 00000000 00:01 42219                      /memfd:pipewire-memfd:flags=0x0000000f,type=2,size=32832 (deleted)
7788a402d000-7788a4036000 rw-s 00000000 00:01 42218                      /memfd:pipewire-memfd:flags=0x0000000f,type=2,size=32832 (deleted)
7788a4036000-7788a403f000 rw-s 00000000 00:01 44083                      /memfd:pipewire-memfd:flags=0x0000000f,type=2,size=32832 (deleted)
7788a403f000-7788a4040000 rw-s 00000000 00:01 44081                      /memfd:pipewire-memfd:flags=0x0000000f,type=2,size=4096 (deleted)
7788a4040000-7788a4049000 rw-s 00000000 00:01 40271                      /memfd:pipewire-memfd:flags=0x0000000f,type=2,size=32832 (deleted)
7788a4049000-7788a4052000 rw-s 00000000 00:01 40270                      /memfd:pipewire-memfd:flags=0x0000000f,type=2,size=32832 (deleted)
7788a4052000-7788a4053000 rw-s 00000000 00:01 6407                       /memfd:pipewire-memfd:flags=0x0000000f,type=2,size=2312 (deleted)
7788a4053000-7788a4054000 rw-s 00000000 00:01 44080                      /memfd:pipewire-memfd:flags=0x0000000f,type=2,size=2312 (deleted)
7788a4054000-7788a4055000 rw-s 00000000 00:01 38752                      /memfd:pipewire-memfd:flags=0x0000000f,type=2,size=2312 (deleted)
7788a4055000-7788a4056000 rw-s 00000000 00:01 43219                      /memfd:pipewire-memfd:flags=0x0000000f,type=2,size=4096 (deleted)
7788a4056000-7788a405f000 rw-s 00000000 00:01 39859                      /memfd:pipewire-memfd:flags=0x0000000f,type=2,size=32832 (deleted)
7788a405f000-7788a4068000 rw-s 00000000 00:01 39858                      /memfd:pipewire-memfd:flags=0x0000000f,type=2,size=32832 (deleted)
7788a4068000-7788a4069000 rw-s 00000000 00:01 6407                       /memfd:pipewire-memfd:flags=0x0000000f,type=2,size=2312 (deleted)
7788a4069000-7788a406a000 rw-s 00000000 00:01 43218                      /memfd:pipewire-memfd:flags=0x0000000f,type=2,size=2312 (deleted)
7788a406a000-7788a406b000 rw-s 00000000 00:01 36809                      /memfd:pipewire-memfd:flags=0x0000000f,type=2,size=2312 (deleted)
7788a406b000-7788a406c000 rw-s 00000000 00:01 38751                      /memfd:pipewire-memfd:flags=0x0000000f,type=2,size=4096 (deleted)
7788a406c000-7788a4075000 rw-s 00000000 00:01 40269                      /memfd:pipewire-memfd:flags=0x0000000f,type=2,size=32832 (deleted)
7788a4075000-7788a407e000 rw-s 00000000 00:01 40268                      /memfd:pipewire-memfd:flags=0x0000000f,type=2,size=32832 (deleted)
7788a407e000-7788a407f000 rw-s 00000000 00:01 6407                       /memfd:pipewire-memfd:flags=0x0000000f,type=2,size=2312 (deleted)
7788a407f000-7788a4080000 rw-s 00000000 00:01 38750                      /memfd:pipewire-memfd:flags=0x0000000f,type=2,size=2312 (deleted)
7788a4080000-7788a4081000 rw-s 00000000 00:01 39857                      /memfd:pipewire-memfd:flags=0x0000000f,type=2,size=2312 (deleted)
7788a4081000-7788a4085000 ---p 00000000 00:00 0 
7788a4085000-7788a4181000 rw-p 00000000 00:00 0 
7788a4181000-7788a4185000 ---p 00000000 00:00 0 
7788a4185000-7788a4281000 rw-p 00000000 00:00 0 
7788a4281000-7788a4285000 ---p 00000000 00:00 0 
7788a4285000-7788a4381000 rw-p 00000000 00:00 0 
7788a4381000-7788a4385000 ---p 00000000 00:00 0 
7788a4385000-7788a4481000 rw-p 00000000 00:00 0 
7788a4481000-7788a4485000 ---p 00000000 00:00 0 
7788a4485000-7788a4581000 rw-p 00000000 00:00 0 
7788a4581000-7788a4585000 ---p 00000000 00:00 0 
7788a4585000-7788a4681000 rw-p 00000000 00:00 0 
7788a4681000-7788a4685000 ---p 00000000 00:00 0 
7788a4685000-7788a4781000 rw-p 00000000 00:00 0 
7788a4781000-7788a4782000 ---p 00000000 00:00 0 
7788a4782000-7788a4f82000 rw-p 00000000 00:00 0 
7788a4f82000-7788a4f83000 ---p 00000000 00:00 0 
7788a4f83000-7788a5783000 rw-p 00000000 00:00 0 
7788a5783000-7788a5784000 ---p 00000000 00:00 0 
7788a5784000-7788a5f84000 rw-p 00000000 00:00 0 
7788a5f84000-7788a5f85000 ---p 00000000 00:00 0 
7788a5f85000-7788a6785000 rw-p 00000000 00:00 0 
7788a6785000-7788a6786000 ---p 00000000 00:00 0 
7788a6786000-7788a6f86000 rw-p 00000000 00:00 0 
7788a6f86000-7788a6f87000 ---p 00000000 00:00 0 
7788a6f87000-7788a7787000 rw-p 00000000 00:00 0 
7788a7787000-7788a7788000 ---p 00000000 00:00 0 
7788a7788000-7788a7f88000 rw-p 00000000 00:00 0 
7788a7f88000-7788a7f89000 ---p 00000000 00:00 0 
7788a7f89000-7788a8789000 rw-p 00000000 00:00 0 
7788a8789000-7788a878a000 ---p 00000000 00:00 0 
7788a878a000-7788a8f8a000 rw-p 00000000 00:00 0 
7788a8f8a000-7788a8f8b000 ---p 00000000 00:00 0 
7788a8f8b000-7788a978b000 rw-p 00000000 00:00 0 
7788a978b000-7788a978c000 ---p 00000000 00:00 0 
7788a978c000-7788a9f8c000 rw-p 00000000 00:00 0 
7788a9f8c000-7788a9f8d000 ---p 00000000 00:00 0 
7788a9f8d000-7788aa78d000 rw-p 00000000 00:00 0 
7788aa78d000-7788aa78e000 ---p 00000000 00:00 0 
7788aa78e000-7788aaf8e000 rw-p 00000000 00:00 0 
7788aaf8e000-7788aaf8f000 ---p 00000000 00:00 0 
7788aaf8f000-7788ab78f000 rw-p 00000000 00:00 0 
7788ab78f000-7788ab790000 ---p 00000000 00:00 0 
7788ab790000-7788abf90000 rw-p 00000000 00:00 0 
7788abf90000-7788abf91000 ---p 00000000 00:00 0 
7788abf91000-7788ac791000 rw-p 00000000 00:00 0 
7788ac791000-7788ac792000 ---p 00000000 00:00 0 
7788ac792000-7788acf92000 rw-p 00000000 00:00 0 
7788acf92000-7788acf93000 ---p 00000000 00:00 0 
7788acf93000-7788ad793000 rw-p 00000000 00:00 0 
7788ad793000-7788ad794000 ---p 00000000 00:00 0 
7788ad794000-7788adf94000 rw-p 00000000 00:00 0 
7788adf94000-7788adf95000 ---p 00000000 00:00 0 
7788adf95000-7788ae795000 rw-p 00000000 00:00 0 
7788ae795000-7788ae796000 ---p 00000000 00:00 0 
7788ae796000-7788aef96000 rw-p 00000000 00:00 0 
7788aef96000-7788aef97000 ---p 00000000 00:00 0 
7788aef97000-7788af797000 rw-p 00000000 00:00 0 
7788af797000-7788af798000 ---p 00000000 00:00 0 
7788af798000-7788aff98000 rw-p 00000000 00:00 0 
7788aff98000-7788aff99000 ---p 00000000 00:00 0 
7788aff99000-7788b0799000 rw-p 00000000 00:00 0 
7788b0799000-7788b079a000 ---p 00000000 00:00 0 
7788b079a000-7788b0f9a000 rw-p 00000000 00:00 0 
7788b0f9a000-7788b0f9b000 ---p 00000000 00:00 0 
7788b0f9b000-7788b179b000 rw-p 00000000 00:00 0 
7788b179b000-7788b179c000 ---p 00000000 00:00 0 
7788b179c000-7788b1f9c000 rw-p 00000000 00:00 0 
7788b1f9c000-7788b1f9d000 ---p 00000000 00:00 0 
7788b1f9d000-7788b279d000 rw-p 00000000 00:00 0 
7788b279d000-7788b279e000 ---p 00000000 00:00 0 
7788b279e000-7788b2f9e000 rw-p 00000000 00:00 0 
7788b2f9e000-7788b2f9f000 ---p 00000000 00:00 0 
7788b2f9f000-7788b379f000 rw-p 00000000 00:00 0 
7788b379f000-7788b37a0000 ---p 00000000 00:00 0 
7788b37a0000-7788b3fa0000 rw-p 00000000 00:00 0 
7788b3fa0000-7788b3fa1000 ---p 00000000 00:00 0 
7788b3fa1000-7788b47a1000 rw-p 00000000 00:00 0 
7788b47a1000-7788b47a2000 ---p 00000000 00:00 0 
7788b47a2000-7788b4fa2000 rw-p 00000000 00:00 0 
7788b4fa2000-7788b4fa3000 ---p 00000000 00:00 0 
7788b4fa3000-7788b57a3000 rw-p 00000000 00:00 0 
7788b57a3000-7788b57a4000 ---p 00000000 00:00 0 
7788b57a4000-7788b5fa4000 rw-p 00000000 00:00 0 
7788b5fa4000-7788b5fa5000 ---p 00000000 00:00 0 
7788b5fa5000-7788b67a5000 rw-p 00000000 00:00 0 
7788b67a5000-7788b67a6000 ---p 00000000 00:00 0 
7788b67a6000-7788b6fa6000 rw-p 00000000 00:00 0 
7788b6fa6000-7788b6fa7000 ---p 00000000 00:00 0 
7788b6fa7000-7788b77a7000 rw-p 00000000 00:00 0 
7788b77a7000-7788b77a8000 ---p 00000000 00:00 0 
7788b77a8000-7788b7fa8000 rw-p 00000000 00:00 0 
7788b7fa8000-7788b7fa9000 ---p 00000000 00:00 0 
7788b7fa9000-7788b87a9000 rw-p 00000000 00:00 0 
7788b87a9000-7788b87aa000 ---p 00000000 00:00 0 
7788b87aa000-7788b8faa000 rw-p 00000000 00:00 0 
7788b8faa000-7788b8fab000 ---p 00000000 00:00 0 
7788b8fab000-7788b97ab000 rw-p 00000000 00:00 0 
7788b97ab000-7788b97ac000 ---p 00000000 00:00 0 
7788b97ac000-7788b9fac000 rw-p 00000000 00:00 0 
7788b9fac000-7788b9fad000 ---p 00000000 00:00 0 
7788b9fad000-7788ba7ad000 rw-p 00000000 00:00 0 
7788ba7ad000-7788ba7ae000 ---p 00000000 00:00 0 
7788ba7ae000-7788bafae000 rw-p 00000000 00:00 0 
7788bafae000-7788bafaf000 ---p 00000000 00:00 0 
7788bafaf000-7788bb7af000 rw-p 00000000 00:00 0 
7788bb7af000-7788bb7b0000 ---p 00000000 00:00 0 
7788bb7b0000-7788bbfb0000 rw-p 00000000 00:00 0 
7788bbfb0000-7788bbfb1000 ---p 00000000 00:00 0 
7788bbfb1000-7788bc7b1000 rw-p 00000000 00:00 0 
7788bc7b1000-7788bc7b2000 ---p 00000000 00:00 0 
7788bc7b2000-7788bcfb2000 rw-p 00000000 00:00 0 
7788bcfb2000-7788bcfb3000 ---p 00000000 00:00 0 
7788bcfb3000-7788bd7b3000 rw-p 00000000 00:00 0 
7788bd7b3000-7788bd7b4000 ---p 00000000 00:00 0 
7788bd7b4000-7788bdfb4000 rw-p 00000000 00:00 0 
7788bdfb4000-7788bdfb5000 ---p 00000000 00:00 0 
7788bdfb5000-7788be7b5000 rw-p 00000000 00:00 0 
7788be7b5000-7788be7b6000 ---p 00000000 00:00 0 
7788be7b6000-7788befb6000 rw-p 00000000 00:00 0 
7788befb6000-7788befb7000 ---p 00000000 00:00 0 
7788befb7000-7788bf7b7000 rw-p 00000000 00:00 0 
7788bf7b7000-7788bf7b8000 ---p 00000000 00:00 0 
7788bf7b8000-7788bffb8000 rw-p 00000000 00:00 0 
7788bffb8000-7788bffb9000 ---p 00000000 00:00 0 
7788bffb9000-7788c07b9000 rw-p 00000000 00:00 0 
7788c07b9000-7788c07ba000 ---p 00000000 00:00 0 
7788c07ba000-7788c0fba000 rw-p 00000000 00:00 0 
7788c0fba000-7788c0fbb000 ---p 00000000 00:00 0 
7788c0fbb000-7788c17bb000 rw-p 00000000 00:00 0 
7788c17bb000-7788c17bc000 ---p 00000000 00:00 0 
7788c17bc000-7788c1fbc000 rw-p 00000000 00:00 0 
7788c1fbc000-7788c1fbd000 ---p 00000000 00:00 0 
7788c1fbd000-7788c27bd000 rw-p 00000000 00:00 0 
7788c27bd000-7788c27be000 ---p 00000000 00:00 0 
7788c27be000-7788c2fbe000 rw-p 00000000 00:00 0 
7788c2fbe000-7788c2fbf000 ---p 00000000 00:00 0 
7788c2fbf000-7788c37bf000 rw-p 00000000 00:00 0 
7788c37bf000-7788c37c0000 ---p 00000000 00:00 0 
7788c37c0000-7788c3fc0000 rw-p 00000000 00:00 0 
7788c3fc0000-7788c3fc1000 ---p 00000000 00:00 0 
7788c3fc1000-7788c47c1000 rw-p 00000000 00:00 0 
7788c47c1000-7788c47c2000 ---p 00000000 00:00 0 
7788c47c2000-7788c4fc2000 rw-p 00000000 00:00 0 
7788c4fc2000-7788c4fc3000 ---p 00000000 00:00 0 
7788c4fc3000-7788c57c3000 rw-p 00000000 00:00 0 
7788c57c3000-7788c57c4000 ---p 00000000 00:00 0 
7788c57c4000-7788c5fc4000 rw-p 00000000 00:00 0 
7788c5fc4000-7788c5fc5000 ---p 00000000 00:00 0 
7788c5fc5000-7788c67c5000 rw-p 00000000 00:00 0 
7788c67c5000-7788c67c6000 ---p 00000000 00:00 0 
7788c67c6000-7788c6fc6000 rw-p 00000000 00:00 0 
7788c6fc6000-7788c6fc7000 ---p 00000000 00:00 0 
7788c6fc7000-7788c77c7000 rw-p 00000000 00:00 0 
7788c77c7000-7788c77c8000 ---p 00000000 00:00 0 
7788c77c8000-7788c7fc8000 rw-p 00000000 00:00 0 
7788c7fc8000-7788c7fc9000 ---p 00000000 00:00 0 
7788c7fc9000-7788c87c9000 rw-p 00000000 00:00 0 
7788c87c9000-7788c87ca000 ---p 00000000 00:00 0 
7788c87ca000-7788c8fca000 rw-p 00000000 00:00 0 
7788c8fca000-7788c8fcb000 ---p 00000000 00:00 0 
7788c8fcb000-7788c97cb000 rw-p 00000000 00:00 0 
7788c97cb000-7788c97cc000 ---p 00000000 00:00 0 
7788c97cc000-7788c9fcc000 rw-p 00000000 00:00 0 
7788c9fcc000-7788c9fcd000 ---p 00000000 00:00 0 
7788c9fcd000-7788ca7cd000 rw-p 00000000 00:00 0 
7788ca7cd000-7788ca7ce000 ---p 00000000 00:00 0 
7788ca7ce000-7788cafce000 rw-p 00000000 00:00 0 
7788cafce000-7788cafcf000 ---p 00000000 00:00 0 
7788cafcf000-7788cb7cf000 rw-p 00000000 00:00 0 
7788cb7cf000-7788cb7d0000 ---p 00000000 00:00 0 
7788cb7d0000-7788cbfd0000 rw-p 00000000 00:00 0 
7788cbfd0000-7788cbfd1000 ---p 00000000 00:00 0 
7788cbfd1000-7788cc7d1000 rw-p 00000000 00:00 0 
7788cc7d1000-7788cc7d2000 ---p 00000000 00:00 0 
7788cc7d2000-7788ccfd2000 rw-p 00000000 00:00 0 
7788ccfd2000-7788ccfd3000 ---p 00000000 00:00 0 
7788ccfd3000-7788cd7d3000 rw-p 00000000 00:00 0 
7788cd7d3000-7788cd7d4000 ---p 00000000 00:00 0 
7788cd7d4000-7788cdfd4000 rw-p 00000000 00:00 0 
7788cdfd4000-7788cdfd5000 ---p 00000000 00:00 0 
7788cdfd5000-7788ce7d5000 rw-p 00000000 00:00 0 
7788ce7d5000-7788ce7d6000 ---p 00000000 00:00 0 
7788ce7d6000-7788cefd6000 rw-p 00000000 00:00 0 
7788cefd6000-7788cefd7000 ---p 00000000 00:00 0 
7788cefd7000-7788cf7d7000 rw-p 00000000 00:00 0 
7788cf7d7000-7788cf7d8000 ---p 00000000 00:00 0 
7788cf7d8000-7788cffd8000 rw-p 00000000 00:00 0 
7788cffd8000-7788cffd9000 ---p 00000000 00:00 0 
7788cffd9000-7788d07d9000 rw-p 00000000 00:00 0 
7788d07d9000-7788d07da000 ---p 00000000 00:00 0 
7788d07da000-7788d0fda000 rw-p 00000000 00:00 0 
7788d0fda000-7788d0fdb000 ---p 00000000 00:00 0 
7788d0fdb000-7788d17db000 rw-p 00000000 00:00 0 
7788d17db000-7788d17dc000 ---p 00000000 00:00 0 
7788d17dc000-7788d1fdc000 rw-p 00000000 00:00 0 
7788d1fdc000-7788d1fdd000 ---p 00000000 00:00 0 
7788d1fdd000-7788d27dd000 rw-p 00000000 00:00 0 
7788d27dd000-7788d27de000 ---p 00000000 00:00 0 
7788d27de000-7788d2fde000 rw-p 00000000 00:00 0 
7788d2fde000-7788d2fdf000 ---p 00000000 00:00 0 
7788d2fdf000-7788d37df000 rw-p 00000000 00:00 0 
7788d37df000-7788d37e0000 ---p 00000000 00:00 0 
7788d37e0000-7788d3fe0000 rw-p 00000000 00:00 0 
7788d3fe0000-7788d3fe1000 ---p 00000000 00:00 0 
7788d3fe1000-7788d47e1000 rw-p 00000000 00:00 0 
7788d47e1000-7788d47e2000 ---p 00000000 00:00 0 
7788d47e2000-7788d4fe2000 rw-p 00000000 00:00 0 
7788d4fe2000-7788d4fe3000 ---p 00000000 00:00 0 
7788d4fe3000-7788d57e3000 rw-p 00000000 00:00 0 
7788d57e3000-7788d57e4000 ---p 00000000 00:00 0 
7788d57e4000-7788d5fe4000 rw-p 00000000 00:00 0 
7788d5fe4000-7788d5fe5000 ---p 00000000 00:00 0 
7788d5fe5000-7788d67e5000 rw-p 00000000 00:00 0 
7788d67e5000-7788d67e6000 ---p 00000000 00:00 0 
7788d67e6000-7788d6fe6000 rw-p 00000000 00:00 0 
7788d6fe6000-7788d6fe7000 ---p 00000000 00:00 0 
7788d6fe7000-7788d77e7000 rw-p 00000000 00:00 0 
7788d77e7000-7788d77e8000 ---p 00000000 00:00 0 
7788d77e8000-7788d7fe8000 rw-p 00000000 00:00 0 
7788d7fe8000-7788d7fe9000 ---p 00000000 00:00 0 
7788d7fe9000-7788d87e9000 rw-p 00000000 00:00 0 
7788d87e9000-7788d87ea000 ---p 00000000 00:00 0 
7788d87ea000-7788d8fea000 rw-p 00000000 00:00 0 
7788d8fea000-7788d8feb000 ---p 00000000 00:00 0 
7788d8feb000-7788d97eb000 rw-p 00000000 00:00 0 
7788d97eb000-7788d97ec000 ---p 00000000 00:00 0 
7788d97ec000-7788d9fec000 rw-p 00000000 00:00 0 
7788d9fec000-7788d9fed000 ---p 00000000 00:00 0 
7788d9fed000-7788da7ed000 rw-p 00000000 00:00 0 
7788da7ed000-7788da7ee000 ---p 00000000 00:00 0 
7788da7ee000-7788dafee000 rw-p 00000000 00:00 0 
7788dafee000-7788dafef000 ---p 00000000 00:00 0 
7788dafef000-7788db7ef000 rw-p 00000000 00:00 0 
7788db7ef000-7788db7f0000 ---p 00000000 00:00 0 
7788db7f0000-7788dbff0000 rw-p 00000000 00:00 0 
7788dbff0000-7788dbff1000 ---p 00000000 00:00 0 
7788dbff1000-7788dc7f1000 rw-p 00000000 00:00 0 
7788dc7f1000-7788dc7f2000 ---p 00000000 00:00 0 
7788dc7f2000-7788dcff2000 rw-p 00000000 00:00 0 
7788dcff2000-7788dcff3000 ---p 00000000 00:00 0 
7788dcff3000-7788dd7f3000 rw-p 00000000 00:00 0 
7788dd7f3000-7788dd7f4000 ---p 00000000 00:00 0 
7788dd7f4000-7788ddff4000 rw-p 00000000 00:00 0 
7788ddff4000-7788ddff5000 ---p 00000000 00:00 0 
7788ddff5000-7788de7f5000 rw-p 00000000 00:00 0 
7788de7f5000-7788de7f6000 ---p 00000000 00:00 0 
7788de7f6000-7788deff6000 rw-p 00000000 00:00 0 
7788deff6000-7788deff7000 ---p 00000000 00:00 0 
7788deff7000-7788df7f7000 rw-p 00000000 00:00 0 
7788df7f7000-7788df7f8000 ---p 00000000 00:00 0 
7788df7f8000-7788dfff8000 rw-p 00000000 00:00 0 
7788dfff8000-7788dfff9000 ---p 00000000 00:00 0 
7788dfff9000-7788e07f9000 rw-p 00000000 00:00 0 
7788e07f9000-7788e07fa000 ---p 00000000 00:00 0 
7788e07fa000-7788e0ffa000 rw-p 00000000 00:00 0 
7788e0ffa000-7788e0ffb000 ---p 00000000 00:00 0 
7788e0ffb000-7788e17fb000 rw-p 00000000 00:00 0 
7788e17fb000-7788e17fc000 ---p 00000000 00:00 0 
7788e17fc000-7788e1ffc000 rw-p 00000000 00:00 0 
7788e1ffc000-7788e1ffd000 ---p 00000000 00:00 0 
7788e1ffd000-7788e27fd000 rw-p 00000000 00:00 0 
7788e27fd000-7788e27fe000 ---p 00000000 00:00 0 
7788e27fe000-7788e2ffe000 rw-p 00000000 00:00 0 
7788e2ffe000-7788e2fff000 ---p 00000000 00:00 0 
7788e2fff000-7788e37ff000 rw-p 00000000 00:00 0 
7788e37ff000-7788e3800000 ---p 00000000 00:00 0 
7788e3800000-7788e4000000 rw-p 00000000 00:00 0 
7788e4000000-7788e405c000 rw-p 00000000 00:00 0 
7788e405c000-7788e8000000 ---p 00000000 00:00 0 
7788e8000000-7788e8534000 rw-p 00000000 00:00 0 
7788e8534000-7788ec000000 ---p 00000000 00:00 0 
7788ec000000-7788ec0aa000 rw-p 00000000 00:00 0 
7788ec0aa000-7788f0000000 ---p 00000000 00:00 0 
7788f0000000-7788f0001000 rw-s 00000000 00:01 6407                       /memfd:pipewire-memfd:flags=0x0000000f,type=2,size=2312 (deleted)
7788f0001000-7788f0002000 rw-s 00000000 00:01 36805                      /memfd:pipewire-memfd:flags=0x0000000f,type=2,size=2312 (deleted)
7788f0002000-7788f0003000 rw-s 00000000 00:01 43215                      /memfd:pipewire-memfd:flags=0x0000000f,type=2,size=2312 (deleted)
7788f0003000-7788f0004000 rw-s 00000000 00:01 42214                      /memfd:pipewire-memfd:flags=0x0000000f,type=2,size=4096 (deleted)
7788f0004000-7788f0005000 rw-s 00000000 00:01 6407                       /memfd:pipewire-memfd:flags=0x0000000f,type=2,size=2312 (deleted)
7788f0005000-7788f0006000 rw-s 00000000 00:01 42213                      /memfd:pipewire-memfd:flags=0x0000000f,type=2,size=2312 (deleted)
7788f0006000-7788f0007000 rw-s 00000000 00:01 40261                      /memfd:pipewire-memfd:flags=0x0000000f,type=2,size=2312 (deleted)
7788f0007000-7788f0008000 rw-s 00000000 00:01 40260                      /memfd:pipewire-memfd:flags=0x0000000f,type=2,size=4096 (deleted)
7788f0008000-7788f0011000 rw-s 00000000 00:01 42211                      /memfd:pipewire-memfd:flags=0x0000000f,type=2,size=32832 (deleted)
7788f0011000-7788f001a000 rw-s 00000000 00:01 42210                      /memfd:pipewire-memfd:flags=0x0000000f,type=2,size=32832 (deleted)
7788f001a000-7788f001b000 rw-s 00000000 00:01 6407                       /memfd:pipewire-memfd:flags=0x0000000f,type=2,size=2312 (deleted)
7788f001b000-7788f001c000 rw-s 00000000 00:01 40259                      /memfd:pipewire-memfd:flags=0x0000000f,type=2,size=2312 (deleted)
7788f001c000-7788f001d000 rw-s 00000000 00:01 43214                      /memfd:pipewire-memfd:flags=0x0000000f,type=2,size=2312 (deleted)
7788f001d000-7788f001e000 rw-s 00000000 00:01 39854                      /memfd:pipewire-memfd:flags=0x0000000f,type=2,size=4096 (deleted)
7788f001e000-7788f0027000 rw-s 00000000 00:01 44079                      /memfd:pipewire-memfd:flags=0x0000000f,type=2,size=32832 (deleted)
7788f0027000-7788f0030000 rw-s 00000000 00:01 44078                      /memfd:pipewire-memfd:flags=0x0000000f,type=2,size=32832 (deleted)
7788f0030000-7788f0031000 rw-s 00000000 00:01 6407                       /memfd:pipewire-memfd:flags=0x0000000f,type=2,size=2312 (deleted)
7788f0031000-7788f003a000 rw-s 00000000 00:01 40257                      /memfd:pipewire-memfd:flags=0x0000000f,type=2,size=32832 (deleted)
7788f003a000-7788f0043000 rw-s 00000000 00:01 40256                      /memfd:pipewire-memfd:flags=0x0000000f,type=2,size=32832 (deleted)
7788f0043000-7788f004c000 rw-s 00000000 00:01 39852                      /memfd:pipewire-memfd:flags=0x0000000f,type=2,size=32832 (deleted)
7788f004c000-7788f0055000 rw-s 00000000 00:01 39826                      /memfd:pipewire-memfd:flags=0x0000000f,type=2,size=32832 (deleted)
7788f0055000-7788f005e000 rw-s 00000000 00:01 39825                      /memfd:pipewire-memfd:flags=0x0000000f,type=2,size=32832 (deleted)
7788f005e000-7788f0067000 rw-s 00000000 00:01 44068                      /memfd:pipewire-memfd:flags=0x0000000f,type=2,size=32832 (deleted)
7788f0067000-7788f0070000 rw-s 00000000 00:01 44067                      /memfd:pipewire-memfd:flags=0x0000000f,type=2,size=32832 (deleted)
7788f0070000-7788f0079000 rw-s 00000000 00:01 44056                      /memfd:pipewire-memfd:flags=0x0000000f,type=2,size=32832 (deleted)
7788f0079000-7788f007a000 rw-s 00000000 00:01 39853                      /memfd:pipewire-memfd:flags=0x0000000f,type=2,size=2312 (deleted)
7788f007a000-7788f007b000 rw-s 00000000 00:01 40258                      /memfd:pipewire-memfd:flags=0x0000000f,type=2,size=2312 (deleted)
7788f007b000-7788f007c000 rw-s 00000000 00:01 40255                      /memfd:pipewire-memfd:flags=0x0000000f,type=2,size=4096 (deleted)
7788f007c000-7788f007d000 rw-s 00000000 00:01 6407                       /memfd:pipewire-memfd:flags=0x0000000f,type=2,size=2312 (deleted)
7788f007d000-7788f007e000 rw-s 00000000 00:01 40254                      /memfd:pipewire-memfd:flags=0x0000000f,type=2,size=2312 (deleted)
7788f007e000-7788f007f000 rw-s 00000000 00:01 38746                      /memfd:pipewire-memfd:flags=0x0000000f,type=2,size=2312 (deleted)
7788f007f000-7788f0080000 rw-s 00000000 00:01 44077                      /memfd:pipewire-memfd:flags=0x0000000f,type=2,size=4096 (deleted)
7788f0080000-7788f0089000 rw-s 00000000 00:01 39851                      /memfd:pipewire-memfd:flags=0x0000000f,type=2,size=32832 (deleted)
7788f0089000-7788f008a000 rw-s 00000000 00:01 6407                       /memfd:pipewire-memfd:flags=0x0000000f,type=2,size=2312 (deleted)
7788f008a000-7788f008b000 rw-s 00000000 00:01 44076                      /memfd:pipewire-memfd:flags=0x0000000f,type=2,size=2312 (deleted)
7788f008b000-7788f008c000 rw-s 00000000 00:01 39850                      /memfd:pipewire-memfd:flags=0x0000000f,type=2,size=2312 (deleted)
7788f008c000-7788f008d000 rw-s 00000000 00:01 44075                      /memfd:pipewire-memfd:flags=0x0000000f,type=2,size=4096 (deleted)
7788f008d000-7788f0096000 rw-s 00000000 00:01 36804                      /memfd:pipewire-memfd:flags=0x0000000f,type=2,size=32832 (deleted)
7788f0096000-7788f009f000 rw-s 00000000 00:01 36803                      /memfd:pipewire-memfd:flags=0x0000000f,type=2,size=32832 (deleted)
7788f009f000-7788f00a0000 rw-s 00000000 00:01 6407                       /memfd:pipewire-memfd:flags=0x0000000f,type=2,size=2312 (deleted)
7788f00a0000-7788f00a1000 rw-s 00000000 00:01 44074                      /memfd:pipewire-memfd:flags=0x0000000f,type=2,size=2312 (deleted)
7788f00a1000-7788f00a2000 rw-s 00000000 00:01 40253                      /memfd:pipewire-memfd:flags=0x0000000f,type=2,size=2312 (deleted)
7788f00a2000-7788f00a3000 rw-s 00000000 00:01 36802                      /memfd:pipewire-memfd:flags=0x0000000f,type=2,size=4096 (deleted)
7788f00a3000-7788f00ac000 rw-s 00000000 00:01 43213                      /memfd:pipewire-memfd:flags=0x0000000f,type=2,size=32832 (deleted)
7788f00ac000-7788f00b5000 rw-s 00000000 00:01 43212                      /memfd:pipewire-memfd:flags=0x0000000f,type=2,size=32832 (deleted)
7788f00b5000-7788f00b6000 rw-s 00000000 00:01 6407                       /memfd:pipewire-memfd:flags=0x0000000f,type=2,size=2312 (deleted)
7788f00b6000-7788f00b7000 rw-s 00000000 00:01 41336                      /memfd:pipewire-memfd:flags=0x0000000f,type=2,size=2312 (deleted)
7788f00b7000-7788f00b8000 rw-s 00000000 00:01 44073                      /memfd:pipewire-memfd:flags=0x0000000f,type=2,size=2312 (deleted)
7788f00b8000-7788f00b9000 rw-s 00000000 00:01 41333                      /memfd:pipewire-memfd:flags=0x0000000f,type=2,size=4096 (deleted)
7788f00b9000-7788f00c2000 rw-s 00000000 00:01 41335                      /memfd:pipewire-memfd:flags=0x0000000f,type=2,size=32832 (deleted)
7788f00c2000-7788f00cb000 rw-s 00000000 00:01 41334                      /memfd:pipewire-memfd:flags=0x0000000f,type=2,size=32832 (deleted)
7788f00cb000-7788f00cc000 rw-s 00000000 00:01 6407                       /memfd:pipewire-memfd:flags=0x0000000f,type=2,size=2312 (deleted)
7788f00cc000-7788f00cd000 rw-s 00000000 00:01 40250                      /memfd:pipewire-memfd:flags=0x0000000f,type=2,size=2312 (deleted)
7788f00cd000-7788f00ce000 rw-s 00000000 00:01 39828                      /memfd:pipewire-memfd:flags=0x0000000f,type=2,size=2312 (deleted)
7788f00ce000-7788f00cf000 rw-s 00000000 00:01 6407                       /memfd:pipewire-memfd:flags=0x0000000f,type=2,size=2312 (deleted)
7788f00cf000-7788f00d0000 rw-s 00000000 00:01 38758                      /memfd:pipewire-memfd:flags=0x0000000f,type=2,size=2312 (deleted)
7788f00d0000-7788f00d1000 rw-s 00000000 00:01 38757                      /memfd:pipewire-memfd:flags=0x0000000f,type=2,size=2312 (deleted)
7788f00d1000-7788f00d2000 rw-s 00000000 00:01 36827                      /memfd:pipewire-memfd:flags=0x0000000f,type=2,size=4096 (deleted)
7788f00d2000-7788f00db000 rw-s 00000000 00:01 42223                      /memfd:pipewire-memfd:flags=0x0000000f,type=2,size=32832 (deleted)
7788f00db000-7788f00dc000 rw-s 00000000 00:01 6407                       /memfd:pipewire-memfd:flags=0x0000000f,type=2,size=2312 (deleted)
7788f00dc000-7788f00dd000 rw-s 00000000 00:01 36826                      /memfd:pipewire-memfd:flags=0x0000000f,type=2,size=2312 (deleted)
7788f00dd000-7788f00de000 rw-s 00000000 00:01 40276                      /memfd:pipewire-memfd:flags=0x0000000f,type=2,size=2312 (deleted)
7788f00de000-7788f00e7000 rw-s 00000000 00:01 41332                      /memfd:pipewire-memfd:flags=0x0000000f,type=2,size=32832 (deleted)
7788f00e7000-7788f00f0000 rw-s 00000000 00:01 41331                      /memfd:pipewire-memfd:flags=0x0000000f,type=2,size=32832 (deleted)
7788f00f0000-7788f00f9000 rw-s 00000000 00:01 40249                      /memfd:pipewire-memfd:flags=0x0000000f,type=2,size=32832 (deleted)
7788f00f9000-7788f00fd000 ---p 00000000 00:00 0 
7788f00fd000-7788f01f9000 rw-p 00000000 00:00 0 
7788f01f9000-7788f01fd000 ---p 00000000 00:00 0 
7788f01fd000-7788f02f9000 rw-p 00000000 00:00 0 
7788f02f9000-7788f04f9000 rw-s 10dae5000 00:10 1059                      anon_inode:i915.gem
7788f04f9000-7788f04fd000 ---p 00000000 00:00 0 
7788f04fd000-7788f05f9000 rw-p 00000000 00:00 0 
7788f05f9000-7788f05fd000 ---p 00000000 00:00 0 
7788f05fd000-7788f06f9000 rw-p 00000000 00:00 0 
7788f06f9000-7788f06fd000 ---p 00000000 00:00 0 
7788f06fd000-7788f07f9000 rw-p 00000000 00:00 0 
7788f07f9000-7788f07fa000 ---p 00000000 00:00 0 
7788f07fa000-7788f0ffa000 rw-p 00000000 00:00 0 
7788f0ffa000-7788f0ffb000 ---p 00000000 00:00 0 
7788f0ffb000-7788f17fb000 rw-p 00000000 00:00 0 
7788f17fb000-7788f17fc000 ---p 00000000 00:00 0 
7788f17fc000-7788f1ffc000 rw-p 00000000 00:00 0 
7788f1ffc000-7788f1ffd000 ---p 00000000 00:00 0 
7788f1ffd000-7788f27fd000 rw-p 00000000 00:00 0 
7788f27fd000-7788f27fe000 ---p 00000000 00:00 0 
7788f27fe000-7788f2ffe000 rw-p 00000000 00:00 0 
7788f2ffe000-7788f2fff000 ---p 00000000 00:00 0 
7788f2fff000-7788f37ff000 rw-p 00000000 00:00 0 
7788f37ff000-7788f3800000 ---p 00000000 00:00 0 
7788f3800000-7788f4000000 rw-p 00000000 00:00 0 
7788f4000000-7788f45d4000 rw-p 00000000 00:00 0 
7788f45d4000-7788f8000000 ---p 00000000 00:00 0 
7788f8000000-7788f8021000 rw-p 00000000 00:00 0 
7788f8021000-7788fc000000 ---p 00000000 00:00 0 
7788fc000000-7788fc021000 rw-p 00000000 00:00 0 
7788fc021000-778900000000 ---p 00000000 00:00 0 
778900000000-778900103000 rw-p 00000000 00:00 0 
778900103000-778904000000 ---p 00000000 00:00 0 
778904000000-778904680000 rw-p 00000000 00:00 0 
778904680000-778908000000 ---p 00000000 00:00 0 
778908000000-778908058000 rw-p 00000000 00:00 0 
778908058000-77890c000000 ---p 00000000 00:00 0 
77890c000000-77890c058000 rw-p 00000000 00:00 0 
77890c058000-778910000000 ---p 00000000 00:00 0 
778910000000-77891005d000 rw-p 00000000 00:00 0 
77891005d000-778914000000 ---p 00000000 00:00 0 
778914000000-77891455d000 rw-p 00000000 00:00 0 
77891455d000-778918000000 ---p 00000000 00:00 0 
778918000000-7789180ab000 rw-p 00000000 00:00 0 
7789180ab000-77891c000000 ---p 00000000 00:00 0 
77891c000000-77891c0a9000 rw-p 00000000 00:00 0 
77891c0a9000-778920000000 ---p 00000000 00:00 0 
778920000000-77892005c000 rw-p 00000000 00:00 0 
77892005c000-778924000000 ---p 00000000 00:00 0 
778924000000-778924533000 rw-p 00000000 00:00 0 
778924533000-778928000000 ---p 00000000 00:00 0 
778928000000-778928021000 rw-p 00000000 00:00 0 
778928021000-77892c000000 ---p 00000000 00:00 0 
77892c000000-77892c0fc000 rw-p 00000000 00:00 0 
77892c0fc000-778930000000 ---p 00000000 00:00 0 
778930000000-778930001000 rw-s 00000000 00:01 44072                      /memfd:pipewire-memfd:flags=0x0000000f,type=2,size=4096 (deleted)
778930001000-778930002000 rw-s 00000000 00:01 39824                      /memfd:pipewire-memfd:flags=0x0000000f,type=2,size=4096 (deleted)
778930002000-778930003000 rw-s 00000000 00:01 6407                       /memfd:pipewire-memfd:flags=0x0000000f,type=2,size=2312 (deleted)
778930003000-778930004000 rw-s 00000000 00:01 39823                      /memfd:pipewire-memfd:flags=0x0000000f,type=2,size=2312 (deleted)
778930004000-778930005000 rw-s 00000000 00:01 41330                      /memfd:pipewire-memfd:flags=0x0000000f,type=2,size=2312 (deleted)
778930005000-778930006000 rw-s 00000000 00:01 44066                      /memfd:pipewire-memfd:flags=0x0000000f,type=2,size=4096 (deleted)
778930006000-778930007000 rw-s 00000000 00:01 6407                       /memfd:pipewire-memfd:flags=0x0000000f,type=2,size=2312 (deleted)
778930007000-778930010000 rw-s 00000000 00:01 44055                      /memfd:pipewire-memfd:flags=0x0000000f,type=2,size=32832 (deleted)
778930010000-778930019000 rw-s 00000000 00:01 44054                      /memfd:pipewire-memfd:flags=0x0000000f,type=2,size=32832 (deleted)
778930019000-778930022000 rw-s 00000000 00:01 44053                      /memfd:pipewire-memfd:flags=0x0000000f,type=2,size=32832 (deleted)
778930022000-778930026000 ---p 00000000 00:00 0 
778930026000-778930122000 rw-p 00000000 00:00 0 
778930122000-778930126000 ---p 00000000 00:00 0 
778930126000-778930222000 rw-p 00000000 00:00 0 
778930222000-778930223000 ---p 00000000 00:00 0 
778930223000-778930a23000 rw-p 00000000 00:00 0 
778930a23000-778931823000 rw-s 1101e5000 00:10 1059                      anon_inode:i915.gem
778931823000-778931824000 rw-s 00000000 00:01 44065                      /memfd:pipewire-memfd:flags=0x0000000f,type=2,size=2312 (deleted)
778931824000-778931825000 rw-s 00000000 00:01 44064                      /memfd:pipewire-memfd:flags=0x0000000f,type=2,size=2312 (deleted)
778931825000-778931826000 rw-s 00000000 00:01 41329                      /memfd:pipewire-memfd:flags=0x0000000f,type=2,size=4096 (deleted)
778931826000-778931827000 rw-s 00000000 00:01 6407                       /memfd:pipewire-memfd:flags=0x0000000f,type=2,size=2312 (deleted)
778931827000-778931828000 rw-s 00000000 00:01 41328                      /memfd:pipewire-memfd:flags=0x0000000f,type=2,size=2312 (deleted)
778931828000-778931829000 rw-s 00000000 00:01 36800                      /memfd:pipewire-memfd:flags=0x0000000f,type=2,size=2312 (deleted)
778931829000-77893182a000 rw-s 00000000 00:01 39822                      /memfd:pipewire-memfd:flags=0x0000000f,type=2,size=4096 (deleted)
77893182a000-77893182b000 rw-s 00000000 00:01 6407                       /memfd:pipewire-memfd:flags=0x0000000f,type=2,size=2312 (deleted)
77893182b000-77893182c000 rw-s 00000000 00:01 39821                      /memfd:pipewire-memfd:flags=0x0000000f,type=2,size=2312 (deleted)
77893182c000-77893182d000 rw-s 00000000 00:01 44052                      /memfd:pipewire-memfd:flags=0x0000000f,type=2,size=2312 (deleted)
77893182d000-77893182e000 rw-s 00000000 00:01 42206                      /memfd:pipewire-memfd:flags=0x0000000f,type=2,size=4096 (deleted)
77893182e000-778931837000 rw-s 00000000 00:01 43208                      /memfd:pipewire-memfd:flags=0x0000000f,type=2,size=32832 (deleted)
778931837000-778931840000 rw-s 00000000 00:01 43207                      /memfd:pipewire-memfd:flags=0x0000000f,type=2,size=32832 (deleted)
778931840000-778931841000 rw-s 00000000 00:01 6407                       /memfd:pipewire-memfd:flags=0x0000000f,type=2,size=2312 (deleted)
778931841000-778931842000 rw-s 00000000 00:01 42205                      /memfd:pipewire-memfd:flags=0x0000000f,type=2,size=2312 (deleted)
778931842000-778931843000 rw-s 00000000 00:01 41326                      /memfd:pipewire-memfd:flags=0x0000000f,type=2,size=2312 (deleted)
778931843000-778931844000 rw-s 00000000 00:01 36797                      /memfd:pipewire-memfd:flags=0x0000000f,type=2,size=4096 (deleted)
778931844000-77893184d000 rw-s 00000000 00:01 36799                      /memfd:pipewire-memfd:flags=0x0000000f,type=2,size=32832 (deleted)
77893184d000-77893184e000 rw-s 00000000 00:01 41320                      /memfd:pipewire-memfd:flags=0x0000000f,type=2,size=4096 (deleted)
77893184e000-778931857000 rw-s 00000000 00:01 40238                      /memfd:pipewire-memfd:flags=0x0000000f,type=2,size=32832 (deleted)
778931857000-778931860000 rw-s 00000000 00:01 40237                      /memfd:pipewire-memfd:flags=0x0000000f,type=2,size=32832 (deleted)
778931860000-778931861000 rw-s 00000000 00:01 6407                       /memfd:pipewire-memfd:flags=0x0000000f,type=2,size=2312 (deleted)
778931861000-778931862000 rw-s 00000000 00:01 36792                      /memfd:pipewire-memfd:flags=0x0000000f,type=2,size=2312 (deleted)
778931862000-778931863000 rw-s 00000000 00:01 41319                      /memfd:pipewire-memfd:flags=0x0000000f,type=2,size=2312 (deleted)
778931863000-778931864000 rw-s 00000000 00:01 6407                       /memfd:pipewire-memfd:flags=0x0000000f,type=2,size=2312 (deleted)
778931864000-778931865000 rw-s 00000000 00:01 38753                      /memfd:pipewire-memfd:flags=0x0000000f,type=2,size=2312 (deleted)
778931865000-778931866000 rw-s 00000000 00:01 36811                      /memfd:pipewire-memfd:flags=0x0000000f,type=2,size=2312 (deleted)
778931866000-778931867000 rw-s 00000000 00:01 40273                      /memfd:pipewire-memfd:flags=0x0000000f,type=2,size=4096 (deleted)
778931867000-778931870000 rw-s 00000000 00:01 44082                      /memfd:pipewire-memfd:flags=0x0000000f,type=2,size=32832 (deleted)
778931870000-778931871000 rw-s 00000000 00:01 6407                       /memfd:pipewire-memfd:flags=0x0000000f,type=2,size=2312 (deleted)
778931871000-778931872000 rw-s 00000000 00:01 40272                      /memfd:pipewire-memfd:flags=0x0000000f,type=2,size=2312 (deleted)
778931872000-778931873000 rw-s 00000000 00:01 36810                      /memfd:pipewire-memfd:flags=0x0000000f,type=2,size=2312 (deleted)
778931873000-778931874000 rw-s 00000000 00:01 41318                      /memfd:pipewire-memfd:flags=0x0000000f,type=2,size=4096 (deleted)
778931874000-77893187d000 rw-s 00000000 00:01 40236                      /memfd:pipewire-memfd:flags=0x0000000f,type=2,size=32832 (deleted)
77893187d000-778931886000 rw-s 00000000 00:01 40235                      /memfd:pipewire-memfd:flags=0x0000000f,type=2,size=32832 (deleted)
778931886000-77893188f000 rw-s 00000000 00:01 41317                      /memfd:pipewire-memfd:flags=0x0000000f,type=2,size=32832 (deleted)
77893188f000-778931898000 rw-s 00000000 00:01 41316                      /memfd:pipewire-memfd:flags=0x0000000f,type=2,size=32832 (deleted)
778931898000-7789318a1000 rw-s 00000000 00:01 42202                      /memfd:pipewire-memfd:flags=0x0000000f,type=2,size=32832 (deleted)
7789318a1000-7789318aa000 rw-s 00000000 00:01 36798                      /memfd:pipewire-memfd:flags=0x0000000f,type=2,size=32832 (deleted)
7789318aa000-7789318ab000 rw-s 00000000 00:01 6407                       /memfd:pipewire-memfd:flags=0x0000000f,type=2,size=2312 (deleted)
7789318ab000-7789318ac000 rw-s 00000000 00:01 36796                      /memfd:pipewire-memfd:flags=0x0000000f,type=2,size=2312 (deleted)
7789318ac000-7789318ad000 rw-s 00000000 00:01 38732                      /memfd:pipewire-memfd:flags=0x0000000f,type=2,size=2312 (deleted)
7789318ad000-7789318ae000 rw-s 00000000 00:01 40246                      /memfd:pipewire-memfd:flags=0x0000000f,type=2,size=4096 (deleted)
7789318ae000-7789318b7000 rw-s 00000000 00:01 44051                      /memfd:pipewire-memfd:flags=0x0000000f,type=2,size=32832 (deleted)
7789318b7000-7789318c0000 rw-s 00000000 00:01 44050                      /memfd:pipewire-memfd:flags=0x0000000f,type=2,size=32832 (deleted)
7789318c0000-7789318c1000 rw-s 00000000 00:01 6407                       /memfd:pipewire-memfd:flags=0x0000000f,type=2,size=2312 (deleted)
7789318c1000-7789318c2000 rw-s 00000000 00:01 40245                      /memfd:pipewire-memfd:flags=0x0000000f,type=2,size=2312 (deleted)
7789318c2000-7789318c3000 rw-s 00000000 00:01 44049                      /memfd:pipewire-memfd:flags=0x0000000f,type=2,size=2312 (deleted)
7789318c3000-7789318c4000 rw-s 00000000 00:01 38729                      /memfd:pipewire-memfd:flags=0x0000000f,type=2,size=4096 (deleted)
7789318c4000-7789318cd000 rw-s 00000000 00:01 38731                      /memfd:pipewire-memfd:flags=0x0000000f,type=2,size=32832 (deleted)
7789318cd000-7789318d6000 rw-s 00000000 00:01 38730                      /memfd:pipewire-memfd:flags=0x0000000f,type=2,size=32832 (deleted)
7789318d6000-7789318df000 rw-s 00000000 00:01 40244                      /memfd:pipewire-memfd:flags=0x0000000f,type=2,size=32832 (deleted)
7789318df000-7789318e0000 rw-s 00000000 00:01 40242                      /memfd:pipewire-memfd:flags=0x0000000f,type=2,size=4096 (deleted)
7789318e0000-7789318e9000 rw-s 00000000 00:01 44048                      /memfd:pipewire-memfd:flags=0x0000000f,type=2,size=32832 (deleted)
7789318e9000-7789318f2000 rw-s 00000000 00:01 44047                      /memfd:pipewire-memfd:flags=0x0000000f,type=2,size=32832 (deleted)
7789318f2000-7789318f3000 rw-s 00000000 00:01 6407                       /memfd:pipewire-memfd:flags=0x0000000f,type=2,size=2312 (deleted)
7789318f3000-7789318f4000 rw-s 00000000 00:01 40241                      /memfd:pipewire-memfd:flags=0x0000000f,type=2,size=2312 (deleted)
7789318f4000-7789318f5000 rw-s 00000000 00:01 36794                      /memfd:pipewire-memfd:flags=0x0000000f,type=2,size=2312 (deleted)
7789318f5000-7789318f6000 rw-s 00000000 00:01 41323                      /memfd:pipewire-memfd:flags=0x0000000f,type=2,size=4096 (deleted)
7789318f6000-7789318ff000 rw-s 00000000 00:01 39820                      /memfd:pipewire-memfd:flags=0x0000000f,type=2,size=32832 (deleted)
7789318ff000-778931908000 rw-s 00000000 00:01 39819                      /memfd:pipewire-memfd:flags=0x0000000f,type=2,size=32832 (deleted)
778931908000-778931909000 rw-s 00000000 00:01 6407                       /memfd:pipewire-memfd:flags=0x0000000f,type=2,size=2312 (deleted)
778931909000-77893190a000 rw-s 00000000 00:01 41322                      /memfd:pipewire-memfd:flags=0x0000000f,type=2,size=2312 (deleted)
77893190a000-77893190b000 rw-s 00000000 00:01 39818                      /memfd:pipewire-memfd:flags=0x0000000f,type=2,size=2312 (deleted)
77893190b000-77893190c000 rw-s 00000000 00:01 36793                      /memfd:pipewire-memfd:flags=0x0000000f,type=2,size=4096 (deleted)
77893190c000-778931915000 rw-s 00000000 00:01 40240                      /memfd:pipewire-memfd:flags=0x0000000f,type=2,size=32832 (deleted)
778931915000-77893191e000 rw-s 00000000 00:01 40239                      /memfd:pipewire-memfd:flags=0x0000000f,type=2,size=32832 (deleted)
77893191e000-77893191f000 rw-s 00000000 00:01 6407                       /memfd:pipewire-memfd:flags=0x0000000f,type=2,size=2312 (deleted)
77893191f000-778931920000 rw-s 00000000 00:01 41321                      /memfd:pipewire-memfd:flags=0x0000000f,type=2,size=2312 (deleted)
778931920000-778931921000 rw-s 00000000 00:01 44046                      /memfd:pipewire-memfd:flags=0x0000000f,type=2,size=2312 (deleted)
778931921000-778931925000 ---p 00000000 00:00 0 
778931925000-778931a21000 rw-p 00000000 00:00 0 
778931a21000-778931a25000 ---p 00000000 00:00 0 
778931a25000-778931b21000 rw-p 00000000 00:00 0 
778931b21000-778931b25000 ---p 00000000 00:00 0 
778931b25000-778931c21000 rw-p 00000000 00:00 0 
778931c21000-778931c22000 ---p 00000000 00:00 0 
778931c22000-778932422000 rw-p 00000000 00:00 0 
778932422000-778932423000 ---p 00000000 00:00 0 
778932423000-778932c23000 rw-p 00000000 00:00 0 
778932c23000-778934023000 rw-s 124ea1000 00:10 1059                      anon_inode:i915.gem
778934023000-778934024000 rw-s 00000000 00:01 6407                       /memfd:pipewire-memfd:flags=0x0000000f,type=2,size=2312 (deleted)
778934024000-778934025000 rw-s 00000000 00:01 36791                      /memfd:pipewire-memfd:flags=0x0000000f,type=2,size=2312 (deleted)
778934025000-778934026000 rw-s 00000000 00:01 36782                      /memfd:pipewire-memfd:flags=0x0000000f,type=2,size=4096 (deleted)
778934026000-77893402f000 rw-s 00000000 00:01 41313                      /memfd:pipewire-memfd:flags=0x0000000f,type=2,size=32832 (deleted)
77893402f000-778934038000 rw-s 00000000 00:01 41312                      /memfd:pipewire-memfd:flags=0x0000000f,type=2,size=32832 (deleted)
778934038000-778934039000 rw-s 00000000 00:01 6407                       /memfd:pipewire-memfd:flags=0x0000000f,type=2,size=2312 (deleted)
778934039000-77893403a000 rw-s 00000000 00:01 36781                      /memfd:pipewire-memfd:flags=0x0000000f,type=2,size=2312 (deleted)
77893403a000-77893403b000 rw-s 00000000 00:01 40231                      /memfd:pipewire-memfd:flags=0x0000000f,type=2,size=2312 (deleted)
77893403b000-77893403c000 rw-s 00000000 00:01 39812                      /memfd:pipewire-memfd:flags=0x0000000f,type=2,size=4096 (deleted)
77893403c000-778934045000 rw-s 00000000 00:01 36780                      /memfd:pipewire-memfd:flags=0x0000000f,type=2,size=32832 (deleted)
778934045000-77893404e000 rw-s 00000000 00:01 36779                      /memfd:pipewire-memfd:flags=0x0000000f,type=2,size=32832 (deleted)
77893404e000-77893404f000 rw-s 00000000 00:01 6407                       /memfd:pipewire-memfd:flags=0x0000000f,type=2,size=2312 (deleted)
77893404f000-778934050000 rw-s 00000000 00:01 39811                      /memfd:pipewire-memfd:flags=0x0000000f,type=2,size=2312 (deleted)
778934050000-778934051000 rw-s 00000000 00:01 39810                      /memfd:pipewire-memfd:flags=0x0000000f,type=2,size=2312 (deleted)
778934051000-778934052000 rw-s 00000000 00:01 41309                      /memfd:pipewire-memfd:flags=0x0000000f,type=2,size=4096 (deleted)
778934052000-77893405b000 rw-s 00000000 00:01 41311                      /memfd:pipewire-memfd:flags=0x0000000f,type=2,size=32832 (deleted)
77893405b000-778934064000 rw-s 00000000 00:01 41310                      /memfd:pipewire-memfd:flags=0x0000000f,type=2,size=32832 (deleted)
778934064000-778934065000 rw-s 00000000 00:01 6407                       /memfd:pipewire-memfd:flags=0x0000000f,type=2,size=2312 (deleted)
778934065000-778934066000 rw-s 00000000 00:01 41308                      /memfd:pipewire-memfd:flags=0x0000000f,type=2,size=2312 (deleted)
778934066000-778934067000 rw-s 00000000 00:01 42196                      /memfd:pipewire-memfd:flags=0x0000000f,type=2,size=2312 (deleted)
778934067000-778934068000 rw-s 00000000 00:01 38723                      /memfd:pipewire-memfd:flags=0x0000000f,type=2,size=4096 (deleted)
778934068000-778934071000 rw-s 00000000 00:01 39809                      /memfd:pipewire-memfd:flags=0x0000000f,type=2,size=32832 (deleted)
778934071000-77893407a000 rw-s 00000000 00:01 39808                      /memfd:pipewire-memfd:flags=0x0000000f,type=2,size=32832 (deleted)
77893407a000-77893407b000 rw-s 00000000 00:01 6407                       /memfd:pipewire-memfd:flags=0x0000000f,type=2,size=2312 (deleted)
77893407b000-77893407c000 rw-s 00000000 00:01 38722                      /memfd:pipewire-memfd:flags=0x0000000f,type=2,size=2312 (deleted)
77893407c000-77893407d000 rw-s 00000000 00:01 41307                      /memfd:pipewire-memfd:flags=0x0000000f,type=2,size=2312 (deleted)
77893407d000-77893407e000 rw-s 00000000 00:01 44040                      /memfd:pipewire-memfd:flags=0x0000000f,type=2,size=4096 (deleted)
77893407e000-778934087000 rw-s 00000000 00:01 38721                      /memfd:pipewire-memfd:flags=0x0000000f,type=2,size=32832 (deleted)
778934087000-778934090000 rw-s 00000000 00:01 38720                      /memfd:pipewire-memfd:flags=0x0000000f,type=2,size=32832 (deleted)
778934090000-778934091000 rw-s 00000000 00:01 6407                       /memfd:pipewire-memfd:flags=0x0000000f,type=2,size=2312 (deleted)
778934091000-778934092000 rw-s 00000000 00:01 44039                      /memfd:pipewire-memfd:flags=0x0000000f,type=2,size=2312 (deleted)
778934092000-778934093000 rw-s 00000000 00:01 36778                      /memfd:pipewire-memfd:flags=0x0000000f,type=2,size=2312 (deleted)
778934093000-778934094000 rw-s 00000000 00:01 39807                      /memfd:pipewire-memfd:flags=0x0000000f,type=2,size=4096 (deleted)
778934094000-77893409d000 rw-s 00000000 00:01 43200                      /memfd:pipewire-memfd:flags=0x0000000f,type=2,size=32832 (deleted)
77893409d000-7789340a6000 rw-s 00000000 00:01 43199                      /memfd:pipewire-memfd:flags=0x0000000f,type=2,size=32832 (deleted)
7789340a6000-7789340a7000 rw-s 00000000 00:01 6407                       /memfd:pipewire-memfd:flags=0x0000000f,type=2,size=2312 (deleted)
7789340a7000-7789340a8000 rw-s 00000000 00:01 39806                      /memfd:pipewire-memfd:flags=0x0000000f,type=2,size=2312 (deleted)
7789340a8000-7789340a9000 rw-s 00000000 00:01 44038                      /memfd:pipewire-memfd:flags=0x0000000f,type=2,size=2312 (deleted)
7789340a9000-7789340aa000 rw-s 00000000 00:01 42195                      /memfd:pipewire-memfd:flags=0x0000000f,type=2,size=4096 (deleted)
7789340aa000-7789340b3000 rw-s 00000000 00:01 36775                      /memfd:pipewire-memfd:flags=0x0000000f,type=2,size=32832 (deleted)
7789340b3000-7789340bc000 rw-s 00000000 00:01 36774                      /memfd:pipewire-memfd:flags=0x0000000f,type=2,size=32832 (deleted)
7789340bc000-7789340bd000 rw-s 00000000 00:01 6407                       /memfd:pipewire-memfd:flags=0x0000000f,type=2,size=2312 (deleted)
7789340bd000-7789340be000 rw-s 00000000 00:01 42194                      /memfd:pipewire-memfd:flags=0x0000000f,type=2,size=2312 (deleted)
7789340be000-7789340bf000 rw-s 00000000 00:01 41306                      /memfd:pipewire-memfd:flags=0x0000000f,type=2,size=2312 (deleted)
7789340bf000-7789340c0000 rw-s 00000000 00:01 42191                      /memfd:pipewire-memfd:flags=0x0000000f,type=2,size=4096 (deleted)
7789340c0000-7789340c9000 rw-s 00000000 00:01 42193                      /memfd:pipewire-memfd:flags=0x0000000f,type=2,size=32832 (deleted)
7789340c9000-7789340d2000 rw-s 00000000 00:01 42192                      /memfd:pipewire-memfd:flags=0x0000000f,type=2,size=32832 (deleted)
7789340d2000-7789340d3000 rw-s 00000000 00:01 6407                       /memfd:pipewire-memfd:flags=0x0000000f,type=2,size=2312 (deleted)
7789340d3000-7789340dc000 rw-s 00000000 00:01 42189                      /memfd:pipewire-memfd:flags=0x0000000f,type=2,size=32832 (deleted)
7789340dc000-7789340e5000 rw-s 00000000 00:01 42188                      /memfd:pipewire-memfd:flags=0x0000000f,type=2,size=32832 (deleted)
7789340e5000-7789340ee000 rw-s 00000000 00:01 44037                      /memfd:pipewire-memfd:flags=0x0000000f,type=2,size=32832 (deleted)
7789340ee000-7789340f7000 rw-s 00000000 00:01 44036                      /memfd:pipewire-memfd:flags=0x0000000f,type=2,size=32832 (deleted)
7789340f7000-778934100000 rw-s 00000000 00:01 38717                      /memfd:pipewire-memfd:flags=0x0000000f,type=2,size=32832 (deleted)
778934100000-778934104000 ---p 00000000 00:00 0 
778934104000-778934200000 rw-p 00000000 00:00 0 
778934200000-778934204000 ---p 00000000 00:00 0 
778934204000-778934300000 rw-p 00000000 00:00 0 
778934300000-778934304000 ---p 00000000 00:00 0 
778934304000-778934400000 rw-p 00000000 00:00 0 
778934400000-778934404000 ---p 00000000 00:00 0 
778934404000-778934500000 rw-p 00000000 00:00 0 
778934500000-778934509000 rw-s 00000000 00:01 36768                      /memfd:pipewire-memfd:flags=0x0000000f,type=2,size=32832 (deleted)
778934509000-778934512000 rw-s 00000000 00:01 36767                      /memfd:pipewire-memfd:flags=0x0000000f,type=2,size=32832 (deleted)
778934512000-778934513000 rw-s 00000000 00:01 6407                       /memfd:pipewire-memfd:flags=0x0000000f,type=2,size=2312 (deleted)
778934513000-778934514000 rw-s 00000000 00:01 38728                      /memfd:pipewire-memfd:flags=0x0000000f,type=2,size=2312 (deleted)
778934514000-778934515000 rw-s 00000000 00:01 42204                      /memfd:pipewire-memfd:flags=0x0000000f,type=2,size=2312 (deleted)
778934515000-778934516000 rw-s 00000000 00:01 36795                      /memfd:pipewire-memfd:flags=0x0000000f,type=2,size=4096 (deleted)
778934516000-77893451f000 rw-s 00000000 00:01 40243                      /memfd:pipewire-memfd:flags=0x0000000f,type=2,size=32832 (deleted)
77893451f000-778934520000 rw-s 00000000 00:01 6407                       /memfd:pipewire-memfd:flags=0x0000000f,type=2,size=2312 (deleted)
778934520000-778934521000 rw-s 00000000 00:01 41325                      /memfd:pipewire-memfd:flags=0x0000000f,type=2,size=2312 (deleted)
778934521000-778934522000 rw-s 00000000 00:01 43206                      /memfd:pipewire-memfd:flags=0x0000000f,type=2,size=2312 (deleted)
778934522000-778934526000 ---p 00000000 00:00 0 
778934526000-778934622000 rw-p 00000000 00:00 0 
778934622000-778934623000 ---p 00000000 00:00 0 
778934623000-778934e23000 rw-p 00000000 00:00 0 
778934e23000-778935223000 rw-s 122ea1000 00:10 1059                      anon_inode:i915.gem
778935223000-778937223000 rw-s 11cdd5000 00:10 1059                      anon_inode:i915.gem
778937223000-778937224000 rw-s 00000000 00:01 42190                      /memfd:pipewire-memfd:flags=0x0000000f,type=2,size=2312 (deleted)
778937224000-778937225000 rw-s 00000000 00:01 41305                      /memfd:pipewire-memfd:flags=0x0000000f,type=2,size=2312 (deleted)
778937225000-778937226000 rw-s 00000000 00:01 42187                      /memfd:pipewire-memfd:flags=0x0000000f,type=2,size=4096 (deleted)
778937226000-778937227000 rw-s 00000000 00:01 6407                       /memfd:pipewire-memfd:flags=0x0000000f,type=2,size=2312 (deleted)
778937227000-778937228000 rw-s 00000000 00:01 42186                      /memfd:pipewire-memfd:flags=0x0000000f,type=2,size=2312 (deleted)
778937228000-778937229000 rw-s 00000000 00:01 38708                      /memfd:pipewire-memfd:flags=0x0000000f,type=2,size=4096 (deleted)
778937229000-77893722a000 rw-s 00000000 00:01 6407                       /memfd:pipewire-memfd:flags=0x0000000f,type=2,size=2312 (deleted)
77893722a000-77893722b000 rw-s 00000000 00:01 38707                      /memfd:pipewire-memfd:flags=0x0000000f,type=2,size=2312 (deleted)
77893722b000-77893722c000 rw-s 00000000 00:01 42182                      /memfd:pipewire-memfd:flags=0x0000000f,type=2,size=2312 (deleted)
77893722c000-778937235000 rw-s 00000000 00:01 40225                      /memfd:pipewire-memfd:flags=0x0000000f,type=2,size=32832 (deleted)
778937235000-77893723e000 rw-s 00000000 00:01 40224                      /memfd:pipewire-memfd:flags=0x0000000f,type=2,size=32832 (deleted)
77893723e000-778937242000 ---p 00000000 00:00 0 
778937242000-77893733e000 rw-p 00000000 00:00 0 
77893733e000-778937347000 rw-s 00000000 00:01 42179                      /memfd:pipewire-memfd:flags=0x0000000f,type=2,size=32832 (deleted)
778937347000-778937350000 rw-s 00000000 00:01 42178                      /memfd:pipewire-memfd:flags=0x0000000f,type=2,size=32832 (deleted)
778937350000-778937354000 ---p 00000000 00:00 0 
778937354000-778937450000 rw-p 00000000 00:00 0 
778937450000-778937459000 rw-s 00000000 00:01 43191                      /memfd:pipewire-memfd:flags=0x0000000f,type=2,size=32832 (deleted)
778937459000-77893745d000 ---p 00000000 00:00 0 
77893745d000-778937559000 rw-p 00000000 00:00 0 
778937559000-778937562000 rw-s 00000000 00:01 38706                      /memfd:pipewire-memfd:flags=0x0000000f,type=2,size=32832 (deleted)
778937562000-778937563000 rw-s 00000000 00:01 44045                      /memfd:pipewire-memfd:flags=0x0000000f,type=2,size=2312 (deleted)
778937563000-778937564000 rw-s 00000000 00:01 36790                      /memfd:pipewire-memfd:flags=0x0000000f,type=2,size=4096 (deleted)
778937564000-778937565000 rw-s 00000000 00:01 6407                       /memfd:pipewire-memfd:flags=0x0000000f,type=2,size=2312 (deleted)
778937565000-778937566000 rw-s 00000000 00:01 41315                      /memfd:pipewire-memfd:flags=0x0000000f,type=2,size=2312 (deleted)
778937566000-778937567000 rw-s 00000000 00:01 36789                      /memfd:pipewire-memfd:flags=0x0000000f,type=2,size=2312 (deleted)
778937567000-778937568000 rw-s 00000000 00:01 43205                      /memfd:pipewire-memfd:flags=0x0000000f,type=2,size=4096 (deleted)
778937568000-778937571000 rw-s 00000000 00:01 42201                      /memfd:pipewire-memfd:flags=0x0000000f,type=2,size=32832 (deleted)
778937571000-778937572000 rw-s 00000000 00:01 6407                       /memfd:pipewire-memfd:flags=0x0000000f,type=2,size=2312 (deleted)
778937572000-778937573000 rw-s 00000000 00:01 43204                      /memfd:pipewire-memfd:flags=0x0000000f,type=2,size=2312 (deleted)
778937573000-778937574000 rw-s 00000000 00:01 36788                      /memfd:pipewire-memfd:flags=0x0000000f,type=2,size=2312 (deleted)
778937574000-778937575000 rw-s 00000000 00:01 42200                      /memfd:pipewire-memfd:flags=0x0000000f,type=2,size=4096 (deleted)
778937575000-77893757e000 rw-s 00000000 00:01 38726                      /memfd:pipewire-memfd:flags=0x0000000f,type=2,size=32832 (deleted)
77893757e000-778937587000 rw-s 00000000 00:01 38725                      /memfd:pipewire-memfd:flags=0x0000000f,type=2,size=32832 (deleted)
778937587000-778937588000 rw-s 00000000 00:01 6407                       /memfd:pipewire-memfd:flags=0x0000000f,type=2,size=2312 (deleted)
778937588000-778937589000 rw-s 00000000 00:01 42199                      /memfd:pipewire-memfd:flags=0x0000000f,type=2,size=2312 (deleted)
778937589000-77893758a000 rw-s 00000000 00:01 43203                      /memfd:pipewire-memfd:flags=0x0000000f,type=2,size=2312 (deleted)
77893758a000-77893758b000 rw-s 00000000 00:01 44044                      /memfd:pipewire-memfd:flags=0x0000000f,type=2,size=4096 (deleted)
77893758b000-778937594000 rw-s 00000000 00:01 40234                      /memfd:pipewire-memfd:flags=0x0000000f,type=2,size=32832 (deleted)
778937594000-77893759d000 rw-s 00000000 00:01 40233                      /memfd:pipewire-memfd:flags=0x0000000f,type=2,size=32832 (deleted)
77893759d000-77893759e000 rw-s 00000000 00:01 6407                       /memfd:pipewire-memfd:flags=0x0000000f,type=2,size=2312 (deleted)
77893759e000-77893759f000 rw-s 00000000 00:01 44043                      /memfd:pipewire-memfd:flags=0x0000000f,type=2,size=2312 (deleted)
77893759f000-7789375a0000 rw-s 00000000 00:01 41314                      /memfd:pipewire-memfd:flags=0x0000000f,type=2,size=2312 (deleted)
7789375a0000-7789375a1000 rw-s 00000000 00:01 42198                      /memfd:pipewire-memfd:flags=0x0000000f,type=2,size=4096 (deleted)
7789375a1000-7789375aa000 rw-s 00000000 00:01 43202                      /memfd:pipewire-memfd:flags=0x0000000f,type=2,size=32832 (deleted)
7789375aa000-7789375b3000 rw-s 00000000 00:01 43201                      /memfd:pipewire-memfd:flags=0x0000000f,type=2,size=32832 (deleted)
7789375b3000-7789375b4000 rw-s 00000000 00:01 6407                       /memfd:pipewire-memfd:flags=0x0000000f,type=2,size=2312 (deleted)
7789375b4000-7789375b5000 rw-s 00000000 00:01 42197                      /memfd:pipewire-memfd:flags=0x0000000f,type=2,size=2312 (deleted)
7789375b5000-7789375b6000 rw-s 00000000 00:01 44042                      /memfd:pipewire-memfd:flags=0x0000000f,type=2,size=2312 (deleted)
7789375b6000-7789375b7000 rw-s 00000000 00:01 39817                      /memfd:pipewire-memfd:flags=0x0000000f,type=2,size=4096 (deleted)
7789375b7000-7789375c0000 rw-s 00000000 00:01 36786                      /memfd:pipewire-memfd:flags=0x0000000f,type=2,size=32832 (deleted)
7789375c0000-7789375c9000 rw-s 00000000 00:01 36785                      /memfd:pipewire-memfd:flags=0x0000000f,type=2,size=32832 (deleted)
7789375c9000-7789375ca000 rw-s 00000000 00:01 6407                       /memfd:pipewire-memfd:flags=0x0000000f,type=2,size=2312 (deleted)
7789375ca000-7789375cb000 rw-s 00000000 00:01 39816                      /memfd:pipewire-memfd:flags=0x0000000f,type=2,size=2312 (deleted)
7789375cb000-7789375cc000 rw-s 00000000 00:01 44041                      /memfd:pipewire-memfd:flags=0x0000000f,type=2,size=2312 (deleted)
7789375cc000-7789375cd000 rw-s 00000000 00:01 39815                      /memfd:pipewire-memfd:flags=0x0000000f,type=2,size=4096 (deleted)
7789375cd000-7789375d6000 rw-s 00000000 00:01 36784                      /memfd:pipewire-memfd:flags=0x0000000f,type=2,size=32832 (deleted)
7789375d6000-7789375df000 rw-s 00000000 00:01 36783                      /memfd:pipewire-memfd:flags=0x0000000f,type=2,size=32832 (deleted)
7789375df000-7789375e0000 rw-s 00000000 00:01 6407                       /memfd:pipewire-memfd:flags=0x0000000f,type=2,size=2312 (deleted)
7789375e0000-7789375e1000 rw-s 00000000 00:01 39814                      /memfd:pipewire-memfd:flags=0x0000000f,type=2,size=2312 (deleted)
7789375e1000-7789375e2000 rw-s 00000000 00:01 40232                      /memfd:pipewire-memfd:flags=0x0000000f,type=2,size=2312 (deleted)
7789375e2000-7789375e3000 ---p 00000000 00:00 0 
7789375e3000-778937de3000 rw-p 00000000 00:00 0 
778937de3000-778937de4000 ---p 00000000 00:00 0 
778937de4000-7789385e4000 rw-p 00000000 00:00 0 
7789385e4000-7789385e5000 ---p 00000000 00:00 0 
7789385e5000-778938de5000 rw-p 00000000 00:00 0 
778938de5000-778938de6000 ---p 00000000 00:00 0 
778938de6000-7789395e6000 rw-p 00000000 00:00 0 
7789395e6000-7789395e7000 ---p 00000000 00:00 0 
7789395e7000-778939de7000 rw-p 00000000 00:00 0 
778939de7000-778939de8000 ---p 00000000 00:00 0 
778939de8000-77893a5e8000 rw-p 00000000 00:00 0 
77893a5e8000-77893a5e9000 ---p 00000000 00:00 0 
77893a5e9000-77893ade9000 rw-p 00000000 00:00 0 
77893ade9000-77893adea000 ---p 00000000 00:00 0 
77893adea000-77893b5ea000 rw-p 00000000 00:00 0 
77893b5ea000-77893b9ea000 rw-s 1033a7000 00:10 1059                      anon_inode:i915.gem
77893b9ea000-77893bdea000 rw-s 1307e5000 00:10 1059                      anon_inode:i915.gem
77893bdea000-77893d5ea000 rw-s 117bd5000 00:10 1059                      anon_inode:i915.gem
77893d5ea000-77893d5eb000 rw-s 00000000 00:01 42181                      /memfd:pipewire-memfd:flags=0x0000000f,type=2,size=4096 (deleted)
77893d5eb000-77893d5ec000 rw-s 00000000 00:01 6407                       /memfd:pipewire-memfd:flags=0x0000000f,type=2,size=2312 (deleted)
77893d5ec000-77893d5ed000 rw-s 00000000 00:01 42180                      /memfd:pipewire-memfd:flags=0x0000000f,type=2,size=2312 (deleted)
77893d5ed000-77893d5ee000 rw-s 00000000 00:01 43193                      /memfd:pipewire-memfd:flags=0x0000000f,type=2,size=2312 (deleted)
77893d5ee000-77893d5ef000 rw-s 00000000 00:01 40223                      /memfd:pipewire-memfd:flags=0x0000000f,type=2,size=4096 (deleted)
77893d5ef000-77893d5f0000 rw-s 00000000 00:01 32766                      /memfd:pipewire-memfd:flags=0x0000000f,type=2,size=4096 (deleted)
77893d5f0000-77893d5f9000 rw-s 00000000 00:01 38705                      /memfd:pipewire-memfd:flags=0x0000000f,type=2,size=32832 (deleted)
77893d5f9000-77893d5fa000 rw-s 00000000 00:01 6407                       /memfd:pipewire-memfd:flags=0x0000000f,type=2,size=2312 (deleted)
77893d5fa000-77893d5fb000 rw-s 00000000 00:01 32765                      /memfd:pipewire-memfd:flags=0x0000000f,type=2,size=2312 (deleted)
77893d5fb000-77893d5fc000 rw-s 00000000 00:01 32764                      /memfd:pipewire-memfd:flags=0x0000000f,type=2,size=2312 (deleted)
77893d5fc000-77893d600000 ---p 00000000 00:00 0 
77893d600000-77893d6fc000 rw-p 00000000 00:00 0 
77893d6fc000-77893d6fd000 rw-s 00000000 00:01 38704                      /memfd:pipewire-memfd:flags=0x0000000f,type=2,size=4096 (deleted)
77893d6fd000-77893d706000 rw-s 00000000 00:01 40220                      /memfd:pipewire-memfd:flags=0x0000000f,type=2,size=32832 (deleted)
77893d706000-77893d70f000 rw-s 00000000 00:01 40219                      /memfd:pipewire-memfd:flags=0x0000000f,type=2,size=32832 (deleted)
77893d70f000-77893d710000 rw-s 00000000 00:01 6407                       /memfd:pipewire-memfd:flags=0x0000000f,type=2,size=2312 (deleted)
77893d710000-77893d711000 rw-s 00000000 00:01 38703                      /memfd:pipewire-memfd:flags=0x0000000f,type=2,size=2312 (deleted)
77893d711000-77893d712000 rw-s 00000000 00:01 41304                      /memfd:pipewire-memfd:flags=0x0000000f,type=2,size=2312 (deleted)
77893d712000-77893d716000 ---p 00000000 00:00 0 
77893d716000-77893d812000 rw-p 00000000 00:00 0 
77893d812000-77893d81b000 rw-s 00000000 00:01 38702                      /memfd:pipewire-memfd:flags=0x0000000f,type=2,size=32832 (deleted)
77893d81b000-77893d824000 rw-s 00000000 00:01 38701                      /memfd:pipewire-memfd:flags=0x0000000f,type=2,size=32832 (deleted)
77893d824000-77893d828000 ---p 00000000 00:00 0 
77893d828000-77893d924000 rw-p 00000000 00:00 0 
77893d924000-77893d92d000 rw-s 00000000 00:01 36766                      /memfd:pipewire-memfd:flags=0x0000000f,type=2,size=32832 (deleted)
77893d92d000-77893dd2d000 rw-s 1041a7000 00:10 1059                      anon_inode:i915.gem
77893dd2d000-77893e12d000 rw-s 103da7000 00:10 1059                      anon_inode:i915.gem
77893e12d000-77893e131000 ---p 00000000 00:00 0 
77893e131000-77893e22d000 rw-p 00000000 00:00 0 
77893e22d000-77893e231000 ---p 00000000 00:00 0 
77893e231000-77893e32d000 rw-p 00000000 00:00 0 
77893e32d000-77893e331000 ---p 00000000 00:00 0 
77893e331000-77893e42d000 rw-p 00000000 00:00 0 
77893e42d000-77893e431000 ---p 00000000 00:00 0 
77893e431000-77893e52d000 rw-p 00000000 00:00 0 
77893e52d000-77893e72d000 rw-s 1305e5000 00:10 1059                      anon_inode:i915.gem
77893e72d000-77893e731000 ---p 00000000 00:00 0 
77893e731000-77893e82d000 rw-p 00000000 00:00 0 
77893e82d000-77893e831000 ---p 00000000 00:00 0 
77893e831000-77893e92d000 rw-p 00000000 00:00 0 
77893e92d000-77893e931000 ---p 00000000 00:00 0 
77893e931000-77893ea2d000 rw-p 00000000 00:00 0 
77893ea2d000-77893ea31000 ---p 00000000 00:00 0 
77893ea31000-77893eb2d000 rw-p 00000000 00:00 0 
77893eb2d000-77893ed2d000 rw-s 12ffe5000 00:10 1059                      anon_inode:i915.gem
77893ed2d000-77893ed31000 ---p 00000000 00:00 0 
77893ed31000-77893ee2d000 rw-p 00000000 00:00 0 
77893ee2d000-77893ee31000 ---p 00000000 00:00 0 
77893ee31000-77893ef2d000 rw-p 00000000 00:00 0 
77893ef2d000-77893ef31000 ---p 00000000 00:00 0 
77893ef31000-77893f02d000 rw-p 00000000 00:00 0 
77893f02d000-77893f031000 ---p 00000000 00:00 0 
77893f031000-77893f12d000 rw-p 00000000 00:00 0 
77893f12d000-77893f32d000 rw-s 10e765000 00:10 1059                      anon_inode:i915.gem
77893f32d000-77893f32e000 rw-s 00000000 00:01 40218                      /memfd:pipewire-memfd:flags=0x0000000f,type=2,size=4096 (deleted)
77893f32e000-77893f32f000 rw-s 00000000 00:01 6407                       /memfd:pipewire-memfd:flags=0x0000000f,type=2,size=2312 (deleted)
77893f32f000-77893f330000 rw-s 00000000 00:01 40217                      /memfd:pipewire-memfd:flags=0x0000000f,type=2,size=2312 (deleted)
77893f330000-77893f331000 rw-s 00000000 00:01 43189                      /memfd:pipewire-memfd:flags=0x0000000f,type=2,size=2312 (deleted)
77893f331000-77893f332000 rw-s 00000000 00:01 38700                      /memfd:pipewire-memfd:flags=0x0000000f,type=2,size=4096 (deleted)
77893f332000-77893f33b000 rw-s 00000000 00:01 36765                      /memfd:pipewire-memfd:flags=0x0000000f,type=2,size=32832 (deleted)
77893f33b000-77893f33c000 rw-s 00000000 00:01 6407                       /memfd:pipewire-memfd:flags=0x0000000f,type=2,size=2312 (deleted)
77893f33c000-77893f33d000 rw-s 00000000 00:01 38699                      /memfd:pipewire-memfd:flags=0x0000000f,type=2,size=2312 (deleted)
77893f33d000-77893f33e000 rw-s 00000000 00:01 36764                      /memfd:pipewire-memfd:flags=0x0000000f,type=2,size=2312 (deleted)
77893f33e000-77893f33f000 rw-s 00000000 00:01 38696                      /memfd:pipewire-memfd:flags=0x0000000f,type=2,size=4096 (deleted)
77893f33f000-77893f348000 rw-s 00000000 00:01 38698                      /memfd:pipewire-memfd:flags=0x0000000f,type=2,size=32832 (deleted)
77893f348000-77893f351000 rw-s 00000000 00:01 38697                      /memfd:pipewire-memfd:flags=0x0000000f,type=2,size=32832 (deleted)
77893f351000-77893f352000 rw-s 00000000 00:01 6407                       /memfd:pipewire-memfd:flags=0x0000000f,type=2,size=2312 (deleted)
77893f352000-77893f353000 rw-s 00000000 00:01 38695                      /memfd:pipewire-memfd:flags=0x0000000f,type=2,size=2312 (deleted)
77893f353000-77893f354000 rw-s 00000000 00:01 38694                      /memfd:pipewire-memfd:flags=0x0000000f,type=2,size=2312 (deleted)
77893f354000-77893f355000 rw-s 00000000 00:01 43188                      /memfd:pipewire-memfd:flags=0x0000000f,type=2,size=4096 (deleted)
77893f355000-77893f35e000 rw-s 00000000 00:01 39800                      /memfd:pipewire-memfd:flags=0x0000000f,type=2,size=32832 (deleted)
77893f35e000-77893f367000 rw-s 00000000 00:01 39799                      /memfd:pipewire-memfd:flags=0x0000000f,type=2,size=32832 (deleted)
77893f367000-77893f368000 rw-s 00000000 00:01 6407                       /memfd:pipewire-memfd:flags=0x0000000f,type=2,size=2312 (deleted)
77893f368000-77893f369000 rw-s 00000000 00:01 43183                      /memfd:pipewire-memfd:flags=0x0000000f,type=2,size=4096 (deleted)
77893f369000-77893f372000 rw-s 00000000 00:01 40215                      /memfd:pipewire-memfd:flags=0x0000000f,type=2,size=32832 (deleted)
77893f372000-77893f37b000 rw-s 00000000 00:01 40214                      /memfd:pipewire-memfd:flags=0x0000000f,type=2,size=32832 (deleted)
77893f37b000-77893f37c000 rw-s 00000000 00:01 6407                       /memfd:pipewire-memfd:flags=0x0000000f,type=2,size=2312 (deleted)
77893f37c000-77893f37d000 rw-s 00000000 00:01 43182                      /memfd:pipewire-memfd:flags=0x0000000f,type=2,size=2312 (deleted)
77893f37d000-77893f37e000 rw-s 00000000 00:01 40213                      /memfd:pipewire-memfd:flags=0x0000000f,type=2,size=2312 (deleted)
77893f37e000-77893f37f000 rw-s 00000000 00:01 43181                      /memfd:pipewire-memfd:flags=0x0000000f,type=2,size=4096 (deleted)
77893f37f000-77893f388000 rw-s 00000000 00:01 42171                      /memfd:pipewire-memfd:flags=0x0000000f,type=2,size=32832 (deleted)
77893f388000-77893f391000 rw-s 00000000 00:01 42170                      /memfd:pipewire-memfd:flags=0x0000000f,type=2,size=32832 (deleted)
77893f391000-77893f392000 rw-s 00000000 00:01 6407                       /memfd:pipewire-memfd:flags=0x0000000f,type=2,size=2312 (deleted)
77893f392000-77893f39b000 rw-s 00000000 00:01 42169                      /memfd:pipewire-memfd:flags=0x0000000f,type=2,size=32832 (deleted)
77893f39b000-77893f3a4000 rw-s 00000000 00:01 42168                      /memfd:pipewire-memfd:flags=0x0000000f,type=2,size=32832 (deleted)
77893f3a4000-77893f3ad000 rw-s 00000000 00:01 38689                      /memfd:pipewire-memfd:flags=0x0000000f,type=2,size=32832 (deleted)
77893f3ad000-77893f3ae000 rw-s 00000000 00:01 36773                      /memfd:pipewire-memfd:flags=0x0000000f,type=2,size=2312 (deleted)
77893f3ae000-77893f3af000 rw-s 00000000 00:01 40229                      /memfd:pipewire-memfd:flags=0x0000000f,type=2,size=4096 (deleted)
77893f3af000-77893f3b0000 rw-s 00000000 00:01 6407                       /memfd:pipewire-memfd:flags=0x0000000f,type=2,size=2312 (deleted)
77893f3b0000-77893f3b1000 rw-s 00000000 00:01 40228                      /memfd:pipewire-memfd:flags=0x0000000f,type=2,size=2312 (deleted)
77893f3b1000-77893f3b2000 rw-s 00000000 00:01 36772                      /memfd:pipewire-memfd:flags=0x0000000f,type=2,size=2312 (deleted)
77893f3b2000-77893f3b3000 rw-s 00000000 00:01 38715                      /memfd:pipewire-memfd:flags=0x0000000f,type=2,size=4096 (deleted)
77893f3b3000-77893f3bc000 rw-s 00000000 00:01 38716                      /memfd:pipewire-memfd:flags=0x0000000f,type=2,size=32832 (deleted)
77893f3bc000-77893f3bd000 rw-s 00000000 00:01 6407                       /memfd:pipewire-memfd:flags=0x0000000f,type=2,size=2312 (deleted)
77893f3bd000-77893f3be000 rw-s 00000000 00:01 38714                      /memfd:pipewire-memfd:flags=0x0000000f,type=2,size=2312 (deleted)
77893f3be000-77893f3bf000 rw-s 00000000 00:01 44035                      /memfd:pipewire-memfd:flags=0x0000000f,type=2,size=2312 (deleted)
77893f3bf000-77893f3c0000 rw-s 00000000 00:01 44034                      /memfd:pipewire-memfd:flags=0x0000000f,type=2,size=4096 (deleted)
77893f3c0000-77893f3c9000 rw-s 00000000 00:01 36771                      /memfd:pipewire-memfd:flags=0x0000000f,type=2,size=32832 (deleted)
77893f3c9000-77893f3d2000 rw-s 00000000 00:01 36770                      /memfd:pipewire-memfd:flags=0x0000000f,type=2,size=32832 (deleted)
77893f3d2000-77893f3d3000 rw-s 00000000 00:01 6407                       /memfd:pipewire-memfd:flags=0x0000000f,type=2,size=2312 (deleted)
77893f3d3000-77893f3d4000 rw-s 00000000 00:01 44033                      /memfd:pipewire-memfd:flags=0x0000000f,type=2,size=2312 (deleted)
77893f3d4000-77893f3d5000 rw-s 00000000 00:01 42185                      /memfd:pipewire-memfd:flags=0x0000000f,type=2,size=2312 (deleted)
77893f3d5000-77893f3d6000 rw-s 00000000 00:01 39805                      /memfd:pipewire-memfd:flags=0x0000000f,type=2,size=4096 (deleted)
77893f3d6000-77893f3df000 rw-s 00000000 00:01 38713                      /memfd:pipewire-memfd:flags=0x0000000f,type=2,size=32832 (deleted)
77893f3df000-77893f3e8000 rw-s 00000000 00:01 38712                      /memfd:pipewire-memfd:flags=0x0000000f,type=2,size=32832 (deleted)
77893f3e8000-77893f3e9000 rw-s 00000000 00:01 6407                       /memfd:pipewire-memfd:flags=0x0000000f,type=2,size=2312 (deleted)
77893f3e9000-77893f3ea000 rw-s 00000000 00:01 39804                      /memfd:pipewire-memfd:flags=0x0000000f,type=2,size=2312 (deleted)
77893f3ea000-77893f3eb000 rw-s 00000000 00:01 44032                      /memfd:pipewire-memfd:flags=0x0000000f,type=2,size=2312 (deleted)
77893f3eb000-77893f3ec000 rw-s 00000000 00:01 42184                      /memfd:pipewire-memfd:flags=0x0000000f,type=2,size=4096 (deleted)
77893f3ec000-77893f3f5000 rw-s 00000000 00:01 40227                      /memfd:pipewire-memfd:flags=0x0000000f,type=2,size=32832 (deleted)
77893f3f5000-77893f3fe000 rw-s 00000000 00:01 40226                      /memfd:pipewire-memfd:flags=0x0000000f,type=2,size=32832 (deleted)
77893f3fe000-77893f3ff000 rw-s 00000000 00:01 6407                       /memfd:pipewire-memfd:flags=0x0000000f,type=2,size=2312 (deleted)
77893f3ff000-77893f400000 rw-s 00000000 00:01 42183                      /memfd:pipewire-memfd:flags=0x0000000f,type=2,size=2312 (deleted)
77893f400000-77893f401000 rw-s 00000000 00:01 32767                      /memfd:pipewire-memfd:flags=0x0000000f,type=2,size=2312 (deleted)
77893f401000-77893f402000 rw-s 00000000 00:01 39803                      /memfd:pipewire-memfd:flags=0x0000000f,type=2,size=4096 (deleted)
77893f402000-77893f40b000 rw-s 00000000 00:01 43198                      /memfd:pipewire-memfd:flags=0x0000000f,type=2,size=32832 (deleted)
77893f40b000-77893f414000 rw-s 00000000 00:01 43197                      /memfd:pipewire-memfd:flags=0x0000000f,type=2,size=32832 (deleted)
77893f414000-77893f415000 rw-s 00000000 00:01 6407                       /memfd:pipewire-memfd:flags=0x0000000f,type=2,size=2312 (deleted)
77893f415000-77893f416000 rw-s 00000000 00:01 39802                      /memfd:pipewire-memfd:flags=0x0000000f,type=2,size=2312 (deleted)
77893f416000-77893f417000 rw-s 00000000 00:01 36769                      /memfd:pipewire-memfd:flags=0x0000000f,type=2,size=2312 (deleted)
77893f417000-77893f418000 rw-s 00000000 00:01 43196                      /memfd:pipewire-memfd:flags=0x0000000f,type=2,size=4096 (deleted)
77893f418000-77893f421000 rw-s 00000000 00:01 38711                      /memfd:pipewire-memfd:flags=0x0000000f,type=2,size=32832 (deleted)
77893f421000-77893f42a000 rw-s 00000000 00:01 38710                      /memfd:pipewire-memfd:flags=0x0000000f,type=2,size=32832 (deleted)
77893f42a000-77893f42b000 rw-s 00000000 00:01 6407                       /memfd:pipewire-memfd:flags=0x0000000f,type=2,size=2312 (deleted)
77893f42b000-77893f42c000 rw-s 00000000 00:01 43195                      /memfd:pipewire-memfd:flags=0x0000000f,type=2,size=2312 (deleted)
77893f42c000-77893f42d000 rw-s 00000000 00:01 38709                      /memfd:pipewire-memfd:flags=0x0000000f,type=2,size=2312 (deleted)
77893f42d000-77893f431000 ---p 00000000 00:00 0 
77893f431000-77893f52d000 rw-p 00000000 00:00 0 
77893f52d000-77893f531000 ---p 00000000 00:00 0 
77893f531000-77893f62d000 rw-p 00000000 00:00 0 
77893f62d000-77893f631000 ---p 00000000 00:00 0 
77893f631000-77893f72d000 rw-p 00000000 00:00 0 
77893f72d000-77893f731000 ---p 00000000 00:00 0 
77893f731000-77893f82d000 rw-p 00000000 00:00 0 
77893f82d000-77893f831000 ---p 00000000 00:00 0 
77893f831000-77893f92d000 rw-p 00000000 00:00 0 
77893f92d000-77893f931000 ---p 00000000 00:00 0 
77893f931000-77893fa2d000 rw-p 00000000 00:00 0 
77893fa2d000-77893fa31000 ---p 00000000 00:00 0 
77893fa31000-77893fb2d000 rw-p 00000000 00:00 0 
77893fb2d000-77893fd2d000 rw-s 1225e5000 00:10 1059                      anon_inode:i915.gem
77893fd2d000-77893fd31000 ---p 00000000 00:00 0 
77893fd31000-77893fe2d000 rw-p 00000000 00:00 0 
77893fe2d000-77893fe31000 ---p 00000000 00:00 0 
77893fe31000-77893ff2d000 rw-p 00000000 00:00 0 
77893ff2d000-77893ff31000 ---p 00000000 00:00 0 
77893ff31000-77894002d000 rw-p 00000000 00:00 0 
77894002d000-778940031000 ---p 00000000 00:00 0 
778940031000-77894012d000 rw-p 00000000 00:00 0 
77894012d000-77894032d000 rw-s 10d8e5000 00:10 1059                      anon_inode:i915.gem
77894032d000-778940331000 ---p 00000000 00:00 0 
778940331000-77894042d000 rw-p 00000000 00:00 0 
77894042d000-778940431000 ---p 00000000 00:00 0 
778940431000-77894052d000 rw-p 00000000 00:00 0 
77894052d000-77894072d000 rw-s 11fca5000 00:10 1059                      anon_inode:i915.gem
77894072d000-77894112d000 rw-s 11f2a5000 00:10 1059                      anon_inode:i915.gem
77894112d000-77894152d000 rw-s 12d3b5000 00:10 1059                      anon_inode:i915.gem
77894152d000-778941531000 ---p 00000000 00:00 0 
778941531000-77894162d000 rw-p 00000000 00:00 0 
77894162d000-778941631000 ---p 00000000 00:00 0 
778941631000-77894172d000 rw-p 00000000 00:00 0 
77894172d000-778941731000 ---p 00000000 00:00 0 
778941731000-77894182d000 rw-p 00000000 00:00 0 
77894182d000-778941831000 ---p 00000000 00:00 0 
778941831000-77894192d000 rw-p 00000000 00:00 0 
77894192d000-778941931000 ---p 00000000 00:00 0 
778941931000-778941a2d000 rw-p 00000000 00:00 0 
778941a2d000-778941a31000 ---p 00000000 00:00 0 
778941a31000-778941b2d000 rw-p 00000000 00:00 0 
778941b2d000-778941b31000 ---p 00000000 00:00 0 
778941b31000-778941c2d000 rw-p 00000000 00:00 0 
778941c2d000-778941c31000 ---p 00000000 00:00 0 
778941c31000-778941d2d000 rw-p 00000000 00:00 0 
778941d2d000-77894212d000 rw-s 121de5000 00:10 1059                      anon_inode:i915.gem
77894212d000-77894232d000 rw-s 121345000 00:10 1059                      anon_inode:i915.gem
77894232d000-778942331000 ---p 00000000 00:00 0 
778942331000-77894242d000 rw-p 00000000 00:00 0 
77894242d000-778942431000 ---p 00000000 00:00 0 
778942431000-77894252d000 rw-p 00000000 00:00 0 
77894252d000-778942d2d000 rw-s 11af15000 00:10 1059                      anon_inode:i915.gem
778942d2d000-778942f2d000 rw-s 116125000 00:10 1059                      anon_inode:i915.gem
778942f2d000-77894312d000 rw-s 115f25000 00:10 1059                      anon_inode:i915.gem
77894312d000-778943131000 ---p 00000000 00:00 0 
778943131000-77894322d000 rw-p 00000000 00:00 0 
77894322d000-778943231000 ---p 00000000 00:00 0 
778943231000-77894332d000 rw-p 00000000 00:00 0 
77894332d000-77894352d000 rw-s 1138d5000 00:10 1059                      anon_inode:i915.gem
77894352d000-77894372d000 rw-s 1136d5000 00:10 1059                      anon_inode:i915.gem
77894372d000-77894392d000 rw-s 1134d5000 00:10 1059                      anon_inode:i915.gem
77894392d000-77894512d000 rw-s 12e5e5000 00:10 1059                      anon_inode:i915.gem
77894512d000-77894512e000 rw-s 00000000 00:01 43180                      /memfd:pipewire-memfd:flags=0x0000000f,type=2,size=2312 (deleted)
77894512e000-77894512f000 rw-s 00000000 00:01 40212                      /memfd:pipewire-memfd:flags=0x0000000f,type=2,size=2312 (deleted)
77894512f000-778945130000 rw-s 00000000 00:01 32741                      /memfd:pipewire-memfd:flags=0x0000000f,type=2,size=4096 (deleted)
778945130000-778945131000 rw-s 00000000 00:01 6407                       /memfd:pipewire-memfd:flags=0x0000000f,type=2,size=2312 (deleted)
778945131000-778945132000 rw-s 00000000 00:01 32740                      /memfd:pipewire-memfd:flags=0x0000000f,type=2,size=2312 (deleted)
778945132000-778945133000 rw-s 00000000 00:01 40211                      /memfd:pipewire-memfd:flags=0x0000000f,type=2,size=2312 (deleted)
778945133000-778945134000 rw-s 00000000 00:01 38687                      /memfd:pipewire-memfd:flags=0x0000000f,type=2,size=4096 (deleted)
778945134000-77894513d000 rw-s 00000000 00:01 38688                      /memfd:pipewire-memfd:flags=0x0000000f,type=2,size=32832 (deleted)
77894513d000-77894513e000 rw-s 00000000 00:01 6407                       /memfd:pipewire-memfd:flags=0x0000000f,type=2,size=2312 (deleted)
77894513e000-77894513f000 rw-s 00000000 00:01 38686                      /memfd:pipewire-memfd:flags=0x0000000f,type=2,size=2312 (deleted)
77894513f000-778945140000 rw-s 00000000 00:01 38685                      /memfd:pipewire-memfd:flags=0x0000000f,type=2,size=2312 (deleted)
778945140000-778945141000 rw-s 00000000 00:01 42165                      /memfd:pipewire-memfd:flags=0x0000000f,type=2,size=4096 (deleted)
778945141000-77894514a000 rw-s 00000000 00:01 42167                      /memfd:pipewire-memfd:flags=0x0000000f,type=2,size=32832 (deleted)
77894514a000-778945153000 rw-s 00000000 00:01 42166                      /memfd:pipewire-memfd:flags=0x0000000f,type=2,size=32832 (deleted)
778945153000-778945154000 rw-s 00000000 00:01 6407                       /memfd:pipewire-memfd:flags=0x0000000f,type=2,size=2312 (deleted)
778945154000-778945155000 rw-s 00000000 00:01 42164                      /memfd:pipewire-memfd:flags=0x0000000f,type=2,size=2312 (deleted)
778945155000-778945156000 rw-s 00000000 00:01 43179                      /memfd:pipewire-memfd:flags=0x0000000f,type=2,size=2312 (deleted)
778945156000-778945157000 rw-s 00000000 00:01 43178                      /memfd:pipewire-memfd:flags=0x0000000f,type=2,size=4096 (deleted)
778945157000-778945160000 rw-s 00000000 00:01 38684                      /memfd:pipewire-memfd:flags=0x0000000f,type=2,size=32832 (deleted)
778945160000-778945169000 rw-s 00000000 00:01 38683                      /memfd:pipewire-memfd:flags=0x0000000f,type=2,size=32832 (deleted)
778945169000-77894516a000 rw-s 00000000 00:01 6407                       /memfd:pipewire-memfd:flags=0x0000000f,type=2,size=2312 (deleted)
77894516a000-77894516b000 rw-s 00000000 00:01 43177                      /memfd:pipewire-memfd:flags=0x0000000f,type=2,size=2312 (deleted)
77894516b000-77894516c000 rw-s 00000000 00:01 40210                      /memfd:pipewire-memfd:flags=0x0000000f,type=2,size=2312 (deleted)
77894516c000-77894517c000 rw-s 102d37000 00:10 1059                      anon_inode:i915.gem
77894517c000-77894517d000 rw-s 00000000 00:01 43173                      /memfd:pipewire-memfd:flags=0x0000000f,type=2,size=4096 (deleted)
77894517d000-778945186000 rw-s 00000000 00:01 43175                      /memfd:pipewire-memfd:flags=0x0000000f,type=2,size=32832 (deleted)
778945186000-77894518f000 rw-s 00000000 00:01 43174                      /memfd:pipewire-memfd:flags=0x0000000f,type=2,size=32832 (deleted)
77894518f000-778945198000 rw-s 00000000 00:01 42162                      /memfd:pipewire-memfd:flags=0x0000000f,type=2,size=32832 (deleted)
778945198000-778945199000 rw-s 00000000 00:01 40207                      /memfd:pipewire-memfd:flags=0x0000000f,type=2,size=4096 (deleted)
778945199000-7789451a2000 rw-s 00000000 00:01 43172                      /memfd:pipewire-memfd:flags=0x0000000f,type=2,size=32832 (deleted)
7789451a2000-7789451ab000 rw-s 00000000 00:01 43171                      /memfd:pipewire-memfd:flags=0x0000000f,type=2,size=32832 (deleted)
7789451ab000-7789451ac000 rw-s 00000000 00:01 6407                       /memfd:pipewire-memfd:flags=0x0000000f,type=2,size=2312 (deleted)
7789451ac000-7789451ad000 rw-s 00000000 00:01 40206                      /memfd:pipewire-memfd:flags=0x0000000f,type=2,size=2312 (deleted)
7789451ad000-7789451ae000 rw-s 00000000 00:01 39795                      /memfd:pipewire-memfd:flags=0x0000000f,type=2,size=2312 (deleted)
7789451ae000-7789451af000 rw-s 00000000 00:01 36758                      /memfd:pipewire-memfd:flags=0x0000000f,type=2,size=4096 (deleted)
7789451af000-7789451b8000 rw-s 00000000 00:01 32738                      /memfd:pipewire-memfd:flags=0x0000000f,type=2,size=32832 (deleted)
7789451b8000-7789451c1000 rw-s 00000000 00:01 32737                      /memfd:pipewire-memfd:flags=0x0000000f,type=2,size=32832 (deleted)
7789451c1000-7789451c2000 rw-s 00000000 00:01 6407                       /memfd:pipewire-memfd:flags=0x0000000f,type=2,size=2312 (deleted)
7789451c2000-7789451c3000 rw-s 00000000 00:01 36757                      /memfd:pipewire-memfd:flags=0x0000000f,type=2,size=2312 (deleted)
7789451c3000-7789451c4000 rw-s 00000000 00:01 40205                      /memfd:pipewire-memfd:flags=0x0000000f,type=2,size=2312 (deleted)
7789451c4000-7789451c5000 rw-s 00000000 00:01 38682                      /memfd:pipewire-memfd:flags=0x0000000f,type=2,size=4096 (deleted)
7789451c5000-7789451ce000 rw-s 00000000 00:01 36756                      /memfd:pipewire-memfd:flags=0x0000000f,type=2,size=32832 (deleted)
7789451ce000-7789451d7000 rw-s 00000000 00:01 36755                      /memfd:pipewire-memfd:flags=0x0000000f,type=2,size=32832 (deleted)
7789451d7000-7789451d8000 rw-s 00000000 00:01 6407                       /memfd:pipewire-memfd:flags=0x0000000f,type=2,size=2312 (deleted)
7789451d8000-7789451e1000 rw-s 00000000 00:01 43170                      /memfd:pipewire-memfd:flags=0x0000000f,type=2,size=32832 (deleted)
7789451e1000-7789451ea000 rw-s 00000000 00:01 43169                      /memfd:pipewire-memfd:flags=0x0000000f,type=2,size=32832 (deleted)
7789451ea000-7789451f3000 rw-s 00000000 00:01 40204                      /memfd:pipewire-memfd:flags=0x0000000f,type=2,size=32832 (deleted)
7789451f3000-7789451fc000 rw-s 00000000 00:01 40203                      /memfd:pipewire-memfd:flags=0x0000000f,type=2,size=32832 (deleted)
7789451fc000-7789451fd000 ---p 00000000 00:00 0 
7789451fd000-7789459fd000 rw-p 00000000 00:00 0 
7789459fd000-7789459fe000 ---p 00000000 00:00 0 
7789459fe000-7789461fe000 rw-p 00000000 00:00 0 
7789461fe000-7789461ff000 ---p 00000000 00:00 0 
7789461ff000-7789469ff000 rw-p 00000000 00:00 0 
7789469ff000-778946a00000 ---p 00000000 00:00 0 
778946a00000-778947200000 rw-p 00000000 00:00 0 
778947200000-778947400000 rw-s 11b715000 00:10 1059                      anon_inode:i915.gem
778947400000-778947404000 ---p 00000000 00:00 0 
778947404000-778947500000 rw-p 00000000 00:00 0 
778947500000-778947504000 ---p 00000000 00:00 0 
778947504000-778947600000 rw-p 00000000 00:00 0 
778947600000-778947604000 ---p 00000000 00:00 0 
778947604000-778947700000 rw-p 00000000 00:00 0 
778947700000-778947704000 ---p 00000000 00:00 0 
778947704000-778947800000 rw-p 00000000 00:00 0 
778947800000-778947804000 ---p 00000000 00:00 0 
778947804000-778947900000 rw-p 00000000 00:00 0 
778947900000-778947904000 ---p 00000000 00:00 0 
778947904000-778947a00000 rw-p 00000000 00:00 0 
778947a00000-778947a04000 ---p 00000000 00:00 0 
778947a04000-778947b00000 rw-p 00000000 00:00 0 
778947b00000-778947b04000 ---p 00000000 00:00 0 
778947b04000-778947c00000 rw-p 00000000 00:00 0 
778947c00000-778948000000 rw-s 1301e5000 00:10 1059                      anon_inode:i915.gem
778948000000-778948021000 rw-p 00000000 00:00 0 
778948021000-77894c000000 ---p 00000000 00:00 0 
77894c000000-77894c001000 rw-s 00000000 00:01 38681                      /memfd:pipewire-memfd:flags=0x0000000f,type=2,size=2312 (deleted)
77894c001000-77894c002000 rw-s 00000000 00:01 36754                      /memfd:pipewire-memfd:flags=0x0000000f,type=2,size=2312 (deleted)
77894c002000-77894c003000 rw-s 00000000 00:01 36753                      /memfd:pipewire-memfd:flags=0x0000000f,type=2,size=4096 (deleted)
77894c003000-77894c004000 rw-s 00000000 00:01 6407                       /memfd:pipewire-memfd:flags=0x0000000f,type=2,size=2312 (deleted)
77894c004000-77894c005000 rw-s 00000000 00:01 36752                      /memfd:pipewire-memfd:flags=0x0000000f,type=2,size=2312 (deleted)
77894c005000-77894c006000 rw-s 00000000 00:01 38680                      /memfd:pipewire-memfd:flags=0x0000000f,type=2,size=2312 (deleted)
77894c006000-77894c007000 rw-s 00000000 00:01 42159                      /memfd:pipewire-memfd:flags=0x0000000f,type=2,size=4096 (deleted)
77894c007000-77894c008000 rw-s 00000000 00:01 6407                       /memfd:pipewire-memfd:flags=0x0000000f,type=2,size=2312 (deleted)
77894c008000-77894c009000 rw-s 00000000 00:01 42158                      /memfd:pipewire-memfd:flags=0x0000000f,type=2,size=2312 (deleted)
77894c009000-77894c00a000 rw-s 00000000 00:01 40202                      /memfd:pipewire-memfd:flags=0x0000000f,type=2,size=2312 (deleted)
77894c00a000-77894c00b000 rw-s 00000000 00:01 40201                      /memfd:pipewire-memfd:flags=0x0000000f,type=2,size=4096 (deleted)
77894c00b000-77894c014000 rw-s 00000000 00:01 38678                      /memfd:pipewire-memfd:flags=0x0000000f,type=2,size=32832 (deleted)
77894c014000-77894c01d000 rw-s 00000000 00:01 38677                      /memfd:pipewire-memfd:flags=0x0000000f,type=2,size=32832 (deleted)
77894c01d000-77894c01e000 rw-s 00000000 00:01 6407                       /memfd:pipewire-memfd:flags=0x0000000f,type=2,size=2312 (deleted)
77894c01e000-77894c01f000 rw-s 00000000 00:01 40200                      /memfd:pipewire-memfd:flags=0x0000000f,type=2,size=2312 (deleted)
77894c01f000-77894c020000 rw-s 00000000 00:01 38676                      /memfd:pipewire-memfd:flags=0x0000000f,type=2,size=2312 (deleted)
77894c020000-77894c021000 rw-s 00000000 00:01 41296                      /memfd:pipewire-memfd:flags=0x0000000f,type=2,size=4096 (deleted)
77894c021000-77894c02a000 rw-s 00000000 00:01 39794                      /memfd:pipewire-memfd:flags=0x0000000f,type=2,size=32832 (deleted)
77894c02a000-77894c02b000 rw-s 00000000 00:01 6407                       /memfd:pipewire-memfd:flags=0x0000000f,type=2,size=2312 (deleted)
77894c02b000-77894c02c000 rw-s 00000000 00:01 40222                      /memfd:pipewire-memfd:flags=0x0000000f,type=2,size=2312 (deleted)
77894c02c000-77894c02d000 rw-s 00000000 00:01 43192                      /memfd:pipewire-memfd:flags=0x0000000f,type=2,size=2312 (deleted)
77894c02d000-77894c02e000 rw-s 00000000 00:01 42177                      /memfd:pipewire-memfd:flags=0x0000000f,type=2,size=4096 (deleted)
77894c02e000-77894c037000 rw-s 00000000 00:01 43190                      /memfd:pipewire-memfd:flags=0x0000000f,type=2,size=32832 (deleted)
77894c037000-77894c038000 rw-s 00000000 00:01 6407                       /memfd:pipewire-memfd:flags=0x0000000f,type=2,size=2312 (deleted)
77894c038000-77894c039000 rw-s 00000000 00:01 42176                      /memfd:pipewire-memfd:flags=0x0000000f,type=2,size=2312 (deleted)
77894c039000-77894c03a000 rw-s 00000000 00:01 39801                      /memfd:pipewire-memfd:flags=0x0000000f,type=2,size=2312 (deleted)
77894c03a000-77894c03b000 rw-s 00000000 00:01 36751                      /memfd:pipewire-memfd:flags=0x0000000f,type=2,size=4096 (deleted)
77894c03b000-77894c044000 rw-s 00000000 00:01 43165                      /memfd:pipewire-memfd:flags=0x0000000f,type=2,size=32832 (deleted)
77894c044000-77894c04d000 rw-s 00000000 00:01 43164                      /memfd:pipewire-memfd:flags=0x0000000f,type=2,size=32832 (deleted)
77894c04d000-77894c04e000 rw-s 00000000 00:01 6407                       /memfd:pipewire-memfd:flags=0x0000000f,type=2,size=2312 (deleted)
77894c04e000-77894c04f000 rw-s 00000000 00:01 36750                      /memfd:pipewire-memfd:flags=0x0000000f,type=2,size=2312 (deleted)
77894c04f000-77894c050000 rw-s 00000000 00:01 36749                      /memfd:pipewire-memfd:flags=0x0000000f,type=2,size=2312 (deleted)
77894c050000-77894c051000 rw-s 00000000 00:01 38671                      /memfd:pipewire-memfd:flags=0x0000000f,type=2,size=4096 (deleted)
77894c051000-77894c05a000 rw-s 00000000 00:01 39788                      /memfd:pipewire-memfd:flags=0x0000000f,type=2,size=32832 (deleted)
77894c05a000-77894c063000 rw-s 00000000 00:01 39787                      /memfd:pipewire-memfd:flags=0x0000000f,type=2,size=32832 (deleted)
77894c063000-77894c064000 rw-s 00000000 00:01 6407                       /memfd:pipewire-memfd:flags=0x0000000f,type=2,size=2312 (deleted)
77894c064000-77894c065000 rw-s 00000000 00:01 38670                      /memfd:pipewire-memfd:flags=0x0000000f,type=2,size=2312 (deleted)
77894c065000-77894c06e000 rw-s 00000000 00:01 43163                      /memfd:pipewire-memfd:flags=0x0000000f,type=2,size=32832 (deleted)
77894c06e000-77894c077000 rw-s 00000000 00:01 43162                      /memfd:pipewire-memfd:flags=0x0000000f,type=2,size=32832 (deleted)
77894c077000-77894c080000 rw-s 00000000 00:01 36746                      /memfd:pipewire-memfd:flags=0x0000000f,type=2,size=32832 (deleted)
77894c080000-77894c084000 ---p 00000000 00:00 0 
77894c084000-77894c180000 rw-p 00000000 00:00 0 
77894c180000-77894c184000 ---p 00000000 00:00 0 
77894c184000-77894c280000 rw-p 00000000 00:00 0 
77894c280000-77894c480000 rw-s 102437000 00:10 1059                      anon_inode:i915.gem
77894c480000-77894c680000 rw-s 114484000 00:10 1059                      anon_inode:i915.gem
77894c680000-77894c880000 rw-s 114284000 00:10 1059                      anon_inode:i915.gem
77894c880000-77894cc80000 rw-s 113e75000 00:10 1059                      anon_inode:i915.gem
77894cc80000-77894ce80000 rw-s 113c75000 00:10 1059                      anon_inode:i915.gem
77894ce80000-77894d080000 rw-s 121bc5000 00:10 1059                      anon_inode:i915.gem
77894d080000-77894d081000 rw-s 00000000 00:01 38669                      /memfd:pipewire-memfd:flags=0x0000000f,type=2,size=2312 (deleted)
77894d081000-77894d082000 rw-s 00000000 00:01 36748                      /memfd:pipewire-memfd:flags=0x0000000f,type=2,size=4096 (deleted)
77894d082000-77894d08b000 rw-s 00000000 00:01 36745                      /memfd:pipewire-memfd:flags=0x0000000f,type=2,size=32832 (deleted)
77894d08b000-77894d094000 rw-s 00000000 00:01 39786                      /memfd:pipewire-memfd:flags=0x0000000f,type=2,size=32832 (deleted)
77894d094000-77894d09d000 rw-s 00000000 00:01 39785                      /memfd:pipewire-memfd:flags=0x0000000f,type=2,size=32832 (deleted)
77894d09d000-77894d09e000 rw-s 00000000 00:01 43187                      /memfd:pipewire-memfd:flags=0x0000000f,type=2,size=2312 (deleted)
77894d09e000-77894d09f000 rw-s 00000000 00:01 43186                      /memfd:pipewire-memfd:flags=0x0000000f,type=2,size=2312 (deleted)
77894d09f000-77894d0af000 rw-s 106dd7000 00:10 1059                      anon_inode:i915.gem
77894d0af000-77894d0b0000 rw-s 00000000 00:01 42175                      /memfd:pipewire-memfd:flags=0x0000000f,type=2,size=4096 (deleted)
77894d0b0000-77894d0b9000 rw-s 00000000 00:01 32763                      /memfd:pipewire-memfd:flags=0x0000000f,type=2,size=32832 (deleted)
77894d0b9000-77894d0c2000 rw-s 00000000 00:01 32762                      /memfd:pipewire-memfd:flags=0x0000000f,type=2,size=32832 (deleted)
77894d0c2000-77894d0c3000 rw-s 00000000 00:01 6407                       /memfd:pipewire-memfd:flags=0x0000000f,type=2,size=2312 (deleted)
77894d0c3000-77894d0c4000 rw-s 00000000 00:01 38690                      /memfd:pipewire-memfd:flags=0x0000000f,type=2,size=2312 (deleted)
77894d0c4000-77894d0c5000 rw-s 00000000 00:01 32761                      /memfd:pipewire-memfd:flags=0x0000000f,type=2,size=2312 (deleted)
77894d0c5000-77894d0c6000 rw-s 00000000 00:01 32746                      /memfd:pipewire-memfd:flags=0x0000000f,type=2,size=4096 (deleted)
77894d0c6000-77894d0cf000 rw-s 00000000 00:01 41300                      /memfd:pipewire-memfd:flags=0x0000000f,type=2,size=32832 (deleted)
77894d0cf000-77894d0d8000 rw-s 00000000 00:01 41299                      /memfd:pipewire-memfd:flags=0x0000000f,type=2,size=32832 (deleted)
77894d0d8000-77894d0d9000 rw-s 00000000 00:01 6407                       /memfd:pipewire-memfd:flags=0x0000000f,type=2,size=2312 (deleted)
77894d0d9000-77894d0da000 rw-s 00000000 00:01 32745                      /memfd:pipewire-memfd:flags=0x0000000f,type=2,size=2312 (deleted)
77894d0da000-77894d0db000 rw-s 00000000 00:01 32744                      /memfd:pipewire-memfd:flags=0x0000000f,type=2,size=2312 (deleted)
77894d0db000-77894d0dc000 rw-s 00000000 00:01 32743                      /memfd:pipewire-memfd:flags=0x0000000f,type=2,size=4096 (deleted)
77894d0dc000-77894d0e5000 rw-s 00000000 00:01 39798                      /memfd:pipewire-memfd:flags=0x0000000f,type=2,size=32832 (deleted)
77894d0e5000-77894d0ee000 rw-s 00000000 00:01 39797                      /memfd:pipewire-memfd:flags=0x0000000f,type=2,size=32832 (deleted)
77894d0ee000-77894d0ef000 rw-s 00000000 00:01 6407                       /memfd:pipewire-memfd:flags=0x0000000f,type=2,size=2312 (deleted)
77894d0ef000-77894d0f0000 rw-s 00000000 00:01 32742                      /memfd:pipewire-memfd:flags=0x0000000f,type=2,size=2312 (deleted)
77894d0f0000-77894d0f1000 rw-s 00000000 00:01 39796                      /memfd:pipewire-memfd:flags=0x0000000f,type=2,size=2312 (deleted)
77894d0f1000-77894d0f2000 rw-s 00000000 00:01 42174                      /memfd:pipewire-memfd:flags=0x0000000f,type=2,size=4096 (deleted)
77894d0f2000-77894d0fb000 rw-s 00000000 00:01 43185                      /memfd:pipewire-memfd:flags=0x0000000f,type=2,size=32832 (deleted)
77894d0fb000-77894d104000 rw-s 00000000 00:01 43184                      /memfd:pipewire-memfd:flags=0x0000000f,type=2,size=32832 (deleted)
77894d104000-77894d105000 rw-s 00000000 00:01 6407                       /memfd:pipewire-memfd:flags=0x0000000f,type=2,size=2312 (deleted)
77894d105000-77894d106000 rw-s 00000000 00:01 42173                      /memfd:pipewire-memfd:flags=0x0000000f,type=2,size=2312 (deleted)
77894d106000-77894d107000 rw-s 00000000 00:01 41298                      /memfd:pipewire-memfd:flags=0x0000000f,type=2,size=2312 (deleted)
77894d107000-77894d108000 rw-s 00000000 00:01 36761                      /memfd:pipewire-memfd:flags=0x0000000f,type=2,size=4096 (deleted)
77894d108000-77894d111000 rw-s 00000000 00:01 36763                      /memfd:pipewire-memfd:flags=0x0000000f,type=2,size=32832 (deleted)
77894d111000-77894d11a000 rw-s 00000000 00:01 36762                      /memfd:pipewire-memfd:flags=0x0000000f,type=2,size=32832 (deleted)
77894d11a000-77894d11b000 rw-s 00000000 00:01 6407                       /memfd:pipewire-memfd:flags=0x0000000f,type=2,size=2312 (deleted)
77894d11b000-77894d11c000 rw-s 00000000 00:01 36760                      /memfd:pipewire-memfd:flags=0x0000000f,type=2,size=2312 (deleted)
77894d11c000-77894d11d000 rw-s 00000000 00:01 42172                      /memfd:pipewire-memfd:flags=0x0000000f,type=2,size=2312 (deleted)
77894d11d000-77894d126000 rw-s 00000000 00:01 38668                      /memfd:pipewire-memfd:flags=0x0000000f,type=2,size=32832 (deleted)
77894d126000-77894d12f000 rw-s 00000000 00:01 38667                      /memfd:pipewire-memfd:flags=0x0000000f,type=2,size=32832 (deleted)
77894d12f000-77894d138000 rw-s 00000000 00:01 43161                      /memfd:pipewire-memfd:flags=0x0000000f,type=2,size=32832 (deleted)
77894d138000-77894d147000 r--p 00000000 08:14 2895196                    /usr/lib/x86_64-linux-gnu/libgcrypt.so.20.4.3
77894d147000-77894d23b000 r-xp 0000f000 08:14 2895196                    /usr/lib/x86_64-linux-gnu/libgcrypt.so.20.4.3
77894d23b000-77894d276000 r--p 00103000 08:14 2895196                    /usr/lib/x86_64-linux-gnu/libgcrypt.so.20.4.3
77894d276000-77894d27b000 r--p 0013e000 08:14 2895196                    /usr/lib/x86_64-linux-gnu/libgcrypt.so.20.4.3
77894d27b000-77894d27f000 rw-p 00143000 08:14 2895196                    /usr/lib/x86_64-linux-gnu/libgcrypt.so.20.4.3
77894d27f000-77894d280000 rw-p 00000000 00:00 0 
77894d280000-77894d480000 rw-s 1217c5000 00:10 1059                      anon_inode:i915.gem
77894d480000-77894d680000 rw-s 104ba7000 00:10 1059                      anon_inode:i915.gem
77894d680000-77894d689000 rw-s 00000000 00:01 39793                      /memfd:pipewire-memfd:flags=0x0000000f,type=2,size=32832 (deleted)
77894d689000-77894d692000 rw-s 00000000 00:01 38675                      /memfd:pipewire-memfd:flags=0x0000000f,type=2,size=32832 (deleted)
77894d692000-77894d693000 rw-s 00000000 00:01 42156                      /memfd:pipewire-memfd:flags=0x0000000f,type=2,size=4096 (deleted)
77894d693000-77894d69c000 rw-s 00000000 00:01 40199                      /memfd:pipewire-memfd:flags=0x0000000f,type=2,size=32832 (deleted)
77894d69c000-77894d6a5000 rw-s 00000000 00:01 40198                      /memfd:pipewire-memfd:flags=0x0000000f,type=2,size=32832 (deleted)
77894d6a5000-77894d6a6000 rw-s 00000000 00:01 6407                       /memfd:pipewire-memfd:flags=0x0000000f,type=2,size=2312 (deleted)
77894d6a6000-77894d6a7000 rw-s 00000000 00:01 42155                      /memfd:pipewire-memfd:flags=0x0000000f,type=2,size=2312 (deleted)
77894d6a7000-77894d6a8000 rw-s 00000000 00:01 39792                      /memfd:pipewire-memfd:flags=0x0000000f,type=2,size=2312 (deleted)
77894d6a8000-77894d6a9000 rw-s 00000000 00:01 32733                      /memfd:pipewire-memfd:flags=0x0000000f,type=2,size=4096 (deleted)
77894d6a9000-77894d6b2000 rw-s 00000000 00:01 43167                      /memfd:pipewire-memfd:flags=0x0000000f,type=2,size=32832 (deleted)
77894d6b2000-77894d6bb000 rw-s 00000000 00:01 43166                      /memfd:pipewire-memfd:flags=0x0000000f,type=2,size=32832 (deleted)
77894d6bb000-77894d6bc000 rw-s 00000000 00:01 6407                       /memfd:pipewire-memfd:flags=0x0000000f,type=2,size=2312 (deleted)
77894d6bc000-77894d6bd000 rw-s 00000000 00:01 32732                      /memfd:pipewire-memfd:flags=0x0000000f,type=2,size=2312 (deleted)
77894d6bd000-77894d6be000 rw-s 00000000 00:01 38673                      /memfd:pipewire-memfd:flags=0x0000000f,type=2,size=2312 (deleted)
77894d6be000-77894d6bf000 rw-s 00000000 00:01 32731                      /memfd:pipewire-memfd:flags=0x0000000f,type=2,size=4096 (deleted)
77894d6bf000-77894d6c8000 rw-s 00000000 00:01 42154                      /memfd:pipewire-memfd:flags=0x0000000f,type=2,size=32832 (deleted)
77894d6c8000-77894d6d1000 rw-s 00000000 00:01 42153                      /memfd:pipewire-memfd:flags=0x0000000f,type=2,size=32832 (deleted)
77894d6d1000-77894d6d2000 rw-s 00000000 00:01 6407                       /memfd:pipewire-memfd:flags=0x0000000f,type=2,size=2312 (deleted)
77894d6d2000-77894d6d3000 rw-s 00000000 00:01 32730                      /memfd:pipewire-memfd:flags=0x0000000f,type=2,size=2312 (deleted)
77894d6d3000-77894d6d4000 rw-s 00000000 00:01 38672                      /memfd:pipewire-memfd:flags=0x0000000f,type=2,size=2312 (deleted)
77894d6d4000-77894d6d5000 rw-s 00000000 00:01 32729                      /memfd:pipewire-memfd:flags=0x0000000f,type=2,size=4096 (deleted)
77894d6d5000-77894d6de000 rw-s 00000000 00:01 39791                      /memfd:pipewire-memfd:flags=0x0000000f,type=2,size=32832 (deleted)
77894d6de000-77894d6e7000 rw-s 00000000 00:01 39790                      /memfd:pipewire-memfd:flags=0x0000000f,type=2,size=32832 (deleted)
77894d6e7000-77894d6e8000 rw-s 00000000 00:01 6407                       /memfd:pipewire-memfd:flags=0x0000000f,type=2,size=2312 (deleted)
77894d6e8000-77894d6e9000 rw-s 00000000 00:01 32728                      /memfd:pipewire-memfd:flags=0x0000000f,type=2,size=2312 (deleted)
77894d6e9000-77894d6ea000 rw-s 00000000 00:01 40197                      /memfd:pipewire-memfd:flags=0x0000000f,type=2,size=2312 (deleted)
77894d6ea000-77894d6eb000 rw-s 00000000 00:01 32727                      /memfd:pipewire-memfd:flags=0x0000000f,type=2,size=4096 (deleted)
77894d6eb000-77894d6f4000 rw-s 00000000 00:01 42152                      /memfd:pipewire-memfd:flags=0x0000000f,type=2,size=32832 (deleted)
77894d6f4000-77894d6fd000 rw-s 00000000 00:01 42151                      /memfd:pipewire-memfd:flags=0x0000000f,type=2,size=32832 (deleted)
77894d6fd000-77894d6fe000 rw-s 00000000 00:01 6407                       /memfd:pipewire-memfd:flags=0x0000000f,type=2,size=2312 (deleted)
77894d6fe000-77894d6ff000 rw-s 00000000 00:01 32726                      /memfd:pipewire-memfd:flags=0x0000000f,type=2,size=2312 (deleted)
77894d6ff000-77894d700000 rw-s 00000000 00:01 39789                      /memfd:pipewire-memfd:flags=0x0000000f,type=2,size=2312 (deleted)
77894d700000-77894db00000 rw-s 1047a7000 00:10 1059                      anon_inode:i915.gem
77894db00000-77894dd00000 rw-s 12e07b000 00:10 1059                      anon_inode:i915.gem
77894dd00000-77894df00000 rw-s 12de7b000 00:10 1059                      anon_inode:i915.gem
77894df00000-77894df01000 rw-s 00000000 00:01 6407                       /memfd:pipewire-memfd:flags=0x0000000f,type=2,size=2312 (deleted)
77894df01000-77894df02000 rw-s 00000000 00:01 36747                      /memfd:pipewire-memfd:flags=0x0000000f,type=2,size=2312 (deleted)
77894df02000-77894df03000 rw-s 00000000 00:01 32725                      /memfd:pipewire-memfd:flags=0x0000000f,type=2,size=2312 (deleted)
77894df03000-77894df04000 rw-s 00000000 00:01 41293                      /memfd:pipewire-memfd:flags=0x0000000f,type=2,size=4096 (deleted)
77894df04000-77894df05000 rw-s 00000000 00:01 6407                       /memfd:pipewire-memfd:flags=0x0000000f,type=2,size=2312 (deleted)
77894df05000-77894df0e000 rw-s 00000000 00:01 43160                      /memfd:pipewire-memfd:flags=0x0000000f,type=2,size=32832 (deleted)
77894df0e000-77894df17000 rw-s 00000000 00:01 40194                      /memfd:pipewire-memfd:flags=0x0000000f,type=2,size=32832 (deleted)
77894df17000-77894df20000 rw-s 00000000 00:01 40193                      /memfd:pipewire-memfd:flags=0x0000000f,type=2,size=32832 (deleted)
77894df20000-77894df36000 r--p 00000000 08:14 2894273                    /usr/lib/x86_64-linux-gnu/libsystemd.so.0.38.0
77894df36000-77894dfc5000 r-xp 00016000 08:14 2894273                    /usr/lib/x86_64-linux-gnu/libsystemd.so.0.38.0
77894dfc5000-77894dff3000 r--p 000a5000 08:14 2894273                    /usr/lib/x86_64-linux-gnu/libsystemd.so.0.38.0
77894dff3000-77894dffe000 r--p 000d2000 08:14 2894273                    /usr/lib/x86_64-linux-gnu/libsystemd.so.0.38.0
77894dffe000-77894dfff000 rw-p 000dd000 08:14 2894273                    /usr/lib/x86_64-linux-gnu/libsystemd.so.0.38.0
77894dfff000-77894e000000 rw-p 00000000 00:00 0 
77894e000000-77894e200000 rw-s 12d125000 00:10 1059                      anon_inode:i915.gem
77894e200000-77894e201000 rw-s 00000000 00:01 41292                      /memfd:pipewire-memfd:flags=0x0000000f,type=2,size=2312 (deleted)
77894e201000-77894e202000 rw-s 00000000 00:01 41291                      /memfd:pipewire-memfd:flags=0x0000000f,type=2,size=2312 (deleted)
77894e202000-77894e203000 rw-s 00000000 00:01 32724                      /memfd:pipewire-memfd:flags=0x0000000f,type=2,size=4096 (deleted)
77894e203000-77894e214000 r--p 00000000 08:14 2887420                    /usr/lib/x86_64-linux-gnu/spa-0.2/audioconvert/libspa-audioconvert.so
77894e214000-77894e25c000 r-xp 00011000 08:14 2887420                    /usr/lib/x86_64-linux-gnu/spa-0.2/audioconvert/libspa-audioconvert.so
77894e25c000-77894e270000 r--p 00059000 08:14 2887420                    /usr/lib/x86_64-linux-gnu/spa-0.2/audioconvert/libspa-audioconvert.so
77894e270000-77894e27e000 r--p 0006c000 08:14 2887420                    /usr/lib/x86_64-linux-gnu/spa-0.2/audioconvert/libspa-audioconvert.so
77894e27e000-77894e280000 rw-p 0007a000 08:14 2887420                    /usr/lib/x86_64-linux-gnu/spa-0.2/audioconvert/libspa-audioconvert.so
77894e280000-77894e480000 rw-s 12cf25000 00:10 1059                      anon_inode:i915.gem
77894e480000-77894e880000 rw-s 122895000 00:10 1059                      anon_inode:i915.gem
77894e880000-77894e881000 rw-s 00000000 00:01 6407                       /memfd:pipewire-memfd:flags=0x0000000f,type=2,size=2312 (deleted)
77894e881000-77894e882000 rw-s 00000000 00:01 32723                      /memfd:pipewire-memfd:flags=0x0000000f,type=2,size=2312 (deleted)
77894e882000-77894e883000 rw-s 00000000 00:01 32722                      /memfd:pipewire-memfd:flags=0x0000000f,type=2,size=2312 (deleted)
77894e883000-77894e88c000 rw-s 00000000 00:01 41289                      /memfd:pipewire-memfd:flags=0x0000000f,type=2,size=32832 (deleted)
77894e88c000-77894e895000 rw-s 00000000 00:01 41288                      /memfd:pipewire-memfd:flags=0x0000000f,type=2,size=32832 (deleted)
77894e895000-77894e899000 r--p 00000000 08:14 2887460                    /usr/lib/x86_64-linux-gnu/pipewire-0.3/libpipewire-module-session-manager.so
77894e899000-77894e8b6000 r-xp 00004000 08:14 2887460                    /usr/lib/x86_64-linux-gnu/pipewire-0.3/libpipewire-module-session-manager.so
77894e8b6000-77894e8bb000 r--p 00021000 08:14 2887460                    /usr/lib/x86_64-linux-gnu/pipewire-0.3/libpipewire-module-session-manager.so
77894e8bb000-77894e8bd000 r--p 00026000 08:14 2887460                    /usr/lib/x86_64-linux-gnu/pipewire-0.3/libpipewire-module-session-manager.so
77894e8bd000-77894e8be000 rw-p 00028000 08:14 2887460                    /usr/lib/x86_64-linux-gnu/pipewire-0.3/libpipewire-module-session-manager.so
77894e8be000-77894e8ca000 r--p 00000000 08:14 2887401                    /usr/lib/x86_64-linux-gnu/pipewire-0.3/libpipewire-module-client-node.so
77894e8ca000-77894e8eb000 r-xp 0000c000 08:14 2887401                    /usr/lib/x86_64-linux-gnu/pipewire-0.3/libpipewire-module-client-node.so
77894e8eb000-77894e8f5000 r--p 0002d000 08:14 2887401                    /usr/lib/x86_64-linux-gnu/pipewire-0.3/libpipewire-module-client-node.so
77894e8f5000-77894e8ff000 r--p 00037000 08:14 2887401                    /usr/lib/x86_64-linux-gnu/pipewire-0.3/libpipewire-module-client-node.so
77894e8ff000-77894e900000 rw-p 00041000 08:14 2887401                    /usr/lib/x86_64-linux-gnu/pipewire-0.3/libpipewire-module-client-node.so
77894e900000-77894ed00000 rw-s 1055a7000 00:10 1059                      anon_inode:i915.gem
77894ed00000-77894ed01000 rw-s 00000000 00:01 42150                      /memfd:pipewire-memfd:flags=0x0000000f,type=2,size=4096 (deleted)
77894ed01000-77894ed02000 rw-s 00000000 00:01 6407                       /memfd:pipewire-memfd:flags=0x0000000f,type=2,size=2312 (deleted)
77894ed02000-77894ed03000 rw-s 00000000 00:01 42149                      /memfd:pipewire-memfd:flags=0x0000000f,type=2,size=2312 (deleted)
77894ed03000-77894ed04000 rw-s 00000000 00:01 39783                      /memfd:pipewire-memfd:flags=0x0000000f,type=2,size=2312 (deleted)
77894ed04000-77894ed0d000 rw-s 00000000 00:01 40191                      /memfd:pipewire-memfd:flags=0x0000000f,type=2,size=32832 (deleted)
77894ed0d000-77894ed16000 rw-s 00000000 00:01 40190                      /memfd:pipewire-memfd:flags=0x0000000f,type=2,size=32832 (deleted)
77894ed16000-77894ed1f000 rw-s 00000000 00:01 40189                      /memfd:pipewire-memfd:flags=0x0000000f,type=2,size=32832 (deleted)
77894ed1f000-77894ed28000 rw-s 00000000 00:01 40188                      /memfd:pipewire-memfd:flags=0x0000000f,type=2,size=32832 (deleted)
77894ed28000-77894ed3b000 r--p 00000000 08:14 2887443                    /usr/lib/x86_64-linux-gnu/pipewire-0.3/libpipewire-module-protocol-native.so
77894ed3b000-77894ed5a000 r-xp 00013000 08:14 2887443                    /usr/lib/x86_64-linux-gnu/pipewire-0.3/libpipewire-module-protocol-native.so
77894ed5a000-77894ed65000 r--p 00032000 08:14 2887443                    /usr/lib/x86_64-linux-gnu/pipewire-0.3/libpipewire-module-protocol-native.so
77894ed65000-77894ed75000 r--p 0003c000 08:14 2887443                    /usr/lib/x86_64-linux-gnu/pipewire-0.3/libpipewire-module-protocol-native.so
77894ed75000-77894ed76000 rw-p 0004c000 08:14 2887443                    /usr/lib/x86_64-linux-gnu/pipewire-0.3/libpipewire-module-protocol-native.so
77894ed76000-77894eda1000 r--p 00000000 08:14 2886140                    /usr/lib/x86_64-linux-gnu/libasound.so.2.0.0
77894eda1000-77894ee40000 r-xp 0002b000 08:14 2886140                    /usr/lib/x86_64-linux-gnu/libasound.so.2.0.0
77894ee40000-77894ee78000 r--p 000ca000 08:14 2886140                    /usr/lib/x86_64-linux-gnu/libasound.so.2.0.0
77894ee78000-77894ee7f000 r--p 00101000 08:14 2886140                    /usr/lib/x86_64-linux-gnu/libasound.so.2.0.0
77894ee7f000-77894ee80000 rw-p 00108000 08:14 2886140                    /usr/lib/x86_64-linux-gnu/libasound.so.2.0.0
77894ee80000-77894f080000 rw-s 102fa7000 00:10 1059                      anon_inode:i915.gem
77894f080000-77894f480000 rw-s 1004c3000 00:10 1059                      anon_inode:i915.gem
77894f480000-77894f680000 rw-s 102da7000 00:10 1059                      anon_inode:i915.gem
77894f680000-77894f681000 rw-s 00000000 00:01 40196                      /memfd:pipewire-memfd:flags=0x0000000f,type=2,size=4096 (deleted)
77894f681000-77894f682000 rw-s 00000000 00:01 6407                       /memfd:pipewire-memfd:flags=0x0000000f,type=2,size=2312 (deleted)
77894f682000-77894f68b000 rw-s 00000000 00:01 38664                      /memfd:pipewire-memfd:flags=0x0000000f,type=2,size=32832 (deleted)
77894f68b000-77894f694000 rw-s 00000000 00:01 38663                      /memfd:pipewire-memfd:flags=0x0000000f,type=2,size=32832 (deleted)
77894f694000-77894f69d000 rw-s 00000000 00:01 43153                      /memfd:pipewire-memfd:flags=0x0000000f,type=2,size=32832 (deleted)
77894f69d000-77894f6d0000 r--p 00000000 08:14 2883701                    /usr/lib/x86_64-linux-gnu/libpipewire-0.3.so.0.1005.0
77894f6d0000-77894f737000 r-xp 00033000 08:14 2883701                    /usr/lib/x86_64-linux-gnu/libpipewire-0.3.so.0.1005.0
77894f737000-77894f750000 r--p 0009a000 08:14 2883701                    /usr/lib/x86_64-linux-gnu/libpipewire-0.3.so.0.1005.0
77894f750000-77894f77b000 r--p 000b2000 08:14 2883701                    /usr/lib/x86_64-linux-gnu/libpipewire-0.3.so.0.1005.0
77894f77b000-77894f77c000 rw-p 000dd000 08:14 2883701                    /usr/lib/x86_64-linux-gnu/libpipewire-0.3.so.0.1005.0
77894f77c000-77894f77d000 rw-p 00000000 00:00 0 
77894f77d000-77894f781000 r--p 00000000 08:14 2895335                    /usr/lib/x86_64-linux-gnu/libjpeg.so.8.2.2
77894f781000-77894f7ce000 r-xp 00004000 08:14 2895335                    /usr/lib/x86_64-linux-gnu/libjpeg.so.8.2.2
77894f7ce000-77894f7fe000 r--p 00051000 08:14 2895335                    /usr/lib/x86_64-linux-gnu/libjpeg.so.8.2.2
77894f7fe000-77894f7ff000 r--p 00081000 08:14 2895335                    /usr/lib/x86_64-linux-gnu/libjpeg.so.8.2.2
77894f7ff000-77894f800000 rw-p 00082000 08:14 2895335                    /usr/lib/x86_64-linux-gnu/libjpeg.so.8.2.2
77894f800000-77894fa00000 rw-s 120995000 00:10 1059                      anon_inode:i915.gem
77894fa00000-77894fc00000 rw-s 120795000 00:10 1059                      anon_inode:i915.gem
77894fc00000-77894fe00000 rw-s 1203a5000 00:10 1059                      anon_inode:i915.gem
77894fe00000-778950000000 rw-s 11fec5000 00:10 1059                      anon_inode:i915.gem
778950000000-778954000000 rw-p 00000000 00:00 0 
778954000000-778954021000 rw-p 00000000 00:00 0 
778954021000-778958000000 ---p 00000000 00:00 0 
778958000000-778958021000 rw-p 00000000 00:00 0 
778958021000-77895c000000 ---p 00000000 00:00 0 
77895c000000-77895c05c000 rw-p 00000000 00:00 0 
77895c05c000-778960000000 ---p 00000000 00:00 0 
778960000000-77896052c000 rw-p 00000000 00:00 0 
77896052c000-778964000000 ---p 00000000 00:00 0 
778964000000-778964021000 rw-p 00000000 00:00 0 
778964021000-778968000000 ---p 00000000 00:00 0 
778968000000-778968076000 rw-p 00000000 00:00 0 
778968076000-77896c000000 ---p 00000000 00:00 0 
77896c000000-77896c05c000 rw-p 00000000 00:00 0 
77896c05c000-778970000000 ---p 00000000 00:00 0 
778970000000-77897053e000 rw-p 00000000 00:00 0 
77897053e000-778974000000 ---p 00000000 00:00 0 
778974000000-778974021000 rw-p 00000000 00:00 0 
778974021000-778978000000 ---p 00000000 00:00 0 
778978000000-778978021000 rw-p 00000000 00:00 0 
778978021000-77897c000000 ---p 00000000 00:00 0 
77897c000000-77897c062000 rw-p 00000000 00:00 0 
77897c062000-778980000000 ---p 00000000 00:00 0 
778980000000-77898052b000 rw-p 00000000 00:00 0 
77898052b000-778984000000 ---p 00000000 00:00 0 
778984000000-778984021000 rw-p 00000000 00:00 0 
778984021000-778988000000 ---p 00000000 00:00 0 
778988000000-778988021000 rw-p 00000000 00:00 0 
778988021000-77898c000000 ---p 00000000 00:00 0 
77898c000000-77898c067000 rw-p 00000000 00:00 0 
77898c067000-778990000000 ---p 00000000 00:00 0 
778990000000-778990021000 rw-p 00000000 00:00 0 
778990021000-778994000000 ---p 00000000 00:00 0 
778994000000-778994001000 rw-s 00000000 00:01 40195                      /memfd:pipewire-memfd:flags=0x0000000f,type=2,size=2312 (deleted)
778994001000-778994002000 rw-s 00000000 00:01 41290                      /memfd:pipewire-memfd:flags=0x0000000f,type=2,size=2312 (deleted)
778994002000-778994003000 rw-s 00000000 00:01 36744                      /memfd:pipewire-memfd:flags=0x0000000f,type=2,size=4096 (deleted)
778994003000-778994004000 rw-s 00000000 00:01 6407                       /memfd:pipewire-memfd:flags=0x0000000f,type=2,size=2312 (deleted)
778994004000-778994005000 rw-s 00000000 00:01 42163                      /memfd:pipewire-memfd:flags=0x0000000f,type=2,size=2312 (deleted)
778994005000-778994006000 rw-s 00000000 00:01 41297                      /memfd:pipewire-memfd:flags=0x0000000f,type=2,size=2312 (deleted)
778994006000-778994007000 rw-s 00000000 00:01 40209                      /memfd:pipewire-memfd:flags=0x0000000f,type=2,size=4096 (deleted)
778994007000-778994010000 rw-s 00000000 00:01 42161                      /memfd:pipewire-memfd:flags=0x0000000f,type=2,size=32832 (deleted)
778994010000-778994011000 rw-s 00000000 00:01 6407                       /memfd:pipewire-memfd:flags=0x0000000f,type=2,size=2312 (deleted)
778994011000-778994012000 rw-s 00000000 00:01 40208                      /memfd:pipewire-memfd:flags=0x0000000f,type=2,size=2312 (deleted)
778994012000-778994013000 rw-s 00000000 00:01 32739                      /memfd:pipewire-memfd:flags=0x0000000f,type=2,size=2312 (deleted)
778994013000-778994023000 rw-s 1015f9000 00:10 1059                      anon_inode:i915.gem
778994023000-77899402f000 r--p 00000000 08:14 2895096                    /usr/lib/x86_64-linux-gnu/libdbus-1.so.3.32.4
77899402f000-77899405f000 r-xp 0000c000 08:14 2895096                    /usr/lib/x86_64-linux-gnu/libdbus-1.so.3.32.4
77899405f000-778994070000 r--p 0003c000 08:14 2895096                    /usr/lib/x86_64-linux-gnu/libdbus-1.so.3.32.4
778994070000-778994071000 r--p 0004c000 08:14 2895096                    /usr/lib/x86_64-linux-gnu/libdbus-1.so.3.32.4
778994071000-778994072000 rw-p 0004d000 08:14 2895096                    /usr/lib/x86_64-linux-gnu/libdbus-1.so.3.32.4
778994072000-778994272000 rw-s 116655000 00:10 1059                      anon_inode:i915.gem
778994272000-778994472000 rw-s 107bb7000 00:10 1059                      anon_inode:i915.gem
778994472000-778994473000 ---p 00000000 00:00 0 
778994473000-778994c73000 rw-p 00000000 00:00 0 
778994c73000-778994c74000 ---p 00000000 00:00 0 
778994c74000-778995474000 rw-p 00000000 00:00 0 
778995474000-778995478000 ---p 00000000 00:00 0 
778995478000-778995574000 rw-p 00000000 00:00 0 
778995574000-7789956b5000 rw-s 00000000 08:14 6160526                    /home/hazemzooma/.cache/mesa_shader_cache_db/index
7789956b5000-7789956b9000 ---p 00000000 00:00 0 
7789956b9000-7789957b5000 rw-p 00000000 00:00 0 
7789957b5000-7789957b9000 ---p 00000000 00:00 0 
7789957b9000-7789958b5000 rw-p 00000000 00:00 0 
7789958b5000-7789958b6000 ---p 00000000 00:00 0 
7789958b6000-7789960b6000 rw-p 00000000 00:00 0 
7789960b6000-7789960b7000 ---p 00000000 00:00 0 
7789960b7000-7789968b7000 rw-p 00000000 00:00 0 
7789968b7000-7789969f8000 rw-s 00000000 08:14 6160526                    /home/hazemzooma/.cache/mesa_shader_cache_db/index
7789969f8000-7789969f9000 ---p 00000000 00:00 0 
7789969f9000-778996af9000 rw-p 00000000 00:00 0 
778996af9000-778996afa000 ---p 00000000 00:00 0 
778996afa000-778996bfa000 rw-p 00000000 00:00 0 
778996bfa000-778996bfb000 ---p 00000000 00:00 0 
778996bfb000-778996cfb000 rw-p 00000000 00:00 0 
778996cfb000-778996cfc000 ---p 00000000 00:00 0 
778996cfc000-778996dfc000 rw-p 00000000 00:00 0 
778996dfc000-778996dfd000 ---p 00000000 00:00 0 
778996dfd000-778996efd000 rw-p 00000000 00:00 0 
778996efd000-778996efe000 ---p 00000000 00:00 0 
778996efe000-778996ffe000 rw-p 00000000 00:00 0 
778996ffe000-778996fff000 ---p 00000000 00:00 0 
778996fff000-7789977ff000 rw-p 00000000 00:00 0 
7789977ff000-778997800000 ---p 00000000 00:00 0 
778997800000-778998000000 rw-p 00000000 00:00 0 
778998000000-77899805c000 rw-p 00000000 00:00 0 
77899805c000-77899c000000 ---p 00000000 00:00 0 
77899c000000-77899c52c000 rw-p 00000000 00:00 0 
77899c52c000-7789a0000000 ---p 00000000 00:00 0 
7789a0000000-7789a0500000 rw-p 00000000 00:00 0 
7789a0500000-7789a4000000 ---p 00000000 00:00 0 
7789a4000000-7789a4001000 rw-s 00000000 00:01 6407                       /memfd:pipewire-memfd:flags=0x0000000f,type=2,size=2312 (deleted)
7789a4001000-7789a4002000 rw-s 00000000 00:01 36743                      /memfd:pipewire-memfd:flags=0x0000000f,type=2,size=2312 (deleted)
7789a4002000-7789a4003000 rw-s 00000000 00:01 32721                      /memfd:pipewire-memfd:flags=0x0000000f,type=2,size=2312 (deleted)
7789a4003000-7789a4004000 rw-s 00000000 00:01 42147                      /memfd:pipewire-memfd:flags=0x0000000f,type=2,size=4096 (deleted)
7789a4004000-7789a4005000 rw-s 00000000 00:01 6407                       /memfd:pipewire-memfd:flags=0x0000000f,type=2,size=2312 (deleted)
7789a4005000-7789a4006000 rw-s 00000000 00:01 42146                      /memfd:pipewire-memfd:flags=0x0000000f,type=2,size=2312 (deleted)
7789a4006000-7789a400f000 rw-s 00000000 00:01 43152                      /memfd:pipewire-memfd:flags=0x0000000f,type=2,size=32832 (deleted)
7789a400f000-7789a4018000 rw-s 00000000 00:01 39776                      /memfd:pipewire-memfd:flags=0x0000000f,type=2,size=32832 (deleted)
7789a4018000-7789a4022000 r--p 00000000 08:14 2884848                    /usr/lib/x86_64-linux-gnu/pipewire-0.3/libpipewire-module-adapter.so
7789a4022000-7789a402d000 r-xp 0000a000 08:14 2884848                    /usr/lib/x86_64-linux-gnu/pipewire-0.3/libpipewire-module-adapter.so
7789a402d000-7789a4033000 r--p 00015000 08:14 2884848                    /usr/lib/x86_64-linux-gnu/pipewire-0.3/libpipewire-module-adapter.so
7789a4033000-7789a403c000 r--p 0001b000 08:14 2884848                    /usr/lib/x86_64-linux-gnu/pipewire-0.3/libpipewire-module-adapter.so
7789a403c000-7789a403d000 rw-p 00024000 08:14 2884848                    /usr/lib/x86_64-linux-gnu/pipewire-0.3/libpipewire-module-adapter.so
7789a403d000-7789a407d000 rw-s 1227e5000 00:10 1059                      anon_inode:i915.gem
7789a407d000-7789a407e000 rw-s 00000000 00:01 40192                      /memfd:pipewire-memfd:flags=0x0000000f,type=2,size=2312 (deleted)
7789a407e000-7789a407f000 rw-s 00000000 00:01 32720                      /memfd:pipewire-memfd:flags=0x0000000f,type=2,size=4096 (deleted)
7789a407f000-7789a4080000 rw-s 00000000 00:01 6407                       /memfd:pipewire-memfd:flags=0x0000000f,type=2,size=2312 (deleted)
7789a4080000-7789a4081000 rw-s 00000000 00:01 32719                      /memfd:pipewire-memfd:flags=0x0000000f,type=2,size=2312 (deleted)
7789a4081000-7789a4082000 rw-s 00000000 00:01 43159                      /memfd:pipewire-memfd:flags=0x0000000f,type=2,size=2312 (deleted)
7789a4082000-7789a4083000 rw-s 00000000 00:01 32718                      /memfd:pipewire-memfd:flags=0x0000000f,type=2,size=4096 (deleted)
7789a4083000-7789a4084000 rw-s 00000000 00:01 6407                       /memfd:pipewire-memfd:flags=0x0000000f,type=2,size=2312 (deleted)
7789a4084000-7789a4085000 rw-s 00000000 00:01 32717                      /memfd:pipewire-memfd:flags=0x0000000f,type=2,size=2312 (deleted)
7789a4085000-7789a4086000 rw-s 00000000 00:01 42145                      /memfd:pipewire-memfd:flags=0x0000000f,type=2,size=2312 (deleted)
7789a4086000-7789a4087000 rw-s 00000000 00:01 36740                      /memfd:pipewire-memfd:flags=0x0000000f,type=2,size=4096 (deleted)
7789a4087000-7789a4090000 rw-s 00000000 00:01 36742                      /memfd:pipewire-memfd:flags=0x0000000f,type=2,size=32832 (deleted)
7789a4090000-7789a4099000 rw-s 00000000 00:01 36741                      /memfd:pipewire-memfd:flags=0x0000000f,type=2,size=32832 (deleted)
7789a4099000-7789a409a000 rw-s 00000000 00:01 6407                       /memfd:pipewire-memfd:flags=0x0000000f,type=2,size=2312 (deleted)
7789a409a000-7789a409b000 rw-s 00000000 00:01 36739                      /memfd:pipewire-memfd:flags=0x0000000f,type=2,size=2312 (deleted)
7789a409b000-7789a409c000 rw-s 00000000 00:01 36738                      /memfd:pipewire-memfd:flags=0x0000000f,type=2,size=2312 (deleted)
7789a409c000-7789a409d000 rw-s 00000000 00:01 38666                      /memfd:pipewire-memfd:flags=0x0000000f,type=2,size=4096 (deleted)
7789a409d000-7789a40a6000 rw-s 00000000 00:01 39782                      /memfd:pipewire-memfd:flags=0x0000000f,type=2,size=32832 (deleted)
7789a40a6000-7789a40af000 rw-s 00000000 00:01 39781                      /memfd:pipewire-memfd:flags=0x0000000f,type=2,size=32832 (deleted)
7789a40af000-7789a40b0000 rw-s 00000000 00:01 6407                       /memfd:pipewire-memfd:flags=0x0000000f,type=2,size=2312 (deleted)
7789a40b0000-7789a40b1000 rw-s 00000000 00:01 38665                      /memfd:pipewire-memfd:flags=0x0000000f,type=2,size=2312 (deleted)
7789a40b1000-7789a40b2000 rw-s 00000000 00:01 40187                      /memfd:pipewire-memfd:flags=0x0000000f,type=2,size=2312 (deleted)
7789a40b2000-7789a40b3000 rw-s 00000000 00:01 39780                      /memfd:pipewire-memfd:flags=0x0000000f,type=2,size=4096 (deleted)
7789a40b3000-7789a40bc000 rw-s 00000000 00:01 41287                      /memfd:pipewire-memfd:flags=0x0000000f,type=2,size=32832 (deleted)
7789a40bc000-7789a40c5000 rw-s 00000000 00:01 41286                      /memfd:pipewire-memfd:flags=0x0000000f,type=2,size=32832 (deleted)
7789a40c5000-7789a40c6000 rw-s 00000000 00:01 6407                       /memfd:pipewire-memfd:flags=0x0000000f,type=2,size=2312 (deleted)
7789a40c6000-7789a40c7000 rw-s 00000000 00:01 39779                      /memfd:pipewire-memfd:flags=0x0000000f,type=2,size=2312 (deleted)
7789a40c7000-7789a40d0000 rw-s 00000000 00:01 42144                      /memfd:pipewire-memfd:flags=0x0000000f,type=2,size=32832 (deleted)
7789a40d0000-7789a40d9000 rw-s 00000000 00:01 42143                      /memfd:pipewire-memfd:flags=0x0000000f,type=2,size=32832 (deleted)
7789a40d9000-7789a40e2000 rw-s 00000000 00:01 43158                      /memfd:pipewire-memfd:flags=0x0000000f,type=2,size=32832 (deleted)
7789a40e2000-7789a40eb000 rw-s 00000000 00:01 43157                      /memfd:pipewire-memfd:flags=0x0000000f,type=2,size=32832 (deleted)
7789a40eb000-7789a40f4000 rw-s 00000000 00:01 41281                      /memfd:pipewire-memfd:flags=0x0000000f,type=2,size=32832 (deleted)
7789a40f4000-7789a40fd000 rw-s 00000000 00:01 41280                      /memfd:pipewire-memfd:flags=0x0000000f,type=2,size=32832 (deleted)
7789a40fd000-7789a40fe000 ---p 00000000 00:00 0 
7789a40fe000-7789a41fe000 rw-p 00000000 00:00 0 
7789a41fe000-7789a41ff000 ---p 00000000 00:00 0 
7789a41ff000-7789a49ff000 rw-p 00000000 00:00 0 
7789a49ff000-7789a4a00000 ---p 00000000 00:00 0 
7789a4a00000-7789a5200000 rw-p 00000000 00:00 0 
7789a5200000-7789a5201000 r--p 00000000 08:14 2895303                    /usr/lib/x86_64-linux-gnu/libicudata.so.74.2
7789a5201000-7789a5202000 r-xp 00001000 08:14 2895303                    /usr/lib/x86_64-linux-gnu/libicudata.so.74.2
7789a5202000-7789a6f5e000 r--p 00002000 08:14 2895303                    /usr/lib/x86_64-linux-gnu/libicudata.so.74.2
7789a6f5e000-7789a6f5f000 r--p 01d5d000 08:14 2895303                    /usr/lib/x86_64-linux-gnu/libicudata.so.74.2
7789a6f5f000-7789a6f60000 rw-p 01d5e000 08:14 2895303                    /usr/lib/x86_64-linux-gnu/libicudata.so.74.2
7789a6f60000-7789a6f61000 rw-s 00000000 00:01 41285                      /memfd:pipewire-memfd:flags=0x0000000f,type=2,size=2312 (deleted)
7789a6f61000-7789a6f62000 rw-s 00000000 00:01 41283                      /memfd:pipewire-memfd:flags=0x0000000f,type=2,size=4096 (deleted)
7789a6f62000-7789a6f63000 rw-s 00000000 00:01 6407                       /memfd:pipewire-memfd:flags=0x0000000f,type=2,size=2312 (deleted)
7789a6f63000-7789a6f6c000 rw-s 00000000 00:01 39775                      /memfd:pipewire-memfd:flags=0x0000000f,type=2,size=32832 (deleted)
7789a6f6c000-7789a6f72000 r--p 00000000 08:14 2895549                    /usr/lib/x86_64-linux-gnu/libselinux.so.1
7789a6f72000-7789a6f8f000 r-xp 00006000 08:14 2895549                    /usr/lib/x86_64-linux-gnu/libselinux.so.1
7789a6f8f000-7789a6f95000 r--p 00023000 08:14 2895549                    /usr/lib/x86_64-linux-gnu/libselinux.so.1
7789a6f95000-7789a6f96000 r--p 00029000 08:14 2895549                    /usr/lib/x86_64-linux-gnu/libselinux.so.1
7789a6f96000-7789a6f97000 rw-p 0002a000 08:14 2895549                    /usr/lib/x86_64-linux-gnu/libselinux.so.1
7789a6f97000-7789a6f99000 rw-p 00000000 00:00 0 
7789a6f99000-7789a6f9d000 r--p 00000000 08:14 2895235                    /usr/lib/x86_64-linux-gnu/libgpg-error.so.0.34.0
7789a6f9d000-7789a6fb3000 r-xp 00004000 08:14 2895235                    /usr/lib/x86_64-linux-gnu/libgpg-error.so.0.34.0
7789a6fb3000-7789a6fbc000 r--p 0001a000 08:14 2895235                    /usr/lib/x86_64-linux-gnu/libgpg-error.so.0.34.0
7789a6fbc000-7789a6fbd000 r--p 00023000 08:14 2895235                    /usr/lib/x86_64-linux-gnu/libgpg-error.so.0.34.0
7789a6fbd000-7789a6fbe000 rw-p 00024000 08:14 2895235                    /usr/lib/x86_64-linux-gnu/libgpg-error.so.0.34.0
7789a6fbe000-7789a6fc1000 r--p 00000000 08:14 2895359                    /usr/lib/x86_64-linux-gnu/liblz4.so.1.9.4
7789a6fc1000-7789a6fdc000 r-xp 00003000 08:14 2895359                    /usr/lib/x86_64-linux-gnu/liblz4.so.1.9.4
7789a6fdc000-7789a6fde000 r--p 0001e000 08:14 2895359                    /usr/lib/x86_64-linux-gnu/liblz4.so.1.9.4
7789a6fde000-7789a6fdf000 r--p 00020000 08:14 2895359                    /usr/lib/x86_64-linux-gnu/liblz4.so.1.9.4
7789a6fdf000-7789a6fe0000 rw-p 00021000 08:14 2895359                    /usr/lib/x86_64-linux-gnu/liblz4.so.1.9.4
7789a6fe0000-7789a6fe1000 rw-s 00000000 00:01 41282                      /memfd:pipewire-memfd:flags=0x0000000f,type=2,size=2312 (deleted)
7789a6fe1000-7789a6fe2000 rw-s 00000000 00:01 40186                      /memfd:pipewire-memfd:flags=0x0000000f,type=2,size=2312 (deleted)
7789a6fe2000-7789a6fe3000 rw-s 00000000 00:01 42142                      /memfd:pipewire-memfd:flags=0x0000000f,type=2,size=4096 (deleted)
7789a6fe3000-7789a6fe4000 rw-s 00000000 00:01 6407                       /memfd:pipewire-memfd:flags=0x0000000f,type=2,size=2312 (deleted)
7789a6fe4000-7789a6fe5000 rw-s 00000000 00:01 42141                      /memfd:pipewire-memfd:flags=0x0000000f,type=2,size=2312 (deleted)
7789a6fe5000-7789a6fe7000 r--p 00000000 08:14 2887437                    /usr/lib/x86_64-linux-gnu/pipewire-0.3/libpipewire-module-metadata.so
7789a6fe7000-7789a6fef000 r-xp 00002000 08:14 2887437                    /usr/lib/x86_64-linux-gnu/pipewire-0.3/libpipewire-module-metadata.so
7789a6fef000-7789a6ff0000 r--p 0000a000 08:14 2887437                    /usr/lib/x86_64-linux-gnu/pipewire-0.3/libpipewire-module-metadata.so
7789a6ff0000-7789a6ff1000 r--p 0000b000 08:14 2887437                    /usr/lib/x86_64-linux-gnu/pipewire-0.3/libpipewire-module-metadata.so
7789a6ff1000-7789a6ff2000 rw-p 0000c000 08:14 2887437                    /usr/lib/x86_64-linux-gnu/pipewire-0.3/libpipewire-module-metadata.so
7789a6ff2000-7789a6ff4000 r--p 00000000 08:14 2887400                    /usr/lib/x86_64-linux-gnu/pipewire-0.3/libpipewire-module-client-device.so
7789a6ff4000-7789a6ffd000 r-xp 00002000 08:14 2887400                    /usr/lib/x86_64-linux-gnu/pipewire-0.3/libpipewire-module-client-device.so
7789a6ffd000-7789a6ffe000 r--p 0000b000 08:14 2887400                    /usr/lib/x86_64-linux-gnu/pipewire-0.3/libpipewire-module-client-device.so
7789a6ffe000-7789a6fff000 r--p 0000c000 08:14 2887400                    /usr/lib/x86_64-linux-gnu/pipewire-0.3/libpipewire-module-client-device.so
7789a6fff000-7789a7000000 rw-p 0000d000 08:14 2887400                    /usr/lib/x86_64-linux-gnu/pipewire-0.3/libpipewire-module-client-device.so
7789a7000000-7789af208000 r-xp 00000000 08:14 2893076                    /usr/lib/x86_64-linux-gnu/libLLVM.so.20.1
7789af208000-7789af209000 ---p 08208000 08:14 2893076                    /usr/lib/x86_64-linux-gnu/libLLVM.so.20.1
7789af209000-7789af89e000 r--p 08208000 08:14 2893076                    /usr/lib/x86_64-linux-gnu/libLLVM.so.20.1
7789af89e000-7789af8e6000 rw-p 0889d000 08:14 2893076                    /usr/lib/x86_64-linux-gnu/libLLVM.so.20.1
7789af8e6000-7789af98e000 rw-p 00000000 00:00 0 
7789af98e000-7789af98f000 rw-s 00000000 00:01 39777                      /memfd:pipewire-memfd:flags=0x0000000f,type=2,size=2312 (deleted)
7789af98f000-7789af990000 rw-s 00000000 00:01 43156                      /memfd:pipewire-memfd:flags=0x0000000f,type=2,size=4096 (deleted)
7789af990000-7789af991000 rw-s 00000000 00:01 6407                       /memfd:pipewire-memfd:flags=0x0000000f,type=2,size=2312 (deleted)
7789af991000-7789af994000 r--p 00000000 08:14 2885534                    /usr/lib/x86_64-linux-gnu/libcap.so.2.66
7789af994000-7789af99a000 r-xp 00003000 08:14 2885534                    /usr/lib/x86_64-linux-gnu/libcap.so.2.66
7789af99a000-7789af99c000 r--p 00009000 08:14 2885534                    /usr/lib/x86_64-linux-gnu/libcap.so.2.66
7789af99c000-7789af99d000 r--p 0000b000 08:14 2885534                    /usr/lib/x86_64-linux-gnu/libcap.so.2.66
7789af99d000-7789af99e000 rw-p 0000c000 08:14 2885534                    /usr/lib/x86_64-linux-gnu/libcap.so.2.66
7789af99e000-7789af9a2000 r--p 00000000 08:14 2887427                    /usr/lib/x86_64-linux-gnu/spa-0.2/support/libspa-support.so
7789af9a2000-7789af9b8000 r-xp 00004000 08:14 2887427                    /usr/lib/x86_64-linux-gnu/spa-0.2/support/libspa-support.so
7789af9b8000-7789af9bd000 r--p 0001a000 08:14 2887427                    /usr/lib/x86_64-linux-gnu/spa-0.2/support/libspa-support.so
7789af9bd000-7789af9bf000 r--p 0001f000 08:14 2887427                    /usr/lib/x86_64-linux-gnu/spa-0.2/support/libspa-support.so
7789af9bf000-7789af9c0000 rw-p 00021000 08:14 2887427                    /usr/lib/x86_64-linux-gnu/spa-0.2/support/libspa-support.so
7789af9c0000-7789afa00000 rw-s 102737000 00:10 1059                      anon_inode:i915.gem
7789afa00000-7789afcab000 r--p 00000000 08:14 2894287                    /usr/lib/x86_64-linux-gnu/libnvidia-gpucomp.so.580.95.05
7789afcab000-7789b2d98000 r-xp 002ab000 08:14 2894287                    /usr/lib/x86_64-linux-gnu/libnvidia-gpucomp.so.580.95.05
7789b2d98000-7789b3c08000 r--p 03398000 08:14 2894287                    /usr/lib/x86_64-linux-gnu/libnvidia-gpucomp.so.580.95.05
7789b3c08000-7789b3c09000 ---p 04208000 08:14 2894287                    /usr/lib/x86_64-linux-gnu/libnvidia-gpucomp.so.580.95.05
7789b3c09000-7789b3de0000 r--p 04208000 08:14 2894287                    /usr/lib/x86_64-linux-gnu/libnvidia-gpucomp.so.580.95.05
7789b3de0000-7789b3eeb000 rw-p 043df000 08:14 2894287                    /usr/lib/x86_64-linux-gnu/libnvidia-gpucomp.so.580.95.05
7789b3eeb000-7789b3f8b000 rw-p 00000000 00:00 0 
7789b3f8b000-7789b3f8c000 rw-s 00000000 00:01 43155                      /memfd:pipewire-memfd:flags=0x0000000f,type=2,size=2312 (deleted)
7789b3f8c000-7789b3f8e000 r--p 00000000 08:14 2887451                    /usr/lib/x86_64-linux-gnu/pipewire-0.3/libpipewire-module-rt.so
7789b3f8e000-7789b3f92000 r-xp 00002000 08:14 2887451                    /usr/lib/x86_64-linux-gnu/pipewire-0.3/libpipewire-module-rt.so
7789b3f92000-7789b3f94000 r--p 00006000 08:14 2887451                    /usr/lib/x86_64-linux-gnu/pipewire-0.3/libpipewire-module-rt.so
7789b3f94000-7789b3f95000 r--p 00007000 08:14 2887451                    /usr/lib/x86_64-linux-gnu/pipewire-0.3/libpipewire-module-rt.so
7789b3f95000-7789b3f96000 rw-p 00008000 08:14 2887451                    /usr/lib/x86_64-linux-gnu/pipewire-0.3/libpipewire-module-rt.so
7789b3f96000-7789b3faf000 r--p 00000000 08:14 2893064                    /usr/lib/x86_64-linux-gnu/libGLX_mesa.so.0.0.0
7789b3faf000-7789b3fe8000 r-xp 00019000 08:14 2893064                    /usr/lib/x86_64-linux-gnu/libGLX_mesa.so.0.0.0
7789b3fe8000-7789b3ffa000 r--p 00052000 08:14 2893064                    /usr/lib/x86_64-linux-gnu/libGLX_mesa.so.0.0.0
7789b3ffa000-7789b3ffe000 r--p 00063000 08:14 2893064                    /usr/lib/x86_64-linux-gnu/libGLX_mesa.so.0.0.0
7789b3ffe000-7789b3fff000 rw-p 00067000 08:14 2893064                    /usr/lib/x86_64-linux-gnu/libGLX_mesa.so.0.0.0
7789b3fff000-7789b44f0000 rw-p 00000000 00:00 0 
7789b44f0000-7789b8000000 ---p 00000000 00:00 0 
7789b8000000-7789b8001000 rw-s 00000000 00:01 41279                      /memfd:pipewire-memfd:flags=0x0000000f,type=2,size=2312 (deleted)
7789b8001000-7789b8003000 r--p 00000000 08:14 3409344                    /usr/lib/jvm/java-21-openjdk-amd64/lib/libjavajpeg.so
7789b8003000-7789b800a000 r-xp 00002000 08:14 3409344                    /usr/lib/jvm/java-21-openjdk-amd64/lib/libjavajpeg.so
7789b800a000-7789b800b000 r--p 00009000 08:14 3409344                    /usr/lib/jvm/java-21-openjdk-amd64/lib/libjavajpeg.so
7789b800b000-7789b800c000 r--p 0000a000 08:14 3409344                    /usr/lib/jvm/java-21-openjdk-amd64/lib/libjavajpeg.so
7789b800c000-7789b800d000 rw-p 0000b000 08:14 3409344                    /usr/lib/jvm/java-21-openjdk-amd64/lib/libjavajpeg.so
7789b800d000-7789b801d000 rw-s 116855000 00:10 1059                      anon_inode:i915.gem
7789b801d000-7789b802d000 rw-s 10df25000 00:10 1059                      anon_inode:i915.gem
7789b802d000-7789b803d000 rw-s 11fea5000 00:10 1059                      anon_inode:i915.gem
7789b803d000-7789b803e000 rw-s 00000000 00:01 42140                      /memfd:pipewire-memfd:flags=0x0000000f,type=2,size=4096 (deleted)
7789b803e000-7789b8045000 r--p 00000000 08:14 2887409                    /usr/lib/x86_64-linux-gnu/alsa-lib/libasound_module_pcm_pipewire.so
7789b8045000-7789b804e000 r-xp 00007000 08:14 2887409                    /usr/lib/x86_64-linux-gnu/alsa-lib/libasound_module_pcm_pipewire.so
7789b804e000-7789b8055000 r--p 00010000 08:14 2887409                    /usr/lib/x86_64-linux-gnu/alsa-lib/libasound_module_pcm_pipewire.so
7789b8055000-7789b805a000 r--p 00016000 08:14 2887409                    /usr/lib/x86_64-linux-gnu/alsa-lib/libasound_module_pcm_pipewire.so
7789b805a000-7789b805b000 rw-p 0001b000 08:14 2887409                    /usr/lib/x86_64-linux-gnu/alsa-lib/libasound_module_pcm_pipewire.so
7789b805b000-7789b805f000 r--p 00000000 08:14 3409349                    /usr/lib/jvm/java-21-openjdk-amd64/lib/libjsound.so
7789b805f000-7789b8068000 r-xp 00004000 08:14 3409349                    /usr/lib/jvm/java-21-openjdk-amd64/lib/libjsound.so
7789b8068000-7789b806b000 r--p 0000d000 08:14 3409349                    /usr/lib/jvm/java-21-openjdk-amd64/lib/libjsound.so
7789b806b000-7789b806c000 r--p 0000f000 08:14 3409349                    /usr/lib/jvm/java-21-openjdk-amd64/lib/libjsound.so
7789b806c000-7789b806d000 rw-p 00010000 08:14 3409349                    /usr/lib/jvm/java-21-openjdk-amd64/lib/libjsound.so
7789b806d000-7789b806e000 rw-s 00000000 00:01 6407                       /memfd:pipewire-memfd:flags=0x0000000f,type=2,size=2312 (deleted)
7789b806e000-7789b806f000 rw-s 00000000 00:01 41295                      /memfd:pipewire-memfd:flags=0x0000000f,type=2,size=2312 (deleted)
7789b806f000-7789b8070000 rw-s 00000000 00:01 43168                      /memfd:pipewire-memfd:flags=0x0000000f,type=2,size=2312 (deleted)
7789b8070000-7789b8071000 rw-s 00000000 00:01 32736                      /memfd:pipewire-memfd:flags=0x0000000f,type=2,size=4096 (deleted)
7789b8071000-7789b807a000 rw-s 00000000 00:01 38674                      /memfd:pipewire-memfd:flags=0x0000000f,type=2,size=32832 (deleted)
7789b807a000-7789b807b000 rw-s 00000000 00:01 6407                       /memfd:pipewire-memfd:flags=0x0000000f,type=2,size=2312 (deleted)
7789b807b000-7789b807c000 rw-s 00000000 00:01 32735                      /memfd:pipewire-memfd:flags=0x0000000f,type=2,size=2312 (deleted)
7789b807c000-7789b807d000 rw-s 00000000 00:01 42157                      /memfd:pipewire-memfd:flags=0x0000000f,type=2,size=2312 (deleted)
7789b807d000-7789b809d000 rw-s 102bc7000 00:10 1059                      anon_inode:i915.gem
7789b809d000-7789b80bd000 rw-s 100a73000 00:10 1059                      anon_inode:i915.gem
7789b80bd000-7789b80be000 ---p 00000000 00:00 0 
7789b80be000-7789b88be000 rw-p 00000000 00:00 0 
7789b88be000-7789b88bf000 ---p 00000000 00:00 0 
7789b88bf000-7789b90bf000 rw-p 00000000 00:00 0 
7789b90bf000-7789b9200000 rw-s 00000000 08:14 6160526                    /home/hazemzooma/.cache/mesa_shader_cache_db/index
7789b9200000-7789b9268000 r--p 00000000 08:14 2895308                    /usr/lib/x86_64-linux-gnu/libicuuc.so.74.2
7789b9268000-7789b936d000 r-xp 00068000 08:14 2895308                    /usr/lib/x86_64-linux-gnu/libicuuc.so.74.2
7789b936d000-7789b93f7000 r--p 0016d000 08:14 2895308                    /usr/lib/x86_64-linux-gnu/libicuuc.so.74.2
7789b93f7000-7789b940a000 r--p 001f7000 08:14 2895308                    /usr/lib/x86_64-linux-gnu/libicuuc.so.74.2
7789b940a000-7789b940b000 rw-p 0020a000 08:14 2895308                    /usr/lib/x86_64-linux-gnu/libicuuc.so.74.2
7789b940b000-7789b940d000 rw-p 00000000 00:00 0 
7789b940d000-7789b940e000 rw-s 00000000 00:01 6407                       /memfd:pipewire-memfd:flags=0x0000000f,type=2,size=2312 (deleted)
7789b940e000-7789b940f000 rw-s 00000000 00:01 36737                      /memfd:pipewire-memfd:flags=0x0000000f,type=2,size=2312 (deleted)
7789b940f000-7789b9410000 rw-s 00000000 00:01 43154                      /memfd:pipewire-memfd:flags=0x0000000f,type=2,size=2312 (deleted)
7789b9410000-7789b9420000 rw-s 107db7000 00:10 1059                      anon_inode:i915.gem
7789b9420000-7789b9440000 rw-s 108647000 00:10 1059                      anon_inode:i915.gem
7789b9440000-7789b9460000 rw-s 101399000 00:10 1059                      anon_inode:i915.gem
7789b9460000-7789b9470000 rw-s 105cb9000 00:10 1059                      anon_inode:i915.gem
7789b9470000-7789b9480000 rw-s 108897000 00:10 1059                      anon_inode:i915.gem
7789b9480000-7789b94a0000 rw-s 106e47000 00:10 1059                      anon_inode:i915.gem
7789b94a0000-7789b94c0000 rw-s 101419000 00:10 1059                      anon_inode:i915.gem
7789b94c0000-7789b9500000 rw-s 107607000 00:10 1059                      anon_inode:i915.gem
7789b9500000-7789b9504000 ---p 00000000 00:00 0 
7789b9504000-7789b9600000 rw-p 00000000 00:00 0 
7789b9600000-7789b96ca000 r--p 00000000 08:14 2894832                    /usr/lib/x86_64-linux-gnu/libgallium-25.0.7-0ubuntu0.24.04.2.so
7789b96ca000-7789badfc000 r-xp 000ca000 08:14 2894832                    /usr/lib/x86_64-linux-gnu/libgallium-25.0.7-0ubuntu0.24.04.2.so
7789badfc000-7789bbcac000 r--p 017fc000 08:14 2894832                    /usr/lib/x86_64-linux-gnu/libgallium-25.0.7-0ubuntu0.24.04.2.so
7789bbcac000-7789bbdb5000 r--p 026ab000 08:14 2894832                    /usr/lib/x86_64-linux-gnu/libgallium-25.0.7-0ubuntu0.24.04.2.so
7789bbdb5000-7789bbdce000 rw-p 027b4000 08:14 2894832                    /usr/lib/x86_64-linux-gnu/libgallium-25.0.7-0ubuntu0.24.04.2.so
7789bbdce000-7789bbf90000 rw-p 00000000 00:00 0 
7789bbf90000-7789bbf91000 rw-s 00000000 00:01 32715                      /memfd:pipewire-memfd:flags=0x0000000f,type=2,size=4096 (deleted)
7789bbf91000-7789bbf92000 rw-s 00000000 00:01 6407                       /memfd:pipewire-memfd:flags=0x0000000f,type=2,size=2312 (deleted)
7789bbf92000-7789bbf93000 rw-s 00000000 00:01 32714                      /memfd:pipewire-memfd:flags=0x0000000f,type=2,size=2312 (deleted)
7789bbf93000-7789bbf94000 r--p 00000000 08:14 2887425                    /usr/lib/x86_64-linux-gnu/spa-0.2/support/libspa-dbus.so
7789bbf94000-7789bbf97000 r-xp 00001000 08:14 2887425                    /usr/lib/x86_64-linux-gnu/spa-0.2/support/libspa-dbus.so
7789bbf97000-7789bbf98000 r--p 00004000 08:14 2887425                    /usr/lib/x86_64-linux-gnu/spa-0.2/support/libspa-dbus.so
7789bbf98000-7789bbf99000 r--p 00004000 08:14 2887425                    /usr/lib/x86_64-linux-gnu/spa-0.2/support/libspa-dbus.so
7789bbf99000-7789bbf9a000 rw-p 00005000 08:14 2887425                    /usr/lib/x86_64-linux-gnu/spa-0.2/support/libspa-dbus.so
7789bbf9a000-7789bbf9d000 r--p 00000000 08:14 2897572                    /usr/lib/x86_64-linux-gnu/liblzma.so.5.4.5
7789bbf9d000-7789bbfbf000 r-xp 00003000 08:14 2897572                    /usr/lib/x86_64-linux-gnu/liblzma.so.5.4.5
7789bbfbf000-7789bbfca000 r--p 00025000 08:14 2897572                    /usr/lib/x86_64-linux-gnu/liblzma.so.5.4.5
7789bbfca000-7789bbfcb000 r--p 00030000 08:14 2897572                    /usr/lib/x86_64-linux-gnu/liblzma.so.5.4.5
7789bbfcb000-7789bbfcc000 rw-p 00031000 08:14 2897572                    /usr/lib/x86_64-linux-gnu/liblzma.so.5.4.5
7789bbfcc000-7789bbfda000 r--p 00000000 08:14 2895605                    /usr/lib/x86_64-linux-gnu/libtinfo.so.6.4
7789bbfda000-7789bbfed000 r-xp 0000e000 08:14 2895605                    /usr/lib/x86_64-linux-gnu/libtinfo.so.6.4
7789bbfed000-7789bbffb000 r--p 00021000 08:14 2895605                    /usr/lib/x86_64-linux-gnu/libtinfo.so.6.4
7789bbffb000-7789bbfff000 r--p 0002e000 08:14 2895605                    /usr/lib/x86_64-linux-gnu/libtinfo.so.6.4
7789bbfff000-7789bc000000 rw-p 00032000 08:14 2895605                    /usr/lib/x86_64-linux-gnu/libtinfo.so.6.4
7789bc000000-7789bce56000 rw-p 00000000 00:00 0 
7789bce56000-7789c0000000 ---p 00000000 00:00 0 
7789c0000000-7789c10dd000 rw-p 00000000 00:00 0 
7789c10dd000-7789c4000000 ---p 00000000 00:00 0 
7789c4000000-7789c4021000 rw-p 00000000 00:00 0 
7789c4021000-7789c8000000 ---p 00000000 00:00 0 
7789c8000000-7789c8021000 rw-p 00000000 00:00 0 
7789c8021000-7789cc000000 ---p 00000000 00:00 0 
7789cc000000-7789cc069000 rw-p 00000000 00:00 0 
7789cc069000-7789d0000000 ---p 00000000 00:00 0 
7789d0000000-7789d0526000 rw-p 00000000 00:00 0 
7789d0526000-7789d4000000 ---p 00000000 00:00 0 
7789d4000000-7789d4021000 rw-p 00000000 00:00 0 
7789d4021000-7789d8000000 ---p 00000000 00:00 0 
7789d8000000-7789d8021000 rw-p 00000000 00:00 0 
7789d8021000-7789dc000000 ---p 00000000 00:00 0 
7789dc000000-7789de465000 rw-p 00000000 00:00 0 
7789de465000-7789e0000000 ---p 00000000 00:00 0 
7789e0000000-7789e0829000 rw-p 00000000 00:00 0 
7789e0829000-7789e4000000 ---p 00000000 00:00 0 
7789e4000000-7789e4021000 rw-p 00000000 00:00 0 
7789e4021000-7789e8000000 ---p 00000000 00:00 0 
7789e8000000-7789e8021000 rw-p 00000000 00:00 0 
7789e8021000-7789ec000000 ---p 00000000 00:00 0 
7789ec000000-7789ec05d000 rw-p 00000000 00:00 0 
7789ec05d000-7789f0000000 ---p 00000000 00:00 0 
7789f0000000-7789f0533000 rw-p 00000000 00:00 0 
7789f0533000-7789f4000000 ---p 00000000 00:00 0 
7789f4000000-7789f4021000 rw-p 00000000 00:00 0 
7789f4021000-7789f8000000 ---p 00000000 00:00 0 
7789f8000000-7789f8021000 rw-p 00000000 00:00 0 
7789f8021000-7789fc000000 ---p 00000000 00:00 0 
7789fc000000-7789fc400000 rw-p 00000000 00:00 0 
7789fc400000-7789fc4c0000 rw-p 00000000 00:00 0 
7789fc4c0000-7789fc500000 rw-p 00000000 00:00 0 
7789fc500000-7789fc700000 rw-p 00000000 00:00 0 
7789fc700000-7789fc980000 rw-p 00000000 00:00 0 
7789fc980000-7789fcc00000 rw-p 00000000 00:00 0 
7789fcc00000-7789fcc40000 rw-p 00000000 00:00 0 
7789fcc40000-7789fcc80000 rw-p 00000000 00:00 0 
7789fcc80000-7789fcd00000 rw-p 00000000 00:00 0 
7789fcd00000-7789fcf00000 rw-p 00000000 00:00 0 
7789fcf00000-7789fcf80000 rw-p 00000000 00:00 0 
7789fcf80000-7789fd010000 rw-p 00000000 00:00 0 
7789fd010000-778a00000000 ---p 00000000 00:00 0 
778a00000000-778a00533000 rw-p 00000000 00:00 0 
778a00533000-778a04000000 ---p 00000000 00:00 0 
778a04000000-778a04001000 rw-s 00000000 00:01 42139                      /memfd:pipewire-memfd:flags=0x0000000f,type=2,size=2312 (deleted)
778a04001000-778a04002000 rw-s 00000000 00:01 38662                      /memfd:pipewire-memfd:flags=0x0000000f,type=2,size=4096 (deleted)
778a04002000-778a04003000 r--p 00000000 08:14 2887426                    /usr/lib/x86_64-linux-gnu/spa-0.2/support/libspa-journal.so
778a04003000-778a04005000 r-xp 00001000 08:14 2887426                    /usr/lib/x86_64-linux-gnu/spa-0.2/support/libspa-journal.so
778a04005000-778a04006000 r--p 00003000 08:14 2887426                    /usr/lib/x86_64-linux-gnu/spa-0.2/support/libspa-journal.so
778a04006000-778a04007000 r--p 00003000 08:14 2887426                    /usr/lib/x86_64-linux-gnu/spa-0.2/support/libspa-journal.so
778a04007000-778a04008000 rw-p 00004000 08:14 2887426                    /usr/lib/x86_64-linux-gnu/spa-0.2/support/libspa-journal.so
778a04008000-778a04013000 r--p 00000000 08:14 2895685                    /usr/lib/x86_64-linux-gnu/libxcb-glx.so.0.0.0
778a04013000-778a0401c000 r-xp 0000b000 08:14 2895685                    /usr/lib/x86_64-linux-gnu/libxcb-glx.so.0.0.0
778a0401c000-778a04021000 r--p 00014000 08:14 2895685                    /usr/lib/x86_64-linux-gnu/libxcb-glx.so.0.0.0
778a04021000-778a04023000 r--p 00019000 08:14 2895685                    /usr/lib/x86_64-linux-gnu/libxcb-glx.so.0.0.0
778a04023000-778a04024000 rw-p 0001b000 08:14 2895685                    /usr/lib/x86_64-linux-gnu/libxcb-glx.so.0.0.0
778a04024000-778a04026000 r--p 00000000 08:14 2884484                    /usr/lib/x86_64-linux-gnu/libpciaccess.so.0.11.1
778a04026000-778a0402b000 r-xp 00002000 08:14 2884484                    /usr/lib/x86_64-linux-gnu/libpciaccess.so.0.11.1
778a0402b000-778a0402d000 r--p 00007000 08:14 2884484                    /usr/lib/x86_64-linux-gnu/libpciaccess.so.0.11.1
778a0402d000-778a0402e000 r--p 00008000 08:14 2884484                    /usr/lib/x86_64-linux-gnu/libpciaccess.so.0.11.1
778a0402e000-778a0402f000 rw-p 00009000 08:14 2884484                    /usr/lib/x86_64-linux-gnu/libpciaccess.so.0.11.1
778a0402f000-778a0405e000 r--p 00000000 08:14 2886231                    /usr/lib/x86_64-linux-gnu/libxml2.so.2.9.14
778a0405e000-778a041c4000 r-xp 0002f000 08:14 2886231                    /usr/lib/x86_64-linux-gnu/libxml2.so.2.9.14
778a041c4000-778a04206000 r--p 00195000 08:14 2886231                    /usr/lib/x86_64-linux-gnu/libxml2.so.2.9.14
778a04206000-778a0420f000 r--p 001d6000 08:14 2886231                    /usr/lib/x86_64-linux-gnu/libxml2.so.2.9.14
778a0420f000-778a04210000 rw-p 001df000 08:14 2886231                    /usr/lib/x86_64-linux-gnu/libxml2.so.2.9.14
778a04210000-778a04211000 rw-p 00000000 00:00 0 
778a04211000-778a04219000 r--p 00000000 08:14 2895137                    /usr/lib/x86_64-linux-gnu/libedit.so.2.0.72
778a04219000-778a04238000 r-xp 00008000 08:14 2895137                    /usr/lib/x86_64-linux-gnu/libedit.so.2.0.72
778a04238000-778a04244000 r--p 00027000 08:14 2895137                    /usr/lib/x86_64-linux-gnu/libedit.so.2.0.72
778a04244000-778a04246000 r--p 00033000 08:14 2895137                    /usr/lib/x86_64-linux-gnu/libedit.so.2.0.72
778a04246000-778a04247000 rw-p 00035000 08:14 2895137                    /usr/lib/x86_64-linux-gnu/libedit.so.2.0.72
778a04247000-778a0424b000 rw-p 00000000 00:00 0 
778a0424b000-778a0424d000 r--p 00000000 08:14 2895161                    /usr/lib/x86_64-linux-gnu/libffi.so.8.1.4
778a0424d000-778a04254000 r-xp 00002000 08:14 2895161                    /usr/lib/x86_64-linux-gnu/libffi.so.8.1.4
778a04254000-778a04255000 r--p 00009000 08:14 2895161                    /usr/lib/x86_64-linux-gnu/libffi.so.8.1.4
778a04255000-778a04256000 r--p 0000a000 08:14 2895161                    /usr/lib/x86_64-linux-gnu/libffi.so.8.1.4
778a04256000-778a04257000 rw-p 0000b000 08:14 2895161                    /usr/lib/x86_64-linux-gnu/libffi.so.8.1.4
778a04257000-778a0425a000 r--p 00000000 08:14 2895120                    /usr/lib/x86_64-linux-gnu/libdrm_intel.so.1.0.0
778a0425a000-778a04270000 r-xp 00003000 08:14 2895120                    /usr/lib/x86_64-linux-gnu/libdrm_intel.so.1.0.0
778a04270000-778a04279000 r--p 00019000 08:14 2895120                    /usr/lib/x86_64-linux-gnu/libdrm_intel.so.1.0.0
778a04279000-778a0427a000 r--p 00021000 08:14 2895120                    /usr/lib/x86_64-linux-gnu/libdrm_intel.so.1.0.0
778a0427a000-778a0427b000 rw-p 00022000 08:14 2895120                    /usr/lib/x86_64-linux-gnu/libdrm_intel.so.1.0.0
778a0427b000-778a0427e000 r--p 00000000 08:14 2895119                    /usr/lib/x86_64-linux-gnu/libdrm_amdgpu.so.1.0.0
778a0427e000-778a04284000 r-xp 00003000 08:14 2895119                    /usr/lib/x86_64-linux-gnu/libdrm_amdgpu.so.1.0.0
778a04284000-778a04286000 r--p 00009000 08:14 2895119                    /usr/lib/x86_64-linux-gnu/libdrm_amdgpu.so.1.0.0
778a04286000-778a04287000 r--p 0000a000 08:14 2895119                    /usr/lib/x86_64-linux-gnu/libdrm_amdgpu.so.1.0.0
778a04287000-778a04288000 rw-p 0000b000 08:14 2895119                    /usr/lib/x86_64-linux-gnu/libdrm_amdgpu.so.1.0.0
778a04288000-778a0428b000 r--p 00000000 08:14 2893039                    /usr/lib/x86_64-linux-gnu/libelf-0.190.so
778a0428b000-778a042a1000 r-xp 00003000 08:14 2893039                    /usr/lib/x86_64-linux-gnu/libelf-0.190.so
778a042a1000-778a042a5000 r--p 00019000 08:14 2893039                    /usr/lib/x86_64-linux-gnu/libelf-0.190.so
778a042a5000-778a042a6000 r--p 0001c000 08:14 2893039                    /usr/lib/x86_64-linux-gnu/libelf-0.190.so
778a042a6000-778a042a7000 rw-p 0001d000 08:14 2893039                    /usr/lib/x86_64-linux-gnu/libelf-0.190.so
778a042a7000-778a042a8000 r--p 00000000 08:14 2895710                    /usr/lib/x86_64-linux-gnu/libxshmfence.so.1.0.0
778a042a8000-778a042a9000 r-xp 00001000 08:14 2895710                    /usr/lib/x86_64-linux-gnu/libxshmfence.so.1.0.0
778a042a9000-778a042aa000 r--p 00002000 08:14 2895710                    /usr/lib/x86_64-linux-gnu/libxshmfence.so.1.0.0
778a042aa000-778a042ab000 r--p 00002000 08:14 2895710                    /usr/lib/x86_64-linux-gnu/libxshmfence.so.1.0.0
778a042ab000-778a042ac000 rw-p 00003000 08:14 2895710                    /usr/lib/x86_64-linux-gnu/libxshmfence.so.1.0.0
778a042ac000-778a042af000 r--p 00000000 08:14 2895696                    /usr/lib/x86_64-linux-gnu/libxcb-sync.so.1.0.0
778a042af000-778a042b2000 r-xp 00003000 08:14 2895696                    /usr/lib/x86_64-linux-gnu/libxcb-sync.so.1.0.0
778a042b2000-778a042b3000 r--p 00006000 08:14 2895696                    /usr/lib/x86_64-linux-gnu/libxcb-sync.so.1.0.0
778a042b3000-778a042b4000 r--p 00007000 08:14 2895696                    /usr/lib/x86_64-linux-gnu/libxcb-sync.so.1.0.0
778a042b4000-778a042b5000 rw-p 00008000 08:14 2895696                    /usr/lib/x86_64-linux-gnu/libxcb-sync.so.1.0.0
778a042b5000-778a042b7000 r--p 00000000 08:14 2895551                    /usr/lib/x86_64-linux-gnu/libsensors.so.5.0.0
778a042b7000-778a042be000 r-xp 00002000 08:14 2895551                    /usr/lib/x86_64-linux-gnu/libsensors.so.5.0.0
778a042be000-778a042c2000 r--p 00009000 08:14 2895551                    /usr/lib/x86_64-linux-gnu/libsensors.so.5.0.0
778a042c2000-778a042c3000 r--p 0000d000 08:14 2895551                    /usr/lib/x86_64-linux-gnu/libsensors.so.5.0.0
778a042c3000-778a042c4000 rw-p 0000e000 08:14 2895551                    /usr/lib/x86_64-linux-gnu/libsensors.so.5.0.0
778a042c4000-778a042c8000 r--p 00000000 08:14 2895717                    /usr/lib/x86_64-linux-gnu/libzstd.so.1.5.5
778a042c8000-778a0436f000 r-xp 00004000 08:14 2895717                    /usr/lib/x86_64-linux-gnu/libzstd.so.1.5.5
778a0436f000-778a0437c000 r--p 000ab000 08:14 2895717                    /usr/lib/x86_64-linux-gnu/libzstd.so.1.5.5
778a0437c000-778a0437d000 r--p 000b7000 08:14 2895717                    /usr/lib/x86_64-linux-gnu/libzstd.so.1.5.5
778a0437d000-778a0437e000 rw-p 000b8000 08:14 2895717                    /usr/lib/x86_64-linux-gnu/libzstd.so.1.5.5
778a0437e000-778a04385000 r--p 00000000 08:14 2895662                    /usr/lib/x86_64-linux-gnu/libwayland-server.so.0.22.0
778a04385000-778a0438d000 r-xp 00007000 08:14 2895662                    /usr/lib/x86_64-linux-gnu/libwayland-server.so.0.22.0
778a0438d000-778a04391000 r--p 0000f000 08:14 2895662                    /usr/lib/x86_64-linux-gnu/libwayland-server.so.0.22.0
778a04391000-778a04393000 r--p 00012000 08:14 2895662                    /usr/lib/x86_64-linux-gnu/libwayland-server.so.0.22.0
778a04393000-778a04394000 rw-p 00014000 08:14 2895662                    /usr/lib/x86_64-linux-gnu/libwayland-server.so.0.22.0
778a04394000-778a04399000 r--p 00000000 08:14 2895659                    /usr/lib/x86_64-linux-gnu/libwayland-client.so.0.22.0
778a04399000-778a0439f000 r-xp 00005000 08:14 2895659                    /usr/lib/x86_64-linux-gnu/libwayland-client.so.0.22.0
778a0439f000-778a043a1000 r--p 0000b000 08:14 2895659                    /usr/lib/x86_64-linux-gnu/libwayland-client.so.0.22.0
778a043a1000-778a043a3000 r--p 0000d000 08:14 2895659                    /usr/lib/x86_64-linux-gnu/libwayland-client.so.0.22.0
778a043a3000-778a043a4000 rw-p 0000f000 08:14 2895659                    /usr/lib/x86_64-linux-gnu/libwayland-client.so.0.22.0
778a043a4000-778a043b4000 r--p 00000000 08:14 2893043                    /usr/lib/x86_64-linux-gnu/libEGL_mesa.so.0.0.0
778a043b4000-778a043de000 r-xp 00010000 08:14 2893043                    /usr/lib/x86_64-linux-gnu/libEGL_mesa.so.0.0.0
778a043de000-778a043f1000 r--p 0003a000 08:14 2893043                    /usr/lib/x86_64-linux-gnu/libEGL_mesa.so.0.0.0
778a043f1000-778a043fe000 r--p 0004d000 08:14 2893043                    /usr/lib/x86_64-linux-gnu/libEGL_mesa.so.0.0.0
778a043fe000-778a043ff000 rw-p 0005a000 08:14 2893043                    /usr/lib/x86_64-linux-gnu/libEGL_mesa.so.0.0.0
778a043ff000-778a04400000 rw-p 00000000 00:00 0 
778a04400000-778a04642000 r--p 00000000 08:14 2894283                    /usr/lib/x86_64-linux-gnu/libnvidia-eglcore.so.580.95.05
778a04642000-778a05305000 r-xp 00242000 08:14 2894283                    /usr/lib/x86_64-linux-gnu/libnvidia-eglcore.so.580.95.05
778a05305000-778a063a7000 r--p 00f05000 08:14 2894283                    /usr/lib/x86_64-linux-gnu/libnvidia-eglcore.so.580.95.05
778a063a7000-778a0651f000 r--p 01fa6000 08:14 2894283                    /usr/lib/x86_64-linux-gnu/libnvidia-eglcore.so.580.95.05
778a0651f000-778a06573000 rw-p 0211e000 08:14 2894283                    /usr/lib/x86_64-linux-gnu/libnvidia-eglcore.so.580.95.05
778a06573000-778a06589000 rw-p 00000000 00:00 0 
778a06589000-778a0658a000 r--p 00000000 08:14 2895695                    /usr/lib/x86_64-linux-gnu/libxcb-shm.so.0.0.0
778a0658a000-778a0658b000 r-xp 00001000 08:14 2895695                    /usr/lib/x86_64-linux-gnu/libxcb-shm.so.0.0.0
778a0658b000-778a0658c000 r--p 00002000 08:14 2895695                    /usr/lib/x86_64-linux-gnu/libxcb-shm.so.0.0.0
778a0658c000-778a0658d000 r--p 00002000 08:14 2895695                    /usr/lib/x86_64-linux-gnu/libxcb-shm.so.0.0.0
778a0658d000-778a0658e000 rw-p 00003000 08:14 2895695                    /usr/lib/x86_64-linux-gnu/libxcb-shm.so.0.0.0
778a0658e000-778a06591000 r--p 00000000 08:14 2895698                    /usr/lib/x86_64-linux-gnu/libxcb-xfixes.so.0.0.0
778a06591000-778a06594000 r-xp 00003000 08:14 2895698                    /usr/lib/x86_64-linux-gnu/libxcb-xfixes.so.0.0.0
778a06594000-778a06596000 r--p 00006000 08:14 2895698                    /usr/lib/x86_64-linux-gnu/libxcb-xfixes.so.0.0.0
778a06596000-778a06597000 r--p 00007000 08:14 2895698                    /usr/lib/x86_64-linux-gnu/libxcb-xfixes.so.0.0.0
778a06597000-778a06598000 rw-p 00008000 08:14 2895698                    /usr/lib/x86_64-linux-gnu/libxcb-xfixes.so.0.0.0
778a06598000-778a0659f000 r--p 00000000 08:14 2895690                    /usr/lib/x86_64-linux-gnu/libxcb-randr.so.0.1.0
778a0659f000-778a065a4000 r-xp 00007000 08:14 2895690                    /usr/lib/x86_64-linux-gnu/libxcb-randr.so.0.1.0
778a065a4000-778a065a7000 r--p 0000c000 08:14 2895690                    /usr/lib/x86_64-linux-gnu/libxcb-randr.so.0.1.0
778a065a7000-778a065a8000 r--p 0000f000 08:14 2895690                    /usr/lib/x86_64-linux-gnu/libxcb-randr.so.0.1.0
778a065a8000-778a065a9000 rw-p 00010000 08:14 2895690                    /usr/lib/x86_64-linux-gnu/libxcb-randr.so.0.1.0
778a065a9000-778a065aa000 r--p 00000000 08:14 2894903                    /usr/lib/x86_64-linux-gnu/libX11-xcb.so.1.0.0
778a065aa000-778a065ab000 r-xp 00001000 08:14 2894903                    /usr/lib/x86_64-linux-gnu/libX11-xcb.so.1.0.0
778a065ab000-778a065ac000 r--p 00002000 08:14 2894903                    /usr/lib/x86_64-linux-gnu/libX11-xcb.so.1.0.0
778a065ac000-778a065ad000 r--p 00002000 08:14 2894903                    /usr/lib/x86_64-linux-gnu/libX11-xcb.so.1.0.0
778a065ad000-778a065ae000 rw-p 00003000 08:14 2894903                    /usr/lib/x86_64-linux-gnu/libX11-xcb.so.1.0.0
778a065ae000-778a065b1000 r--p 00000000 08:14 2894282                    /usr/lib/x86_64-linux-gnu/libnvidia-egl-xlib.so.1.0.3
778a065b1000-778a065bb000 r-xp 00003000 08:14 2894282                    /usr/lib/x86_64-linux-gnu/libnvidia-egl-xlib.so.1.0.3
778a065bb000-778a065bf000 r--p 0000d000 08:14 2894282                    /usr/lib/x86_64-linux-gnu/libnvidia-egl-xlib.so.1.0.3
778a065bf000-778a065c0000 r--p 00010000 08:14 2894282                    /usr/lib/x86_64-linux-gnu/libnvidia-egl-xlib.so.1.0.3
778a065c0000-778a065c1000 rw-p 00011000 08:14 2894282                    /usr/lib/x86_64-linux-gnu/libnvidia-egl-xlib.so.1.0.3
778a065c1000-778a065c2000 r--p 00000000 08:14 2895689                    /usr/lib/x86_64-linux-gnu/libxcb-present.so.0.0.0
778a065c2000-778a065c3000 r-xp 00001000 08:14 2895689                    /usr/lib/x86_64-linux-gnu/libxcb-present.so.0.0.0
778a065c3000-778a065c4000 r--p 00002000 08:14 2895689                    /usr/lib/x86_64-linux-gnu/libxcb-present.so.0.0.0
778a065c4000-778a065c5000 r--p 00002000 08:14 2895689                    /usr/lib/x86_64-linux-gnu/libxcb-present.so.0.0.0
778a065c5000-778a065c6000 rw-p 00003000 08:14 2895689                    /usr/lib/x86_64-linux-gnu/libxcb-present.so.0.0.0
778a065c6000-778a065c8000 r--p 00000000 08:14 2895684                    /usr/lib/x86_64-linux-gnu/libxcb-dri3.so.0.1.0
778a065c8000-778a065ca000 r-xp 00002000 08:14 2895684                    /usr/lib/x86_64-linux-gnu/libxcb-dri3.so.0.1.0
778a065ca000-778a065cb000 r--p 00004000 08:14 2895684                    /usr/lib/x86_64-linux-gnu/libxcb-dri3.so.0.1.0
778a065cb000-778a065cc000 r--p 00004000 08:14 2895684                    /usr/lib/x86_64-linux-gnu/libxcb-dri3.so.0.1.0
778a065cc000-778a065cd000 rw-p 00005000 08:14 2895684                    /usr/lib/x86_64-linux-gnu/libxcb-dri3.so.0.1.0
778a065cd000-778a065d0000 r--p 00000000 08:14 2894281                    /usr/lib/x86_64-linux-gnu/libnvidia-egl-xcb.so.1.0.3
778a065d0000-778a065da000 r-xp 00003000 08:14 2894281                    /usr/lib/x86_64-linux-gnu/libnvidia-egl-xcb.so.1.0.3
778a065da000-778a065de000 r--p 0000d000 08:14 2894281                    /usr/lib/x86_64-linux-gnu/libnvidia-egl-xcb.so.1.0.3
778a065de000-778a065df000 r--p 00010000 08:14 2894281                    /usr/lib/x86_64-linux-gnu/libnvidia-egl-xcb.so.1.0.3
778a065df000-778a065e0000 rw-p 00011000 08:14 2894281                    /usr/lib/x86_64-linux-gnu/libnvidia-egl-xcb.so.1.0.3
778a065e0000-778a065e4000 r--p 00000000 08:14 2897229                    /usr/lib/x86_64-linux-gnu/libexpat.so.1.9.1
778a065e4000-778a06601000 r-xp 00004000 08:14 2897229                    /usr/lib/x86_64-linux-gnu/libexpat.so.1.9.1
778a06601000-778a06609000 r--p 00021000 08:14 2897229                    /usr/lib/x86_64-linux-gnu/libexpat.so.1.9.1
778a06609000-778a0660b000 r--p 00028000 08:14 2897229                    /usr/lib/x86_64-linux-gnu/libexpat.so.1.9.1
778a0660b000-778a0660c000 rw-p 0002a000 08:14 2897229                    /usr/lib/x86_64-linux-gnu/libexpat.so.1.9.1
778a0660c000-778a0660e000 r--p 00000000 08:14 2893134                    /usr/lib/x86_64-linux-gnu/libgbm.so.1.0.0
778a0660e000-778a06610000 r-xp 00002000 08:14 2893134                    /usr/lib/x86_64-linux-gnu/libgbm.so.1.0.0
778a06610000-778a06611000 r--p 00004000 08:14 2893134                    /usr/lib/x86_64-linux-gnu/libgbm.so.1.0.0
778a06611000-778a06612000 r--p 00004000 08:14 2893134                    /usr/lib/x86_64-linux-gnu/libgbm.so.1.0.0
778a06612000-778a06613000 rw-p 00005000 08:14 2893134                    /usr/lib/x86_64-linux-gnu/libgbm.so.1.0.0
778a06613000-778a06618000 r--p 00000000 08:14 2895118                    /usr/lib/x86_64-linux-gnu/libdrm.so.2.4.0
778a06618000-778a06624000 r-xp 00005000 08:14 2895118                    /usr/lib/x86_64-linux-gnu/libdrm.so.2.4.0
778a06624000-778a06628000 r--p 00011000 08:14 2895118                    /usr/lib/x86_64-linux-gnu/libdrm.so.2.4.0
778a06628000-778a06629000 r--p 00014000 08:14 2895118                    /usr/lib/x86_64-linux-gnu/libdrm.so.2.4.0
778a06629000-778a0662a000 rw-p 00015000 08:14 2895118                    /usr/lib/x86_64-linux-gnu/libdrm.so.2.4.0
778a0662a000-778a0662b000 r--p 00000000 08:14 2894280                    /usr/lib/x86_64-linux-gnu/libnvidia-egl-gbm.so.1.1.2
778a0662b000-778a0662e000 r-xp 00001000 08:14 2894280                    /usr/lib/x86_64-linux-gnu/libnvidia-egl-gbm.so.1.1.2
778a0662e000-778a0662f000 r--p 00004000 08:14 2894280                    /usr/lib/x86_64-linux-gnu/libnvidia-egl-gbm.so.1.1.2
778a0662f000-778a06630000 r--p 00004000 08:14 2894280                    /usr/lib/x86_64-linux-gnu/libnvidia-egl-gbm.so.1.1.2
778a06630000-778a06631000 rw-p 00005000 08:14 2894280                    /usr/lib/x86_64-linux-gnu/libnvidia-egl-gbm.so.1.1.2
778a06631000-778a06641000 r--p 00000000 08:14 2894285                    /usr/lib/x86_64-linux-gnu/libnvidia-glsi.so.580.95.05
778a06641000-778a066a1000 r-xp 00010000 08:14 2894285                    /usr/lib/x86_64-linux-gnu/libnvidia-glsi.so.580.95.05
778a066a1000-778a066be000 r--p 00070000 08:14 2894285                    /usr/lib/x86_64-linux-gnu/libnvidia-glsi.so.580.95.05
778a066be000-778a066c4000 r--p 0008c000 08:14 2894285                    /usr/lib/x86_64-linux-gnu/libnvidia-glsi.so.580.95.05
778a066c4000-778a066c5000 rw-p 00092000 08:14 2894285                    /usr/lib/x86_64-linux-gnu/libnvidia-glsi.so.580.95.05
778a066c5000-778a066cd000 rw-p 00000000 00:00 0 
778a066cd000-778a066ce000 r--p 00000000 08:14 2920875                    /usr/lib/x86_64-linux-gnu/libdl.so.2
778a066ce000-778a066cf000 r-xp 00001000 08:14 2920875                    /usr/lib/x86_64-linux-gnu/libdl.so.2
778a066cf000-778a066d0000 r--p 00002000 08:14 2920875                    /usr/lib/x86_64-linux-gnu/libdl.so.2
778a066d0000-778a066d1000 r--p 00002000 08:14 2920875                    /usr/lib/x86_64-linux-gnu/libdl.so.2
778a066d1000-778a066d2000 rw-p 00003000 08:14 2920875                    /usr/lib/x86_64-linux-gnu/libdl.so.2
778a066d2000-778a066d3000 r--p 00000000 08:14 2920888                    /usr/lib/x86_64-linux-gnu/librt.so.1
778a066d3000-778a066d4000 r-xp 00001000 08:14 2920888                    /usr/lib/x86_64-linux-gnu/librt.so.1
778a066d4000-778a066d5000 r--p 00002000 08:14 2920888                    /usr/lib/x86_64-linux-gnu/librt.so.1
778a066d5000-778a066d6000 r--p 00002000 08:14 2920888                    /usr/lib/x86_64-linux-gnu/librt.so.1
778a066d6000-778a066d7000 rw-p 00003000 08:14 2920888                    /usr/lib/x86_64-linux-gnu/librt.so.1
778a066d7000-778a0670b000 r--p 00000000 08:14 2894275                    /usr/lib/x86_64-linux-gnu/libEGL_nvidia.so.580.95.05
778a0670b000-778a067a2000 r-xp 00034000 08:14 2894275                    /usr/lib/x86_64-linux-gnu/libEGL_nvidia.so.580.95.05
778a067a2000-778a067f6000 r--p 000cb000 08:14 2894275                    /usr/lib/x86_64-linux-gnu/libEGL_nvidia.so.580.95.05
778a067f6000-778a067f7000 ---p 0011f000 08:14 2894275                    /usr/lib/x86_64-linux-gnu/libEGL_nvidia.so.580.95.05
778a067f7000-778a067ff000 r--p 0011f000 08:14 2894275                    /usr/lib/x86_64-linux-gnu/libEGL_nvidia.so.580.95.05
778a067ff000-778a06815000 rw-p 00127000 08:14 2894275                    /usr/lib/x86_64-linux-gnu/libEGL_nvidia.so.580.95.05
778a06815000-778a0681a000 rw-p 00000000 00:00 0 
778a0681a000-778a0683b000 r--p 00000000 08:14 524365                     /tmp/jogamp_0000/file_cache/jln4004123349598629966/jln15845321221978622158/natives/linux-amd64/libjogl_mobile.so
778a0683b000-778a06878000 r-xp 00021000 08:14 524365                     /tmp/jogamp_0000/file_cache/jln4004123349598629966/jln15845321221978622158/natives/linux-amd64/libjogl_mobile.so
778a06878000-778a06889000 r--p 0005e000 08:14 524365                     /tmp/jogamp_0000/file_cache/jln4004123349598629966/jln15845321221978622158/natives/linux-amd64/libjogl_mobile.so
778a06889000-778a0688a000 r--p 0006e000 08:14 524365                     /tmp/jogamp_0000/file_cache/jln4004123349598629966/jln15845321221978622158/natives/linux-amd64/libjogl_mobile.so
778a0688a000-778a0688b000 rw-p 0006f000 08:14 524365                     /tmp/jogamp_0000/file_cache/jln4004123349598629966/jln15845321221978622158/natives/linux-amd64/libjogl_mobile.so
778a0688b000-778a0688e000 r--p 00000000 08:14 2894878                    /usr/lib/x86_64-linux-gnu/libEGL.so.1.1.0
778a0688e000-778a06898000 r-xp 00003000 08:14 2894878                    /usr/lib/x86_64-linux-gnu/libEGL.so.1.1.0
778a06898000-778a0689b000 r--p 0000d000 08:14 2894878                    /usr/lib/x86_64-linux-gnu/libEGL.so.1.1.0
778a0689b000-778a0689c000 r--p 00010000 08:14 2894878                    /usr/lib/x86_64-linux-gnu/libEGL.so.1.1.0
778a0689c000-778a0689d000 rw-p 00011000 08:14 2894878                    /usr/lib/x86_64-linux-gnu/libEGL.so.1.1.0
778a0689d000-778a068a5000 r--p 00000000 08:14 2894888                    /usr/lib/x86_64-linux-gnu/libGLESv2.so.2.1.0
778a068a5000-778a068aa000 r-xp 00008000 08:14 2894888                    /usr/lib/x86_64-linux-gnu/libGLESv2.so.2.1.0
778a068aa000-778a068ac000 r--p 0000d000 08:14 2894888                    /usr/lib/x86_64-linux-gnu/libGLESv2.so.2.1.0
778a068ac000-778a068ae000 r--p 0000f000 08:14 2894888                    /usr/lib/x86_64-linux-gnu/libGLESv2.so.2.1.0
778a068ae000-778a068af000 rw-p 00011000 08:14 2894888                    /usr/lib/x86_64-linux-gnu/libGLESv2.so.2.1.0
778a068af000-778a068b3000 ---p 00000000 00:00 0 
778a068b3000-778a069af000 rw-p 00000000 00:00 0 
778a069af000-778a069f1000 r--p 00000000 08:14 524364                     /tmp/jogamp_0000/file_cache/jln4004123349598629966/jln15845321221978622158/natives/linux-amd64/libjogl_desktop.so
778a069f1000-778a06a5c000 r-xp 00042000 08:14 524364                     /tmp/jogamp_0000/file_cache/jln4004123349598629966/jln15845321221978622158/natives/linux-amd64/libjogl_desktop.so
778a06a5c000-778a06a78000 r--p 000ad000 08:14 524364                     /tmp/jogamp_0000/file_cache/jln4004123349598629966/jln15845321221978622158/natives/linux-amd64/libjogl_desktop.so
778a06a78000-778a06a79000 r--p 000c9000 08:14 524364                     /tmp/jogamp_0000/file_cache/jln4004123349598629966/jln15845321221978622158/natives/linux-amd64/libjogl_desktop.so
778a06a79000-778a06a7a000 rw-p 000ca000 08:14 524364                     /tmp/jogamp_0000/file_cache/jln4004123349598629966/jln15845321221978622158/natives/linux-amd64/libjogl_desktop.so
778a06a7a000-778a06a7d000 r--p 00000000 08:14 2894890                    /usr/lib/x86_64-linux-gnu/libGLX.so.0.0.0
778a06a7d000-778a06a98000 r-xp 00003000 08:14 2894890                    /usr/lib/x86_64-linux-gnu/libGLX.so.0.0.0
778a06a98000-778a06a9b000 r--p 0001e000 08:14 2894890                    /usr/lib/x86_64-linux-gnu/libGLX.so.0.0.0
778a06a9b000-778a06a9c000 r--p 00020000 08:14 2894890                    /usr/lib/x86_64-linux-gnu/libGLX.so.0.0.0
778a06a9c000-778a06a9d000 rw-p 00021000 08:14 2894890                    /usr/lib/x86_64-linux-gnu/libGLX.so.0.0.0
778a06a9d000-778a06aad000 rw-p 00000000 00:00 0 
778a06aad000-778a06aee000 r--p 00000000 08:14 2894892                    /usr/lib/x86_64-linux-gnu/libGLdispatch.so.0.0.0
778a06aee000-778a06b2d000 r-xp 00041000 08:14 2894892                    /usr/lib/x86_64-linux-gnu/libGLdispatch.so.0.0.0
778a06b2d000-778a06b40000 r--p 00080000 08:14 2894892                    /usr/lib/x86_64-linux-gnu/libGLdispatch.so.0.0.0
778a06b40000-778a06b5c000 r--p 00093000 08:14 2894892                    /usr/lib/x86_64-linux-gnu/libGLdispatch.so.0.0.0
778a06b5c000-778a06b5d000 rw-p 000af000 08:14 2894892                    /usr/lib/x86_64-linux-gnu/libGLdispatch.so.0.0.0
778a06b5d000-778a06b65000 rw-p 00000000 00:00 0 
778a06b65000-778a06ba8000 r--p 00000000 08:14 2894887                    /usr/lib/x86_64-linux-gnu/libGL.so.1.7.0
778a06ba8000-778a06bc8000 r-xp 00043000 08:14 2894887                    /usr/lib/x86_64-linux-gnu/libGL.so.1.7.0
778a06bc8000-778a06bdc000 r--p 00063000 08:14 2894887                    /usr/lib/x86_64-linux-gnu/libGL.so.1.7.0
778a06bdc000-778a06bea000 r--p 00077000 08:14 2894887                    /usr/lib/x86_64-linux-gnu/libGL.so.1.7.0
778a06bea000-778a06beb000 rw-p 00085000 08:14 2894887                    /usr/lib/x86_64-linux-gnu/libGL.so.1.7.0
778a06beb000-778a06bec000 rw-p 00000000 00:00 0 
778a06bec000-778a06bfc000 rw-s 102247000 00:10 1059                      anon_inode:i915.gem
778a06bfc000-778a06bfd000 rw-s 00000000 00:01 6407                       /memfd:pipewire-memfd:flags=0x0000000f,type=2,size=2312 (deleted)
778a06bfd000-778a06bfe000 rw-s 00000000 00:01 44071                      /memfd:pipewire-memfd:flags=0x0000000f,type=2,size=2312 (deleted)
778a06bfe000-778a06bff000 rw-s 00000000 00:01 39827                      /memfd:pipewire-memfd:flags=0x0000000f,type=2,size=2312 (deleted)
778a06bff000-778a06c00000 rw-s 00000000 00:01 44070                      /memfd:pipewire-memfd:flags=0x0000000f,type=2,size=4096 (deleted)
778a06c00000-778a06c09000 rw-s 00000000 00:01 40248                      /memfd:pipewire-memfd:flags=0x0000000f,type=2,size=32832 (deleted)
778a06c09000-778a06c0a000 rw-s 00000000 00:01 6407                       /memfd:pipewire-memfd:flags=0x0000000f,type=2,size=2312 (deleted)
778a06c0a000-778a06c0b000 rw-s 00000000 00:01 44069                      /memfd:pipewire-memfd:flags=0x0000000f,type=2,size=2312 (deleted)
778a06c0b000-778a06c0c000 rw-s 00000000 00:01 40247                      /memfd:pipewire-memfd:flags=0x0000000f,type=2,size=2312 (deleted)
778a06c0c000-778a06c10000 ---p 00000000 00:00 0 
778a06c10000-778a06d0c000 rw-p 00000000 00:00 0 
778a06d0c000-778a06d10000 ---p 00000000 00:00 0 
778a06d10000-778a06e0c000 rw-p 00000000 00:00 0 
778a06e0c000-778a06e10000 ---p 00000000 00:00 0 
778a06e10000-778a06e2e000 rw-p 00000000 00:00 0 
778a06e2e000-778a06e32000 ---p 00000000 00:00 0 
778a06e32000-778a06f2e000 rw-p 00000000 00:00 0 
778a06f2e000-778a06f30000 r--p 00000000 08:14 2895478                    /usr/lib/x86_64-linux-gnu/libpcre2-8.so.0.11.2
778a06f30000-778a06f9e000 r-xp 00002000 08:14 2895478                    /usr/lib/x86_64-linux-gnu/libpcre2-8.so.0.11.2
778a06f9e000-778a06fc6000 r--p 00070000 08:14 2895478                    /usr/lib/x86_64-linux-gnu/libpcre2-8.so.0.11.2
778a06fc6000-778a06fc7000 r--p 00097000 08:14 2895478                    /usr/lib/x86_64-linux-gnu/libpcre2-8.so.0.11.2
778a06fc7000-778a06fc8000 rw-p 00098000 08:14 2895478                    /usr/lib/x86_64-linux-gnu/libpcre2-8.so.0.11.2
778a06fc8000-778a06fcd000 r--p 00000000 08:14 2895496                    /usr/lib/x86_64-linux-gnu/libpng16.so.16.43.0
778a06fcd000-778a06ff5000 r-xp 00005000 08:14 2895496                    /usr/lib/x86_64-linux-gnu/libpng16.so.16.43.0
778a06ff5000-778a06ffe000 r--p 0002d000 08:14 2895496                    /usr/lib/x86_64-linux-gnu/libpng16.so.16.43.0
778a06ffe000-778a06fff000 r--p 00035000 08:14 2895496                    /usr/lib/x86_64-linux-gnu/libpng16.so.16.43.0
778a06fff000-778a07000000 rw-p 00036000 08:14 2895496                    /usr/lib/x86_64-linux-gnu/libpng16.so.16.43.0
778a07000000-778a07ca0000 rw-p 00001000 08:14 3409367                    /usr/lib/jvm/java-21-openjdk-amd64/lib/server/classes.jsa
778a07ca0000-778a08000000 ---p 00000000 00:00 0 
778a08000000-778a08040000 rw-p 00000000 00:00 0 
778a08040000-778a080c0000 rw-p 00000000 00:00 0 
778a080c0000-778a08140000 rw-p 00000000 00:00 0 
778a08140000-778a08190000 rw-p 00000000 00:00 0 
778a08190000-778a48000000 ---p 00000000 00:00 0 
778a48000000-778a48021000 rw-p 00000000 00:00 0 
778a48021000-778a4c000000 ---p 00000000 00:00 0 
778a4c000000-778a4c05c000 rw-p 00000000 00:00 0 
778a4c05c000-778a50000000 ---p 00000000 00:00 0 
778a50000000-778a50526000 rw-p 00000000 00:00 0 
778a50526000-778a54000000 ---p 00000000 00:00 0 
778a54000000-778a54021000 rw-p 00000000 00:00 0 
778a54021000-778a58000000 ---p 00000000 00:00 0 
778a58000000-778a58061000 rw-p 00000000 00:00 0 
778a58061000-778a5c000000 ---p 00000000 00:00 0 
778a5c000000-778a5c001000 rw-s 00000000 00:01 6407                       /memfd:pipewire-memfd:flags=0x0000000f,type=2,size=2312 (deleted)
778a5c001000-778a5c002000 rw-s 00000000 00:01 39774                      /memfd:pipewire-memfd:flags=0x0000000f,type=2,size=2312 (deleted)
778a5c002000-778a5c003000 r--p 00000000 08:14 2920886                    /usr/lib/x86_64-linux-gnu/libpthread.so.0
778a5c003000-778a5c004000 r-xp 00001000 08:14 2920886                    /usr/lib/x86_64-linux-gnu/libpthread.so.0
778a5c004000-778a5c005000 r--p 00002000 08:14 2920886                    /usr/lib/x86_64-linux-gnu/libpthread.so.0
778a5c005000-778a5c006000 r--p 00002000 08:14 2920886                    /usr/lib/x86_64-linux-gnu/libpthread.so.0
778a5c006000-778a5c007000 rw-p 00003000 08:14 2920886                    /usr/lib/x86_64-linux-gnu/libpthread.so.0
778a5c007000-778a5c009000 r--p 00000000 08:14 2894913                    /usr/lib/x86_64-linux-gnu/libXfixes.so.3.1.0
778a5c009000-778a5c00c000 r-xp 00002000 08:14 2894913                    /usr/lib/x86_64-linux-gnu/libXfixes.so.3.1.0
778a5c00c000-778a5c00d000 r--p 00005000 08:14 2894913                    /usr/lib/x86_64-linux-gnu/libXfixes.so.3.1.0
778a5c00d000-778a5c00e000 r--p 00005000 08:14 2894913                    /usr/lib/x86_64-linux-gnu/libXfixes.so.3.1.0
778a5c00e000-778a5c00f000 rw-p 00006000 08:14 2894913                    /usr/lib/x86_64-linux-gnu/libXfixes.so.3.1.0
778a5c00f000-778a5c010000 r--p 00000000 08:14 2895050                    /usr/lib/x86_64-linux-gnu/libbrotlicommon.so.1.1.0
778a5c010000-778a5c011000 r-xp 00001000 08:14 2895050                    /usr/lib/x86_64-linux-gnu/libbrotlicommon.so.1.1.0
778a5c011000-778a5c030000 r--p 00002000 08:14 2895050                    /usr/lib/x86_64-linux-gnu/libbrotlicommon.so.1.1.0
778a5c030000-778a5c031000 r--p 00021000 08:14 2895050                    /usr/lib/x86_64-linux-gnu/libbrotlicommon.so.1.1.0
778a5c031000-778a5c032000 rw-p 00022000 08:14 2895050                    /usr/lib/x86_64-linux-gnu/libbrotlicommon.so.1.1.0
778a5c032000-778a5c050000 r--p 00000000 08:14 2884464                    /usr/lib/x86_64-linux-gnu/libglib-2.0.so.0.8000.0
778a5c050000-778a5c0f0000 r-xp 0001e000 08:14 2884464                    /usr/lib/x86_64-linux-gnu/libglib-2.0.so.0.8000.0
778a5c0f0000-778a5c178000 r--p 000be000 08:14 2884464                    /usr/lib/x86_64-linux-gnu/libglib-2.0.so.0.8000.0
778a5c178000-778a5c179000 r--p 00146000 08:14 2884464                    /usr/lib/x86_64-linux-gnu/libglib-2.0.so.0.8000.0
778a5c179000-778a5c17a000 rw-p 00147000 08:14 2884464                    /usr/lib/x86_64-linux-gnu/libglib-2.0.so.0.8000.0
778a5c17a000-778a5c17b000 rw-p 00000000 00:00 0 
778a5c17b000-778a5c188000 r--p 00000000 08:14 2895180                    /usr/lib/x86_64-linux-gnu/libfreetype.so.6.20.1
778a5c188000-778a5c219000 r-xp 0000d000 08:14 2895180                    /usr/lib/x86_64-linux-gnu/libfreetype.so.6.20.1
778a5c219000-778a5c23f000 r--p 0009e000 08:14 2895180                    /usr/lib/x86_64-linux-gnu/libfreetype.so.6.20.1
778a5c23f000-778a5c246000 r--p 000c4000 08:14 2895180                    /usr/lib/x86_64-linux-gnu/libfreetype.so.6.20.1
778a5c246000-778a5c247000 rw-p 000cb000 08:14 2895180                    /usr/lib/x86_64-linux-gnu/libfreetype.so.6.20.1
778a5c247000-778a5c252000 r--p 00000000 08:14 2895285                    /usr/lib/x86_64-linux-gnu/libharfbuzz.so.0.60830.0
778a5c252000-778a5c320000 r-xp 0000b000 08:14 2895285                    /usr/lib/x86_64-linux-gnu/libharfbuzz.so.0.60830.0
778a5c320000-778a5c352000 r--p 000d9000 08:14 2895285                    /usr/lib/x86_64-linux-gnu/libharfbuzz.so.0.60830.0
778a5c352000-778a5c353000 r--p 0010b000 08:14 2895285                    /usr/lib/x86_64-linux-gnu/libharfbuzz.so.0.60830.0
778a5c353000-778a5c354000 rw-p 0010c000 08:14 2895285                    /usr/lib/x86_64-linux-gnu/libharfbuzz.so.0.60830.0
778a5c354000-778a5c36d000 r--p 00000000 08:14 2894904                    /usr/lib/x86_64-linux-gnu/libX11.so.6.4.0
778a5c36d000-778a5c3fd000 r-xp 00019000 08:14 2894904                    /usr/lib/x86_64-linux-gnu/libX11.so.6.4.0
778a5c3fd000-778a5c48c000 r--p 000a9000 08:14 2894904                    /usr/lib/x86_64-linux-gnu/libX11.so.6.4.0
778a5c48c000-778a5c48d000 r--p 00138000 08:14 2894904                    /usr/lib/x86_64-linux-gnu/libX11.so.6.4.0
778a5c48d000-778a5c491000 rw-p 00139000 08:14 2894904                    /usr/lib/x86_64-linux-gnu/libX11.so.6.4.0
778a5c491000-778a5c4a4000 r--p 00000000 08:14 3409280                    /usr/lib/jvm/java-21-openjdk-amd64/lib/libawt_xawt.so
778a5c4a4000-778a5c4eb000 r-xp 00013000 08:14 3409280                    /usr/lib/jvm/java-21-openjdk-amd64/lib/libawt_xawt.so
778a5c4eb000-778a5c503000 r--p 0005a000 08:14 3409280                    /usr/lib/jvm/java-21-openjdk-amd64/lib/libawt_xawt.so
778a5c503000-778a5c509000 r--p 00071000 08:14 3409280                    /usr/lib/jvm/java-21-openjdk-amd64/lib/libawt_xawt.so
778a5c509000-778a5c50b000 rw-p 00077000 08:14 3409280                    /usr/lib/jvm/java-21-openjdk-amd64/lib/libawt_xawt.so
778a5c50b000-778a5c50d000 rw-p 00000000 00:00 0 
778a5c50d000-778a5c52b000 r--p 00000000 08:14 3409333                    /usr/lib/jvm/java-21-openjdk-amd64/lib/libawt.so
778a5c52b000-778a5c5c2000 r-xp 0001e000 08:14 3409333                    /usr/lib/jvm/java-21-openjdk-amd64/lib/libawt.so
778a5c5c2000-778a5c5cf000 r--p 000b5000 08:14 3409333                    /usr/lib/jvm/java-21-openjdk-amd64/lib/libawt.so
778a5c5cf000-778a5c5d0000 r--p 000c1000 08:14 3409333                    /usr/lib/jvm/java-21-openjdk-amd64/lib/libawt.so
778a5c5d0000-778a5c5db000 rw-p 000c2000 08:14 3409333                    /usr/lib/jvm/java-21-openjdk-amd64/lib/libawt.so
778a5c5db000-778a5c600000 rw-p 00000000 00:00 0 
778a5c600000-778a5c604000 ---p 00000000 00:00 0 
778a5c604000-778a5c700000 rw-p 00000000 00:00 0 
778a5c700000-778a5c704000 ---p 00000000 00:00 0 
778a5c704000-778a5c800000 rw-p 00000000 00:00 0 
778a5c800000-778a5e800000 rw-p 00000000 00:00 0 
778a5e800000-778a5e801000 rw-s 00000000 00:01 38661                      /memfd:pipewire-memfd:flags=0x0000000f,type=2,size=2312 (deleted)
778a5e801000-778a5e802000 rw-s 00000000 00:01 39772                      /memfd:xshmfence (deleted)
778a5e802000-778a5e804000 r--p 00000000 08:14 2894909                    /usr/lib/x86_64-linux-gnu/libXcursor.so.1.0.2
778a5e804000-778a5e80a000 r-xp 00002000 08:14 2894909                    /usr/lib/x86_64-linux-gnu/libXcursor.so.1.0.2
778a5e80a000-778a5e80c000 r--p 00008000 08:14 2894909                    /usr/lib/x86_64-linux-gnu/libXcursor.so.1.0.2
778a5e80c000-778a5e80d000 r--p 00009000 08:14 2894909                    /usr/lib/x86_64-linux-gnu/libXcursor.so.1.0.2
778a5e80d000-778a5e80e000 rw-p 0000a000 08:14 2894909                    /usr/lib/x86_64-linux-gnu/libXcursor.so.1.0.2
778a5e80e000-778a5e810000 r--p 00000000 08:14 2895055                    /usr/lib/x86_64-linux-gnu/libbz2.so.1.0.4
778a5e810000-778a5e81e000 r-xp 00002000 08:14 2895055                    /usr/lib/x86_64-linux-gnu/libbz2.so.1.0.4
778a5e81e000-778a5e820000 r--p 00010000 08:14 2895055                    /usr/lib/x86_64-linux-gnu/libbz2.so.1.0.4
778a5e820000-778a5e821000 r--p 00011000 08:14 2895055                    /usr/lib/x86_64-linux-gnu/libbz2.so.1.0.4
778a5e821000-778a5e822000 rw-p 00012000 08:14 2895055                    /usr/lib/x86_64-linux-gnu/libbz2.so.1.0.4
778a5e822000-778a5e825000 r--p 00000000 08:14 2895241                    /usr/lib/x86_64-linux-gnu/libgraphite2.so.3.2.1
778a5e825000-778a5e842000 r-xp 00003000 08:14 2895241                    /usr/lib/x86_64-linux-gnu/libgraphite2.so.3.2.1
778a5e842000-778a5e845000 r--p 00020000 08:14 2895241                    /usr/lib/x86_64-linux-gnu/libgraphite2.so.3.2.1
778a5e845000-778a5e847000 r--p 00022000 08:14 2895241                    /usr/lib/x86_64-linux-gnu/libgraphite2.so.3.2.1
778a5e847000-778a5e848000 rw-p 00024000 08:14 2895241                    /usr/lib/x86_64-linux-gnu/libgraphite2.so.3.2.1
778a5e848000-778a5e849000 rw-s 00000000 00:01 41257                      /memfd:xshmfence (deleted)
778a5e849000-778a5e84a000 rw-s 101631000 00:10 1059                      anon_inode:i915.gem
778a5e84a000-778a5e851000 r--s 00000000 08:14 2920861                    /usr/lib/x86_64-linux-gnu/gconv/gconv-modules.cache
778a5e851000-778a5e852000 r--p 00000000 08:14 2894930                    /usr/lib/x86_64-linux-gnu/libXxf86vm.so.1.0.0
778a5e852000-778a5e855000 r-xp 00001000 08:14 2894930                    /usr/lib/x86_64-linux-gnu/libXxf86vm.so.1.0.0
778a5e855000-778a5e856000 r--p 00004000 08:14 2894930                    /usr/lib/x86_64-linux-gnu/libXxf86vm.so.1.0.0
778a5e856000-778a5e857000 r--p 00004000 08:14 2894930                    /usr/lib/x86_64-linux-gnu/libXxf86vm.so.1.0.0
778a5e857000-778a5e858000 rw-p 00005000 08:14 2894930                    /usr/lib/x86_64-linux-gnu/libXxf86vm.so.1.0.0
778a5e858000-778a5e85b000 r--p 00000000 08:14 524371                     /tmp/jogamp_0000/file_cache/jln4004123349598629966/jln15845321221978622158/natives/linux-amd64/libnativewindow_x11.so
778a5e85b000-778a5e85f000 r-xp 00003000 08:14 524371                     /tmp/jogamp_0000/file_cache/jln4004123349598629966/jln15845321221978622158/natives/linux-amd64/libnativewindow_x11.so
778a5e85f000-778a5e861000 r--p 00007000 08:14 524371                     /tmp/jogamp_0000/file_cache/jln4004123349598629966/jln15845321221978622158/natives/linux-amd64/libnativewindow_x11.so
778a5e861000-778a5e862000 r--p 00008000 08:14 524371                     /tmp/jogamp_0000/file_cache/jln4004123349598629966/jln15845321221978622158/natives/linux-amd64/libnativewindow_x11.so
778a5e862000-778a5e863000 rw-p 00009000 08:14 524371                     /tmp/jogamp_0000/file_cache/jln4004123349598629966/jln15845321221978622158/natives/linux-amd64/libnativewindow_x11.so
778a5e863000-778a5e864000 r--p 00000000 08:14 524367                     /tmp/jogamp_0000/file_cache/jln4004123349598629966/jln15845321221978622158/natives/linux-amd64/libnativewindow_awt.so
778a5e864000-778a5e865000 r-xp 00001000 08:14 524367                     /tmp/jogamp_0000/file_cache/jln4004123349598629966/jln15845321221978622158/natives/linux-amd64/libnativewindow_awt.so
778a5e865000-778a5e866000 r--p 00002000 08:14 524367                     /tmp/jogamp_0000/file_cache/jln4004123349598629966/jln15845321221978622158/natives/linux-amd64/libnativewindow_awt.so
778a5e866000-778a5e867000 r--p 00002000 08:14 524367                     /tmp/jogamp_0000/file_cache/jln4004123349598629966/jln15845321221978622158/natives/linux-amd64/libnativewindow_awt.so
778a5e867000-778a5e868000 rw-p 00003000 08:14 524367                     /tmp/jogamp_0000/file_cache/jln4004123349598629966/jln15845321221978622158/natives/linux-amd64/libnativewindow_awt.so
778a5e868000-778a5e86c000 ---p 00000000 00:00 0 
778a5e86c000-778a5e968000 rw-p 00000000 00:00 0 
778a5e968000-778a5eb60000 rw-p 00000000 00:00 0 
778a5eb60000-778a607f8000 ---p 00000000 00:00 0 
778a607f8000-778a60800000 rw-p 00000000 00:00 0 
778a60800000-778a60d50000 rwxp 00000000 00:00 0 
778a60d50000-778a67d37000 ---p 00000000 00:00 0 
778a67d37000-778a67fa7000 rwxp 00000000 00:00 0 
778a67fa7000-778a682c9000 ---p 00000000 00:00 0 
778a682c9000-778a68539000 rwxp 00000000 00:00 0 
778a68539000-778a6f800000 ---p 00000000 00:00 0 
778a6f800000-778a77e2a000 r--s 00000000 08:14 3409366                    /usr/lib/jvm/java-21-openjdk-amd64/lib/modules
778a77e2a000-778a77e2b000 r--p 00000000 08:14 3409281                    /usr/lib/jvm/java-21-openjdk-amd64/lib/libjawt.so
778a77e2b000-778a77e2c000 r-xp 00001000 08:14 3409281                    /usr/lib/jvm/java-21-openjdk-amd64/lib/libjawt.so
778a77e2c000-778a77e2d000 r--p 00002000 08:14 3409281                    /usr/lib/jvm/java-21-openjdk-amd64/lib/libjawt.so
778a77e2d000-778a77e2e000 r--p 00002000 08:14 3409281                    /usr/lib/jvm/java-21-openjdk-amd64/lib/libjawt.so
778a77e2e000-778a77e2f000 rw-p 00003000 08:14 3409281                    /usr/lib/jvm/java-21-openjdk-amd64/lib/libjawt.so
778a77e2f000-778a77e33000 ---p 00000000 00:00 0 
778a77e33000-778a77f2f000 rw-p 00000000 00:00 0 
778a77f2f000-778a77f34000 r--p 00000000 08:14 3409350                    /usr/lib/jvm/java-21-openjdk-amd64/lib/libjsvml.so
778a77f34000-778a77f75000 r-xp 00005000 08:14 3409350                    /usr/lib/jvm/java-21-openjdk-amd64/lib/libjsvml.so
778a77f75000-778a77ffe000 r--p 00046000 08:14 3409350                    /usr/lib/jvm/java-21-openjdk-amd64/lib/libjsvml.so
778a77ffe000-778a77fff000 r--p 000ce000 08:14 3409350                    /usr/lib/jvm/java-21-openjdk-amd64/lib/libjsvml.so
778a77fff000-778a78000000 rw-p 000cf000 08:14 3409350                    /usr/lib/jvm/java-21-openjdk-amd64/lib/libjsvml.so
778a78000000-778a78866000 rw-p 00000000 00:00 0 
778a78866000-778a7c004000 ---p 00000000 00:00 0 
778a7c004000-778a7c100000 rw-p 00000000 00:00 0 
778a7c100000-778a7c104000 ---p 00000000 00:00 0 
778a7c104000-778a7c200000 rw-p 00000000 00:00 0 
778a7c200000-778a7c204000 ---p 00000000 00:00 0 
778a7c204000-778a7c300000 rw-p 00000000 00:00 0 
778a7c300000-778a7c304000 ---p 00000000 00:00 0 
778a7c304000-778a7c400000 rw-p 00000000 00:00 0 
778a7c400000-778a7c404000 ---p 00000000 00:00 0 
778a7c404000-778a7c500000 rw-p 00000000 00:00 0 
778a7c500000-778a7c504000 ---p 00000000 00:00 0 
778a7c504000-778a7c600000 rw-p 00000000 00:00 0 
778a7c600000-778a7cb75000 r--p 00000000 08:14 2883664                    /usr/lib/locale/locale-archive
778a7cb75000-778a7cb77000 r--p 00000000 08:14 524363                     /tmp/jogamp_0000/file_cache/jln4004123349598629966/jln15845321221978622158/natives/linux-amd64/libgluegen_rt.so
778a7cb77000-778a7cb78000 r-xp 00002000 08:14 524363                     /tmp/jogamp_0000/file_cache/jln4004123349598629966/jln15845321221978622158/natives/linux-amd64/libgluegen_rt.so
778a7cb78000-778a7cb79000 r--p 00003000 08:14 524363                     /tmp/jogamp_0000/file_cache/jln4004123349598629966/jln15845321221978622158/natives/linux-amd64/libgluegen_rt.so
778a7cb79000-778a7cb7a000 r--p 00003000 08:14 524363                     /tmp/jogamp_0000/file_cache/jln4004123349598629966/jln15845321221978622158/natives/linux-amd64/libgluegen_rt.so
778a7cb7a000-778a7cb7b000 rw-p 00004000 08:14 524363                     /tmp/jogamp_0000/file_cache/jln4004123349598629966/jln15845321221978622158/natives/linux-amd64/libgluegen_rt.so
778a7cb7b000-778a7cb7d000 r--p 00000000 08:14 2895374                    /usr/lib/x86_64-linux-gnu/libmd.so.0.1.0
778a7cb7d000-778a7cb86000 r-xp 00002000 08:14 2895374                    /usr/lib/x86_64-linux-gnu/libmd.so.0.1.0
778a7cb86000-778a7cb88000 r--p 0000b000 08:14 2895374                    /usr/lib/x86_64-linux-gnu/libmd.so.0.1.0
778a7cb88000-778a7cb89000 r--p 0000c000 08:14 2895374                    /usr/lib/x86_64-linux-gnu/libmd.so.0.1.0
778a7cb89000-778a7cb8a000 rw-p 0000d000 08:14 2895374                    /usr/lib/x86_64-linux-gnu/libmd.so.0.1.0
778a7cb8a000-778a7cb8e000 r--p 00000000 08:14 2895053                    /usr/lib/x86_64-linux-gnu/libbsd.so.0.12.1
778a7cb8e000-778a7cb9a000 r-xp 00004000 08:14 2895053                    /usr/lib/x86_64-linux-gnu/libbsd.so.0.12.1
778a7cb9a000-778a7cb9d000 r--p 00010000 08:14 2895053                    /usr/lib/x86_64-linux-gnu/libbsd.so.0.12.1
778a7cb9d000-778a7cb9e000 r--p 00012000 08:14 2895053                    /usr/lib/x86_64-linux-gnu/libbsd.so.0.12.1
778a7cb9e000-778a7cb9f000 rw-p 00013000 08:14 2895053                    /usr/lib/x86_64-linux-gnu/libbsd.so.0.12.1
778a7cb9f000-778a7cba0000 rw-p 00000000 00:00 0 
778a7cba0000-778a7cba2000 r--p 00000000 08:14 2894911                    /usr/lib/x86_64-linux-gnu/libXdmcp.so.6.0.0
778a7cba2000-778a7cba4000 r-xp 00002000 08:14 2894911                    /usr/lib/x86_64-linux-gnu/libXdmcp.so.6.0.0
778a7cba4000-778a7cba6000 r--p 00004000 08:14 2894911                    /usr/lib/x86_64-linux-gnu/libXdmcp.so.6.0.0
778a7cba6000-778a7cba7000 r--p 00005000 08:14 2894911                    /usr/lib/x86_64-linux-gnu/libXdmcp.so.6.0.0
778a7cba7000-778a7cba8000 rw-p 00006000 08:14 2894911                    /usr/lib/x86_64-linux-gnu/libXdmcp.so.6.0.0
778a7cba8000-778a7cbb3000 r--p 00000000 08:14 2895701                    /usr/lib/x86_64-linux-gnu/libxcb.so.1.1.0
778a7cbb3000-778a7cbc6000 r-xp 0000b000 08:14 2895701                    /usr/lib/x86_64-linux-gnu/libxcb.so.1.1.0
778a7cbc6000-778a7cbcf000 r--p 0001e000 08:14 2895701                    /usr/lib/x86_64-linux-gnu/libxcb.so.1.1.0
778a7cbcf000-778a7cbd0000 r--p 00026000 08:14 2895701                    /usr/lib/x86_64-linux-gnu/libxcb.so.1.1.0
778a7cbd0000-778a7cbd1000 rw-p 00027000 08:14 2895701                    /usr/lib/x86_64-linux-gnu/libxcb.so.1.1.0
778a7cbd1000-778a7cbd4000 r--p 00000000 08:14 2894916                    /usr/lib/x86_64-linux-gnu/libXi.so.6.1.0
778a7cbd4000-778a7cbe0000 r-xp 00003000 08:14 2894916                    /usr/lib/x86_64-linux-gnu/libXi.so.6.1.0
778a7cbe0000-778a7cbe2000 r--p 0000f000 08:14 2894916                    /usr/lib/x86_64-linux-gnu/libXi.so.6.1.0
778a7cbe2000-778a7cbe3000 r--p 00011000 08:14 2894916                    /usr/lib/x86_64-linux-gnu/libXi.so.6.1.0
778a7cbe3000-778a7cbe4000 rw-p 00012000 08:14 2894916                    /usr/lib/x86_64-linux-gnu/libXi.so.6.1.0
778a7cbe4000-778a7cbe6000 r--p 00000000 08:14 2894925                    /usr/lib/x86_64-linux-gnu/libXtst.so.6.1.0
778a7cbe6000-778a7cbe9000 r-xp 00002000 08:14 2894925                    /usr/lib/x86_64-linux-gnu/libXtst.so.6.1.0
778a7cbe9000-778a7cbea000 r--p 00005000 08:14 2894925                    /usr/lib/x86_64-linux-gnu/libXtst.so.6.1.0
778a7cbea000-778a7cbeb000 r--p 00005000 08:14 2894925                    /usr/lib/x86_64-linux-gnu/libXtst.so.6.1.0
778a7cbeb000-778a7cbec000 rw-p 00006000 08:14 2894925                    /usr/lib/x86_64-linux-gnu/libXtst.so.6.1.0
778a7cbec000-778a7cbf0000 ---p 00000000 00:00 0 
778a7cbf0000-778a7ccec000 rw-p 00000000 00:00 0 
778a7ccec000-778a7cced000 ---p 00000000 00:00 0 
778a7cced000-778a7cded000 rw-p 00000000 00:00 0 
778a7cded000-778a7cdee000 ---p 00000000 00:00 0 
778a7cdee000-778a7ceee000 rw-p 00000000 00:00 0 
778a7ceee000-778a7cf6f000 rw-p 00000000 00:00 0 
778a7cf6f000-778a7cf70000 ---p 00000000 00:00 0 
778a7cf70000-778a7d070000 rw-p 00000000 00:00 0 
778a7d070000-778a7d071000 ---p 00000000 00:00 0 
778a7d071000-778a7d171000 rw-p 00000000 00:00 0 
778a7d171000-778a7d979000 rw-p 00000000 00:00 0 
778a7d979000-778a7d97a000 ---p 00000000 00:00 0 
778a7d97a000-778a7da7a000 rw-p 00000000 00:00 0 
778a7da7a000-778a7da7b000 ---p 00000000 00:00 0 
778a7da7b000-778a7db7b000 rw-p 00000000 00:00 0 
778a7db7b000-778a7db7c000 ---p 00000000 00:00 0 
778a7db7c000-778a7dc7c000 rw-p 00000000 00:00 0 
778a7dc7c000-778a7dcbb000 rw-p 00000000 00:00 0 
778a7dcbb000-778a7e04e000 ---p 00000000 00:00 0 
778a7e04e000-778a7e08e000 rw-p 00000000 00:00 0 
778a7e08e000-778a7e421000 ---p 00000000 00:00 0 
778a7e421000-778a7ec2f000 rw-p 00000000 00:00 0 
778a7ec2f000-778a7ed15000 ---p 00000000 00:00 0 
778a7ed15000-778a7ed20000 rw-p 00000000 00:00 0 
778a7ed20000-778a7ee00000 ---p 00000000 00:00 0 
778a7ee00000-778a7ee9d000 r--p 00000000 08:14 2895584                    /usr/lib/x86_64-linux-gnu/libstdc++.so.6.0.33
778a7ee9d000-778a7efe5000 r-xp 0009d000 08:14 2895584                    /usr/lib/x86_64-linux-gnu/libstdc++.so.6.0.33
778a7efe5000-778a7f06c000 r--p 001e5000 08:14 2895584                    /usr/lib/x86_64-linux-gnu/libstdc++.so.6.0.33
778a7f06c000-778a7f077000 r--p 0026b000 08:14 2895584                    /usr/lib/x86_64-linux-gnu/libstdc++.so.6.0.33
778a7f077000-778a7f07a000 rw-p 00276000 08:14 2895584                    /usr/lib/x86_64-linux-gnu/libstdc++.so.6.0.33
778a7f07a000-778a7f07e000 rw-p 00000000 00:00 0 
778a7f07e000-778a7f07f000 rw-s 00000000 00:01 43146                      /memfd:xshmfence (deleted)
778a7f07f000-778a7f080000 rw-s 106dc4000 00:10 1059                      anon_inode:i915.gem
778a7f080000-778a7f081000 r--p 00000000 08:14 2894917                    /usr/lib/x86_64-linux-gnu/libXinerama.so.1.0.0
778a7f081000-778a7f082000 r-xp 00001000 08:14 2894917                    /usr/lib/x86_64-linux-gnu/libXinerama.so.1.0.0
778a7f082000-778a7f083000 r--p 00002000 08:14 2894917                    /usr/lib/x86_64-linux-gnu/libXinerama.so.1.0.0
778a7f083000-778a7f084000 r--p 00002000 08:14 2894917                    /usr/lib/x86_64-linux-gnu/libXinerama.so.1.0.0
778a7f084000-778a7f085000 rw-p 00003000 08:14 2894917                    /usr/lib/x86_64-linux-gnu/libXinerama.so.1.0.0
778a7f085000-778a7f087000 r--p 00000000 08:14 2894922                    /usr/lib/x86_64-linux-gnu/libXrender.so.1.3.0
778a7f087000-778a7f08e000 r-xp 00002000 08:14 2894922                    /usr/lib/x86_64-linux-gnu/libXrender.so.1.3.0
778a7f08e000-778a7f08f000 r--p 00009000 08:14 2894922                    /usr/lib/x86_64-linux-gnu/libXrender.so.1.3.0
778a7f08f000-778a7f090000 r--p 00009000 08:14 2894922                    /usr/lib/x86_64-linux-gnu/libXrender.so.1.3.0
778a7f090000-778a7f091000 rw-p 0000a000 08:14 2894922                    /usr/lib/x86_64-linux-gnu/libXrender.so.1.3.0
778a7f091000-778a7f095000 r--p 00000000 08:14 2894912                    /usr/lib/x86_64-linux-gnu/libXext.so.6.4.0
778a7f095000-778a7f0a0000 r-xp 00004000 08:14 2894912                    /usr/lib/x86_64-linux-gnu/libXext.so.6.4.0
778a7f0a0000-778a7f0a3000 r--p 0000f000 08:14 2894912                    /usr/lib/x86_64-linux-gnu/libXext.so.6.4.0
778a7f0a3000-778a7f0a4000 r--p 00011000 08:14 2894912                    /usr/lib/x86_64-linux-gnu/libXext.so.6.4.0
778a7f0a4000-778a7f0a5000 rw-p 00012000 08:14 2894912                    /usr/lib/x86_64-linux-gnu/libXext.so.6.4.0
778a7f0a5000-778a7f100000 rw-p 00000000 00:00 0 
778a7f100000-778a7f104000 ---p 00000000 00:00 0 
778a7f104000-778a7f200000 rw-p 00000000 00:00 0 
778a7f200000-778a7f4a2000 r--p 00000000 08:14 3409370                    /usr/lib/jvm/java-21-openjdk-amd64/lib/server/libjvm.so
778a7f4a2000-778a80317000 r-xp 002a2000 08:14 3409370                    /usr/lib/jvm/java-21-openjdk-amd64/lib/server/libjvm.so
778a80317000-778a805f1000 r--p 01117000 08:14 3409370                    /usr/lib/jvm/java-21-openjdk-amd64/lib/server/libjvm.so
778a805f1000-778a806c5000 r--p 013f0000 08:14 3409370                    /usr/lib/jvm/java-21-openjdk-amd64/lib/server/libjvm.so
778a806c5000-778a806f5000 rw-p 014c4000 08:14 3409370                    /usr/lib/jvm/java-21-openjdk-amd64/lib/server/libjvm.so
778a806f5000-778a8075b000 rw-p 00000000 00:00 0 
778a8075b000-778a8075c000 r--p 00000000 08:14 2894906                    /usr/lib/x86_64-linux-gnu/libXau.so.6.0.0
778a8075c000-778a8075e000 r-xp 00001000 08:14 2894906                    /usr/lib/x86_64-linux-gnu/libXau.so.6.0.0
778a8075e000-778a8075f000 r--p 00003000 08:14 2894906                    /usr/lib/x86_64-linux-gnu/libXau.so.6.0.0
778a8075f000-778a80760000 r--p 00003000 08:14 2894906                    /usr/lib/x86_64-linux-gnu/libXau.so.6.0.0
778a80760000-778a80761000 rw-p 00004000 08:14 2894906                    /usr/lib/x86_64-linux-gnu/libXau.so.6.0.0
778a80761000-778a80762000 rw-s 105cf4000 00:10 1059                      anon_inode:i915.gem
778a80762000-778a80763000 rw-s 100e60000 00:10 1059                      anon_inode:i915.gem
778a80763000-778a80764000 r--p 00000000 08:14 2895051                    /usr/lib/x86_64-linux-gnu/libbrotlidec.so.1.1.0
778a80764000-778a8076c000 r-xp 00001000 08:14 2895051                    /usr/lib/x86_64-linux-gnu/libbrotlidec.so.1.1.0
778a8076c000-778a8076f000 r--p 00009000 08:14 2895051                    /usr/lib/x86_64-linux-gnu/libbrotlidec.so.1.1.0
778a8076f000-778a80770000 r--p 0000b000 08:14 2895051                    /usr/lib/x86_64-linux-gnu/libbrotlidec.so.1.1.0
778a80770000-778a80771000 rw-p 0000c000 08:14 2895051                    /usr/lib/x86_64-linux-gnu/libbrotlidec.so.1.1.0
778a80771000-778a80774000 r--p 00000000 08:14 3409337                    /usr/lib/jvm/java-21-openjdk-amd64/lib/libfontmanager.so
778a80774000-778a8077d000 r-xp 00003000 08:14 3409337                    /usr/lib/jvm/java-21-openjdk-amd64/lib/libfontmanager.so
778a8077d000-778a8077f000 r--p 0000c000 08:14 3409337                    /usr/lib/jvm/java-21-openjdk-amd64/lib/libfontmanager.so
778a8077f000-778a80780000 r--p 0000d000 08:14 3409337                    /usr/lib/jvm/java-21-openjdk-amd64/lib/libfontmanager.so
778a80780000-778a80781000 rw-p 0000e000 08:14 3409337                    /usr/lib/jvm/java-21-openjdk-amd64/lib/libfontmanager.so
778a80781000-778a80800000 rw-p 00000000 00:00 0 
778a80800000-778a80828000 r--p 00000000 08:14 2920873                    /usr/lib/x86_64-linux-gnu/libc.so.6
778a80828000-778a809b0000 r-xp 00028000 08:14 2920873                    /usr/lib/x86_64-linux-gnu/libc.so.6
778a809b0000-778a809ff000 r--p 001b0000 08:14 2920873                    /usr/lib/x86_64-linux-gnu/libc.so.6
778a809ff000-778a80a03000 r--p 001fe000 08:14 2920873                    /usr/lib/x86_64-linux-gnu/libc.so.6
778a80a03000-778a80a05000 rw-p 00202000 08:14 2920873                    /usr/lib/x86_64-linux-gnu/libc.so.6
778a80a05000-778a80a12000 rw-p 00000000 00:00 0 
778a80a12000-778a80a13000 rw-s 100938000 00:10 1059                      anon_inode:i915.gem
778a80a13000-778a80a14000 rw-s 100fc1000 00:10 1059                      anon_inode:i915.gem
778a80a14000-778a80a15000 rw-s 108c0e000 00:10 1059                      anon_inode:i915.gem
778a80a15000-778a80a16000 r--p 00000000 00:00 0 
778a80a16000-778a80a17000 r--p 00000000 08:14 3409336                    /usr/lib/jvm/java-21-openjdk-amd64/lib/libextnet.so
778a80a17000-778a80a18000 r-xp 00001000 08:14 3409336                    /usr/lib/jvm/java-21-openjdk-amd64/lib/libextnet.so
778a80a18000-778a80a19000 r--p 00002000 08:14 3409336                    /usr/lib/jvm/java-21-openjdk-amd64/lib/libextnet.so
778a80a19000-778a80a1a000 r--p 00002000 08:14 3409336                    /usr/lib/jvm/java-21-openjdk-amd64/lib/libextnet.so
778a80a1a000-778a80a1b000 rw-p 00003000 08:14 3409336                    /usr/lib/jvm/java-21-openjdk-amd64/lib/libextnet.so
778a80a1b000-778a80a1e000 r--p 00000000 08:14 3409357                    /usr/lib/jvm/java-21-openjdk-amd64/lib/libnet.so
778a80a1e000-778a80a26000 r-xp 00003000 08:14 3409357                    /usr/lib/jvm/java-21-openjdk-amd64/lib/libnet.so
778a80a26000-778a80a28000 r--p 0000b000 08:14 3409357                    /usr/lib/jvm/java-21-openjdk-amd64/lib/libnet.so
778a80a28000-778a80a29000 r--p 0000c000 08:14 3409357                    /usr/lib/jvm/java-21-openjdk-amd64/lib/libnet.so
778a80a29000-778a80a2a000 rw-p 0000d000 08:14 3409357                    /usr/lib/jvm/java-21-openjdk-amd64/lib/libnet.so
778a80a2a000-778a80a31000 r--p 00000000 08:14 3409358                    /usr/lib/jvm/java-21-openjdk-amd64/lib/libnio.so
778a80a31000-778a80a3a000 r-xp 00007000 08:14 3409358                    /usr/lib/jvm/java-21-openjdk-amd64/lib/libnio.so
778a80a3a000-778a80a3e000 r--p 00010000 08:14 3409358                    /usr/lib/jvm/java-21-openjdk-amd64/lib/libnio.so
778a80a3e000-778a80a3f000 r--p 00014000 08:14 3409358                    /usr/lib/jvm/java-21-openjdk-amd64/lib/libnio.so
778a80a3f000-778a80a40000 rw-p 00015000 08:14 3409358                    /usr/lib/jvm/java-21-openjdk-amd64/lib/libnio.so
778a80a40000-778a80a42000 r--p 00000000 08:14 3409365                    /usr/lib/jvm/java-21-openjdk-amd64/lib/libzip.so
778a80a42000-778a80a47000 r-xp 00002000 08:14 3409365                    /usr/lib/jvm/java-21-openjdk-amd64/lib/libzip.so
778a80a47000-778a80a49000 r--p 00007000 08:14 3409365                    /usr/lib/jvm/java-21-openjdk-amd64/lib/libzip.so
778a80a49000-778a80a4a000 r--p 00008000 08:14 3409365                    /usr/lib/jvm/java-21-openjdk-amd64/lib/libzip.so
778a80a4a000-778a80a4b000 rw-p 00009000 08:14 3409365                    /usr/lib/jvm/java-21-openjdk-amd64/lib/libzip.so
778a80a4b000-778a80a91000 rw-p 00000000 00:00 0 
778a80a91000-778a80a98000 ---p 00000000 00:00 0 
778a80a98000-778a80aa5000 r--p 00000000 08:14 3409343                    /usr/lib/jvm/java-21-openjdk-amd64/lib/libjava.so
778a80aa5000-778a80ab4000 r-xp 0000d000 08:14 3409343                    /usr/lib/jvm/java-21-openjdk-amd64/lib/libjava.so
778a80ab4000-778a80ab9000 r--p 0001c000 08:14 3409343                    /usr/lib/jvm/java-21-openjdk-amd64/lib/libjava.so
778a80ab9000-778a80aba000 r--p 00021000 08:14 3409343                    /usr/lib/jvm/java-21-openjdk-amd64/lib/libjava.so
778a80aba000-778a80abb000 rw-p 00022000 08:14 3409343                    /usr/lib/jvm/java-21-openjdk-amd64/lib/libjava.so
778a80abb000-778a80abc000 rw-p 00000000 00:00 0 
778a80abc000-778a80ac0000 r--p 00000000 08:14 2895190                    /usr/lib/x86_64-linux-gnu/libgcc_s.so.1
778a80ac0000-778a80ae4000 r-xp 00004000 08:14 2895190                    /usr/lib/x86_64-linux-gnu/libgcc_s.so.1
778a80ae4000-778a80ae8000 r--p 00028000 08:14 2895190                    /usr/lib/x86_64-linux-gnu/libgcc_s.so.1
778a80ae8000-778a80ae9000 r--p 0002b000 08:14 2895190                    /usr/lib/x86_64-linux-gnu/libgcc_s.so.1
778a80ae9000-778a80aea000 rw-p 0002c000 08:14 2895190                    /usr/lib/x86_64-linux-gnu/libgcc_s.so.1
778a80aea000-778a80afa000 r--p 00000000 08:14 2920876                    /usr/lib/x86_64-linux-gnu/libm.so.6
778a80afa000-778a80b79000 r-xp 00010000 08:14 2920876                    /usr/lib/x86_64-linux-gnu/libm.so.6
778a80b79000-778a80bd1000 r--p 0008f000 08:14 2920876                    /usr/lib/x86_64-linux-gnu/libm.so.6
778a80bd1000-778a80bd2000 r--p 000e7000 08:14 2920876                    /usr/lib/x86_64-linux-gnu/libm.so.6
778a80bd2000-778a80bd3000 rw-p 000e8000 08:14 2920876                    /usr/lib/x86_64-linux-gnu/libm.so.6
778a80bd3000-778a80bd5000 rw-p 00000000 00:00 0 
778a80bd5000-778a80bd7000 r--p 00000000 08:14 3409347                    /usr/lib/jvm/java-21-openjdk-amd64/lib/libjli.so
778a80bd7000-778a80be1000 r-xp 00002000 08:14 3409347                    /usr/lib/jvm/java-21-openjdk-amd64/lib/libjli.so
778a80be1000-778a80be4000 r--p 0000c000 08:14 3409347                    /usr/lib/jvm/java-21-openjdk-amd64/lib/libjli.so
778a80be4000-778a80be5000 r--p 0000f000 08:14 3409347                    /usr/lib/jvm/java-21-openjdk-amd64/lib/libjli.so
778a80be5000-778a80be6000 rw-p 00010000 08:14 3409347                    /usr/lib/jvm/java-21-openjdk-amd64/lib/libjli.so
778a80be6000-778a80be8000 r--p 00000000 08:14 2895716                    /usr/lib/x86_64-linux-gnu/libz.so.1.3
778a80be8000-778a80bfa000 r-xp 00002000 08:14 2895716                    /usr/lib/x86_64-linux-gnu/libz.so.1.3
778a80bfa000-778a80c00000 r--p 00014000 08:14 2895716                    /usr/lib/x86_64-linux-gnu/libz.so.1.3
778a80c00000-778a80c01000 r--p 0001a000 08:14 2895716                    /usr/lib/x86_64-linux-gnu/libz.so.1.3
778a80c01000-778a80c02000 rw-p 0001b000 08:14 2895716                    /usr/lib/x86_64-linux-gnu/libz.so.1.3
778a80c02000-778a80c0a000 rw-s 00000000 08:14 524648                     /tmp/hsperfdata_hazemzooma/45065
778a80c0a000-778a80c0c000 r--p 00000000 08:14 3409338                    /usr/lib/jvm/java-21-openjdk-amd64/lib/libinstrument.so
778a80c0c000-778a80c12000 r-xp 00002000 08:14 3409338                    /usr/lib/jvm/java-21-openjdk-amd64/lib/libinstrument.so
778a80c12000-778a80c15000 r--p 00008000 08:14 3409338                    /usr/lib/jvm/java-21-openjdk-amd64/lib/libinstrument.so
778a80c15000-778a80c16000 r--p 0000a000 08:14 3409338                    /usr/lib/jvm/java-21-openjdk-amd64/lib/libinstrument.so
778a80c16000-778a80c17000 rw-p 0000b000 08:14 3409338                    /usr/lib/jvm/java-21-openjdk-amd64/lib/libinstrument.so
778a80c17000-778a80c18000 ---p 00000000 00:00 0 
778a80c18000-778a80c19000 r--p 00000000 00:00 0 
778a80c19000-778a80c1a000 ---p 00000000 00:00 0 
778a80c1a000-778a80c1c000 r--p 00000000 08:14 3409346                    /usr/lib/jvm/java-21-openjdk-amd64/lib/libjimage.so
778a80c1c000-778a80c1f000 r-xp 00002000 08:14 3409346                    /usr/lib/jvm/java-21-openjdk-amd64/lib/libjimage.so
778a80c1f000-778a80c20000 r--p 00005000 08:14 3409346                    /usr/lib/jvm/java-21-openjdk-amd64/lib/libjimage.so
778a80c20000-778a80c21000 r--p 00006000 08:14 3409346                    /usr/lib/jvm/java-21-openjdk-amd64/lib/libjimage.so
778a80c21000-778a80c22000 rw-p 00007000 08:14 3409346                    /usr/lib/jvm/java-21-openjdk-amd64/lib/libjimage.so
778a80c22000-778a80c24000 rw-p 00000000 00:00 0 
778a80c24000-778a80c26000 r--p 00000000 00:00 0                          [vvar]
778a80c26000-778a80c28000 r--p 00000000 00:00 0                          [vvar_vclock]
778a80c28000-778a80c2a000 r-xp 00000000 00:00 0                          [vdso]
778a80c2a000-778a80c2b000 r--p 00000000 08:14 2920870                    /usr/lib/x86_64-linux-gnu/ld-linux-x86-64.so.2
778a80c2b000-778a80c56000 r-xp 00001000 08:14 2920870                    /usr/lib/x86_64-linux-gnu/ld-linux-x86-64.so.2
778a80c56000-778a80c60000 r--p 0002c000 08:14 2920870                    /usr/lib/x86_64-linux-gnu/ld-linux-x86-64.so.2
778a80c60000-778a80c62000 r--p 00036000 08:14 2920870                    /usr/lib/x86_64-linux-gnu/ld-linux-x86-64.so.2
778a80c62000-778a80c64000 rw-p 00038000 08:14 2920870                    /usr/lib/x86_64-linux-gnu/ld-linux-x86-64.so.2
7fff93bdd000-7fff93bfe000 rw-p 00000000 00:00 0                          [stack]
ffffffffff600000-ffffffffff601000 --xp 00000000 00:00 0                  [vsyscall]
Total number of mappings: 2913

JVMTI agents:
/snap/intellij-idea-ultimate/682/lib/idea_rt.jar path:none, loaded, initialized, instrumentlib options:42417


VM Arguments:
jvm_args: -javaagent:/snap/intellij-idea-ultimate/682/lib/idea_rt.jar=42417 -Dfile.encoding=UTF-8 -Dsun.stdout.encoding=UTF-8 -Dsun.stderr.encoding=UTF-8 
java_command: chickenEggs.chickenEggsGame
java_class_path (initial): /mnt/storage/Downloads/chickenEgg1/out/production/team project:/mnt/storage/Downloads/Jogl-2.6.0/gluegen-rt-natives-linux-amd64.jar:/mnt/storage/Downloads/Jogl-2.6.0/gluegen-rt.jar:/mnt/storage/Downloads/Jogl-2.6.0/jogl-all-natives-linux-amd64.jar:/mnt/storage/Downloads/Jogl-2.6.0/jogl-all.jar
Launcher Type: SUN_STANDARD

[Global flags]
     intx CICompilerCount                          = 4                                         {product} {ergonomic}
     uint ConcGCThreads                            = 2                                         {product} {ergonomic}
     uint G1ConcRefinementThreads                  = 8                                         {product} {ergonomic}
   size_t G1HeapRegionSize                         = 1048576                                   {product} {ergonomic}
    uintx GCDrainStackTargetSize                   = 64                                        {product} {ergonomic}
   size_t InitialHeapSize                          = 130023424                                 {product} {ergonomic}
   size_t MarkStackSize                            = 4194304                                   {product} {ergonomic}
   size_t MaxHeapSize                              = 2053111808                                {product} {ergonomic}
   size_t MaxNewSize                               = 1231028224                                {product} {ergonomic}
   size_t MinHeapDeltaBytes                        = 1048576                                   {product} {ergonomic}
   size_t MinHeapSize                              = 8388608                                   {product} {ergonomic}
    uintx NonNMethodCodeHeapSize                   = 5839372                                {pd product} {ergonomic}
    uintx NonProfiledCodeHeapSize                  = 122909434                              {pd product} {ergonomic}
    uintx ProfiledCodeHeapSize                     = 122909434                              {pd product} {ergonomic}
    uintx ReservedCodeCacheSize                    = 251658240                              {pd product} {ergonomic}
     bool SegmentedCodeCache                       = true                                      {product} {ergonomic}
   size_t SoftMaxHeapSize                          = 2053111808                             {manageable} {ergonomic}
     bool UseCompressedOops                        = true                           {product lp64_product} {ergonomic}
     bool UseG1GC                                  = true                                      {product} {ergonomic}

Logging:
Log output configuration:
 #0: stdout all=warning uptime,level,tags foldmultilines=false
 #1: stderr all=off uptime,level,tags foldmultilines=false

Environment Variables:
PATH=/usr/local/sbin:/usr/local/bin:/usr/sbin:/usr/bin:/sbin:/bin:/usr/games:/usr/local/games:/snap/bin:/snap/bin
USERNAME=hazemzooma
SHELL=/bin/bash
DISPLAY=:1
LANG=en_US.UTF-8

Active Locale:
LC_ALL=en_US.UTF-8
LC_COLLATE=en_US.UTF-8
LC_CTYPE=en_US.UTF-8
LC_MESSAGES=en_US.UTF-8
LC_MONETARY=en_US.UTF-8
LC_NUMERIC=en_US.UTF-8
LC_TIME=en_US.UTF-8

Signal Handlers:
   SIGSEGV: crash_handler in libjvm.so, mask=11100100010111111101111111111110, flags=SA_RESTART|SA_SIGINFO, unblocked
    SIGBUS: crash_handler in libjvm.so, mask=11100100010111111101111111111110, flags=SA_RESTART|SA_SIGINFO, unblocked
    SIGFPE: crash_handler in libjvm.so, mask=11100100010111111101111111111110, flags=SA_RESTART|SA_SIGINFO, unblocked
   SIGPIPE: javaSignalHandler in libjvm.so, mask=11100100010111111101111111111110, flags=SA_RESTART|SA_SIGINFO, blocked
   SIGXFSZ: javaSignalHandler in libjvm.so, mask=11100100010111111101111111111110, flags=SA_RESTART|SA_SIGINFO, blocked
    SIGILL: crash_handler in libjvm.so, mask=11100100010111111101111111111110, flags=SA_RESTART|SA_SIGINFO, unblocked
   SIGUSR2: SR_handler in libjvm.so, mask=00000000000000000000000000000000, flags=SA_RESTART|SA_SIGINFO, blocked
    SIGHUP: UserHandler in libjvm.so, mask=11100100010111111101111111111110, flags=SA_RESTART|SA_SIGINFO, blocked
    SIGINT: UserHandler in libjvm.so, mask=11100100010111111101111111111110, flags=SA_RESTART|SA_SIGINFO, blocked
   SIGTERM: UserHandler in libjvm.so, mask=11100100010111111101111111111110, flags=SA_RESTART|SA_SIGINFO, blocked
   SIGQUIT: UserHandler in libjvm.so, mask=11100100010111111101111111111110, flags=SA_RESTART|SA_SIGINFO, blocked
   SIGTRAP: crash_handler in libjvm.so, mask=11100100010111111101111111111110, flags=SA_RESTART|SA_SIGINFO, unblocked


Periodic native trim disabled

---------------  S Y S T E M  ---------------

OS:
DISTRIB_ID=Ubuntu
DISTRIB_RELEASE=24.04
DISTRIB_CODENAME=noble
DISTRIB_DESCRIPTION="Ubuntu 24.04.3 LTS"
uname: Linux 6.14.0-33-generic #33~24.04.1-Ubuntu SMP PREEMPT_DYNAMIC Fri Sep 19 17:02:30 UTC 2 x86_64
OS uptime: 0 days 2:32 hours
libc: glibc 2.39 NPTL 2.39 
rlimit (soft/hard): STACK 8192k/infinity , CORE 0k/infinity , NPROC 30535/30535 , NOFILE 1048576/1048576 , AS infinity/infinity , CPU infinity/infinity , DATA infinity/infinity , FSIZE infinity/infinity , MEMLOCK 1002228k/1002228k
load average: 5.60 4.28 4.66

/proc/meminfo:
MemTotal:        8017836 kB
MemFree:         1372148 kB
MemAvailable:    2669096 kB
Buffers:           52324 kB
Cached:          1848944 kB
SwapCached:       163408 kB
Active:          4023268 kB
Inactive:        1434948 kB
Active(anon):    2981468 kB
Inactive(anon):   989848 kB
Active(file):    1041800 kB
Inactive(file):   445100 kB
Unevictable:      345084 kB
Mlocked:            9880 kB
SwapTotal:       8696828 kB
SwapFree:        6736092 kB
Zswap:                 0 kB
Zswapped:              0 kB
Dirty:              1860 kB
Writeback:             0 kB
AnonPages:       3883752 kB
Mapped:           530580 kB
Shmem:            414308 kB
KReclaimable:     126368 kB
Slab:             449900 kB
SReclaimable:     126368 kB
SUnreclaim:       323532 kB
KernelStack:       27360 kB
PageTables:        52668 kB
SecPageTables:      2880 kB
NFS_Unstable:          0 kB
Bounce:                0 kB
WritebackTmp:          0 kB
CommitLimit:    12705744 kB
Committed_AS:   17316816 kB
VmallocTotal:   34359738367 kB
VmallocUsed:      222224 kB
VmallocChunk:          0 kB
Percpu:             8480 kB
HardwareCorrupted:     0 kB
AnonHugePages:         0 kB
ShmemHugePages:        0 kB
ShmemPmdMapped:        0 kB
FileHugePages:         0 kB
FilePmdMapped:         0 kB
Unaccepted:            0 kB
HugePages_Total:       0
HugePages_Free:        0
HugePages_Rsvd:        0
HugePages_Surp:        0
Hugepagesize:       2048 kB
Hugetlb:               0 kB
DirectMap4k:      540256 kB
DirectMap2M:     7737344 kB
DirectMap1G:           0 kB

/sys/kernel/mm/transparent_hugepage/enabled: always [madvise] never
/sys/kernel/mm/transparent_hugepage/hpage_pmd_size: 2097152
/sys/kernel/mm/transparent_hugepage/defrag (defrag/compaction efforts parameter): always defer defer+madvise [madvise] never

Process Memory:
Virtual Size: 12112376K (peak: 12112380K)
Resident Set Size: 557640K (peak: 557640K) (anon: 435796K, file: 110324K, shmem: 11520K)
Swapped out: 0K
C-Heap outstanding allocations: 246586K, retained: 69565K
glibc malloc tunables: (default)

/proc/sys/kernel/threads-max (system-wide limit on the number of threads): 61071
/proc/sys/vm/max_map_count (maximum number of memory map areas a process may have): 1048576
/proc/sys/vm/swappiness (control to define how aggressively the kernel swaps out anonymous memory): 60
/proc/sys/kernel/pid_max (system-wide limit on number of process identifiers): 4194304

container information not found.
Steal ticks since vm start: 0
Steal ticks percentage since vm start:  0.000

CPU: total 8 (initial active 8) (4 cores per cpu, 2 threads per core) family 6 model 142 stepping 10 microcode 0xf6, cx8, cmov, fxsr, ht, mmx, 3dnowpref, sse, sse2, sse3, ssse3, sse4.1, sse4.2, popcnt, lzcnt, tsc, tscinvbit, avx, avx2, aes, erms, clmul, bmi1, bmi2, adx, fma, vzeroupper, clflush, clflushopt, rdtscp, f16c
CPU Model and flags from /proc/cpuinfo:
model name	: Intel(R) Core(TM) i5-8250U CPU @ 1.60GHz
flags		: fpu vme de pse tsc msr pae mce cx8 apic sep mtrr pge mca cmov pat pse36 clflush dts acpi mmx fxsr sse sse2 ss ht tm pbe syscall nx pdpe1gb rdtscp lm constant_tsc art arch_perfmon pebs bts rep_good nopl xtopology nonstop_tsc cpuid aperfmperf pni pclmulqdq dtes64 monitor ds_cpl vmx est tm2 ssse3 sdbg fma cx16 xtpr pdcm pcid sse4_1 sse4_2 x2apic movbe popcnt tsc_deadline_timer aes xsave avx f16c rdrand lahf_lm abm 3dnowprefetch cpuid_fault epb pti ssbd ibrs ibpb stibp tpr_shadow flexpriority ept vpid ept_ad fsgsbase tsc_adjust bmi1 avx2 smep bmi2 erms invpcid mpx rdseed adx smap clflushopt intel_pt xsaveopt xsavec xgetbv1 xsaves dtherm ida arat pln pts hwp hwp_notify hwp_act_window hwp_epp vnmi md_clear flush_l1d arch_capabilities

Online cpus: 0-7
Offline cpus: 
BIOS frequency limitation: <Not Available>
Frequency switch latency (ns): 0
Available cpu frequencies: <Not Available>
Current governor: powersave
Core performance/turbo boost: <Not Available>

Memory: 4k page, physical 8017836k(2669096k free), swap 8696828k(6736092k free)
Page Sizes: 4k

vm_info: OpenJDK 64-Bit Server VM (21.0.8+9-Ubuntu-0ubuntu124.04.1) for linux-amd64 JRE (21.0.8+9-Ubuntu-0ubuntu124.04.1), built on 2025-07-16T21:55:59Z by "buildd" with gcc 13.3.0

END.
